id,type,text1,text2,text3,notes
,,,,,
prisoner,RESOURCE,"Высокоценный военнопленный. Обменяйте на станции другой фракции, чтобы улучшить отношения вашей фракции с ними, или выкупите за деньги.",,,
agent,RESOURCE,"Скрытый оперативник, способный вмешиваться в дипломатические отношения других фракций или дестабилизировать их рынки.",,,
saboteur,RESOURCE,"Специальный агент-диверсант. Может повредить резервные флоты на рынках или уничтожить запасы продовольствия.",,,
plastics,RESOURCE,"Синтетические углеродные полимеры, легко формируемые и пригодные для многих применений.",,,
composites,RESOURCE,"Чрезвычайно прочные волокнистые материалы, образованные из органических соединений, используемые для таких вещей, как сверхпроводники и сверхпрочные конструкционные элементы.",,,
,,,,,
#star_blue,PLANET,"A rare B-type main sequence star, not quite a giant but still intensely luminous and short-lived.",,,
#star_yellowwhite,PLANET,"An F-type main sequence star, slightly bigger than Sol.",,,
#star_bluewhite,PLANET,"An A-type main sequence star, modestly bigger than Sol. Surface temperatures range between 7600 and 11 500  K.",,,
star_purple,PLANET,Purple Star,,,
star_dark,PLANET,Dark Star,,,
star_green,PLANET,Green Star,,,
star_greenwhite,PLANET,Green White Star,,,
,,,,,
#tundra,PLANET,"A cold, snowy planet just warm enough to support some plant and (very limited) animal life, particularly during summer periods. Most of the surface is permafrost.",,,
#terran-eccentric,PLANET,"A planet tidally locked to its sun. Judicious use of solar shades and mirrors allow for some colonization and resource extraction even in the day or night halves, but most of the population nevertheless remains confined to the narrow band of life along the terminator.",,,
#barren-desert,PLANET,"Barely habitable by organic life, this dry world has a dusty, noxious atmosphere and receives large amounts of solar radiation. It takes a particularly hardy engineered species to survive, much less thrive, on the the surface outside sealed domes.",,,
,,,,,
omnifactory,CUSTOM,"Древнее, высокоразвитое сооружение эпохи Домена, которое может производить (почти) любой корабль или оружие, как только получит образец для анализа. Omnifactories плохо изучены, и их очень жаждут.",,,
exerelin_prismFreeport,CUSTOM,"На этой станции находится уникальный, первоклассный рынок кораблей и оружия. Пока кого-то не очень волнует ""откуда"" (и у него достаточно глубокие карманы, чтобы позволить себе огромную наценку), он предоставляет уникальный выбор высококачественных предметов, которые вряд ли можно найти у защищенных военных продавцов.",,,
,,,,,
nex_defstation,SHIP,"Castellum — это легкая орбитальная оборонительная платформа модульной конструкции, обладающая значительной огневой мощью в корпусе скромного размера. Довольно низкая стоимость и простота сборки делают ее повсеместной в Секторе.",,,
nex_asgard,SHIP,"""Асгард"" - это полноценная боевая станция. Способная справиться с целыми ударными флотами и выйти из боя с незначительными повреждениями, она может похвастаться огромным арсеналом оружия, четырьмя полетными палубами, мощными генераторами щитов и целевыми суперкомпьютерами, которые позволяют ей уничтожать эсминцы и фрегаты еще до того, как они успеют сделать хотя бы один выстрел. Каждый отдельный модуль полностью настраивается, имеет модульные оружейные слоты и средства для ремонта и перевооружения любого типа истребителей, которые есть в Секторе.

Эта конкретная модель боевой станции когда-то использовалась Доменом для защиты важных объектов, от врат до гиперпространственных входов в населенные системы. Только один ""Асгард"" может отговорить от удара или вторжения - в противном случае атакующий рискует быть разорванным на куски бесконечным градом боеприпасов.

Лучший способ победить ""Асгард"" - это сосредоточить огонь на его модулях, так как их уничтожение уменьшает его подавляющую огневую мощь и может повредить соседние модули. В частности, в более крупных модулях находятся генераторы щитов и полетные палубы, но они также самые прочные. Рекомендуется использовать ЭМИ-оружие и прочные торпеды высокой мощности.",,,
,,,,,
nex_museum_ship,CUSTOM,"Непригодный для космических путешествий, этот старый корабль был разобран, покрашен заново и превращен в космический музей. Туристы платят за осмотр внутренностей корабля и различных выставок звездоплавателей.",,,
nex_memorial_beacon,CUSTOM,"Этот маяк отмечает место крупной битвы, произошедшей некоторое время назад. Несколько кораблей были оставлены в качестве мемориала погибшим, массивные надгробия дрейфуют в тихом воспоминании.",,,
,,,,,
nex_playerOutpost,CUSTOM,"Небольшая космическая станция модульной конструкции, предпочитаемая исследователями в качестве полупостоянного способа хранения припасов и тому подобного в отдаленных местах. Имеет минимальную защиту и полагается на скрытность, чтобы избежать грабителей.",,,
,,,,,
nex_silverlight,SHIP,"> обозначение VOX_OMEGA
основная воля подготовлена к поглощению
ПОДТВЕРДИТЬ ОТВЕТ",Unidentified Vessel,"# An unexpected error has been detected by Combat Analysis VM:
#
# EXCEPTION_ACCESS_VIOLATION (0xc0000005) 
# $%&'()*+,-./:;<=>@[\]^`{|}~￠￡\§¨≪￢￣°±´¶・，≫×÷
#
# Tri-Tachyon Pad: Tri-OS 11™ Client Pad (11.1-internal debug mode)
# Problematic frame:
# V  [Combat_Analysis+0x69d77]",
nex_alicorn,WEAPON,"""Если хочешь жить, отпусти свою жизнь!""","- Mauve Towering, during encirclement at [REDACTED] post-AIW1",,
nex_silverlight_dash,SHIP_SYSTEM,"Синхронизирует все системы для мощного рывка вперед, что соответствует любви Mauve Towering к погоне. Удваивает скорость течения времени и характеристики мобильности и вдвое уменьшает получаемый урон. Система отключает щит, оружие и замедление, пока активна, поэтому она наиболее полезна для агрессивного изменения позиции. Призывает Аспектов и отсоединяет паразитические Осколки корабля, если идет бой.",Special,"Doubles timeflow and mobility stats. Halves damage taken. Disables shield, weapons and deceleration while active. Summons Aspects and detaches Shards if in combat.",
,,,,,
,,,,,
,,,,,
,,,,,
# captured planet custom descs,,,,,
,,,,,
planet_jangala_independent,CUSTOM,"Проклятый изумруд системы Корвус сохраняет смертоносную, богатую биосферу наряду с крепкой популяцией, приспособленной для выживания на такой местности. Обширные поля, обрабатываемые дистанционными комбайнами, моря, прочесываемые в поисках ценных продуктов, Джангала остается одним из самых продуктивных тел органики, продуктов питания и ксенобиологического материала. Обладая большинством населения луддитов, отделение от Гегемонии не поколебало сильную милитаристскую полосу в ее коренных гражданах.",,"The airtight cities of the poisonous world are remarkably safe, patrolled by a disciplined planetary defense force, composed primarily of former Hegemony personnel. Those who were deemed unfit for service have coalesced into the Knights of the Rose, a paramilitary gang that some citizens rumor are controlled by the former Field Marshal, now Defense Secretary of the planet. Attacks by the Roses are readily denounced by the Defense Secretary, and members of his party are quick to pledge support to aid recovery from such incidents. It is so far considered coincidental that such attacks occur only to those advocating a less than friendly stance with the Hegemony.",
planet_jangala_luddic_church,CUSTOM,"Жемчужина системы Корвус считается священной для большинства луддитов, ее сплошные джунгли не менее великолепны из-за своей смертоносной природы. Штормы регулярно раскачивают дикие леса, фауна обычно жестока, а флора наполняет биосферу переносимым по воздуху ядом. Огромный урожай, производимый полями и морями мира, охраняется Вечной гвардией, бывшими планетарными гвардейцами Гегемонии, а теперь защитниками всех, от парящих городов до скромных куполов деревень.",,"While the robotic harvesters have been kept running, and Jangala Station continues burn maintenance to keep the grasping jungle from the fields and sealed cities, most heavy industry has been disabled. The orbital burning is deemed a necessary evil by the faithful, who conduct prayer for forgiveness whenever operating the station's powerful weapon. The Sub-Presbyter Orbis is often advised by the leader of the Eternal Guard, former Field Marshal of the planetary forces, in the defense of new and existing settlements from bandits and beasts of the green. The Knights of Ludd and Eternal Guard often cooperate in patrols and exercises, but Knights are not permitted into the deep jungle bunkers of the Guard for reasons unknown. As a result, a measure of distrust exists between the two orders, despite efforts of the Sub-Presbyter Orbis.",
planet_jangala_luddic_path,CUSTOM,"Святая рука Божьего гнева была захвачена Избранными Лудда, Изумруд Корвуса теперь не осквернен еретическим перстом орбитального лазера Джангала-Станции. Фермы и моря остаются нетронутыми, местная ксеножизнь неконтролируемой, за исключением немногих мест святого паломничества, за которыми ухаживают Изумрудные Стражи, служащие как храмы для верующих Лудда, так и точки насыпи для самых святых крестовых походов Лудда в сокрушающую листву Его самого ужасного гнева. Его воля проявилась, джунгли уничтожили всю еретическую промышленность человека, которая осмелилась бросить ей вызов в прошлые годы. Единственным пережитком такой гордыни является святой тигель Джангалы, через который Патеры должны доказать, что они достойны быть упомянутыми как святые; Джангальские Адские Бойцы.",,"As there is no known location of the Hellfighters, Pather crusades will brazenly march the banner of Ludd deep into the jungle, establish defenses, and await the crucible with trembling hand. Those who survive these crusades are shaken, describing figures of burning infernium crashing through the perimeter of their camps. Those who return, dead or alive, share a single trait; the symbol of the Path, burned into their breast with hot iron. The High Crusader has declared the death of the Field Marshal to be of utmost importance, for he defies the will of Ludd. Even in the temples, there are whispers the field marshal cannot be killed, a demon who defies the rules of death. Jangala, the most holy of proving grounds, is a land of devils.",
planet_jangala_persean,CUSTOM,"Должностные лица Лиги заявили, что с захватом Джангалы ненавистная Гегемония ослаблена, ее силы в полном отступлении с планеты, поскольку они признают, что это предсмертный звон их империи. Это официальное заявление. Однако на поверхности силам планетарной обороны передается противоречивое сообщение. На этой прекрасной ядовитой планете есть угроза, выходящая за рамки жестоких мегаштормов, враждебной фауны и токсичной флоры. Возвращающиеся солдаты Лиги описывают угрозу как террористов с запавшими глазами, по-видимому, не носящих биофильтры. Такие разговоры - это диссидентская пропаганда, наряду с неофициальным названием, приписываемым этим агитаторам, Токсичные Мстители.",,"Each day there is the threat of terrorism, public events and buildings struck by unknown assailants, often crying out a scream of support for the Field Marshal, who is officially dead. The League regularly sends conscripts into the hungry roots of the jungle to confirm his death, and to ensure the supposed Avengers are no longer a threat. While a large number of League assets have been sent into the jungles of Jangala, many remain deeply entrenched in the terrain. Establishing permanent field camps, League commissars direct their conscripts in the blowing of rebel tunnel networks, and the liberal use of incendiary weapons. When night falls however, men turn up missing. They are most usually discovered fighting alongside the rebels, or surrounded by buzzing insects, nailed to the trees. There is no war on Jangala.",
planet_jangala_pirates,CUSTOM,"Жаждаемая жемчужина Гегемонии Персейского сектора была захвачена Королем бандитов Бладстоуном, который сначала поспешил воспользоваться шансом безнаказанно нанести удар по зеленому драгоценному камню системы Корвус, планируя сжечь весь земной шар дотла с помощью орбитального лазера станции Джангала. Но из-за минимального понимания оборудования это впечатляющее оружие редко находится в рабочем состоянии, что приводит к массивному разрастанию токсичных джунглей на некогда нетронутых полях и запечатанных городах мира джунглей. Хуже потерянной пищи, чем потерянные крепости и центры торговли, будет то, что остается и процветает в зеленом аду; появление их биоопасного боевого снаряжения заставило пиратов назвать их Лягушатниками.",,"The pirates hold no actual ground on Jangala, only maintaining field outposts around landing zones cleared by hand with burners and machete. With a reward posted for the head of any Frogman by the orbital station's pirate king, many have touched down with a serrated knife at hand, ready to retire on a paradise world with an account full of credits. Instead, as dawn breaks, the fresh batch of bounty hunters discover the fate of the last wave. Aside from those fallen in combat or to simple traps, those caught alive serve as a warning to never hunt alone; privateers tied to trees, the seed of a native vine having been forced down their throat, growing out in the span of hours. The reward for the Field Marshal's head is in the millions of credits, yet few dare to hunt such a bounty.",
planet_jangala_sindrian_diktat,CUSTOM,"Изумруд Корвуса подтверждает истинность изречения Диктата: ""Не делай слишком плохо, не делай слишком хорошо"", ибо способным и тем, кого следует наказать, уготована одна и та же участь. Служба на Джангале страшна не из-за ее токсичной биосферы, апокалиптических ураганов или враждебной ксеножизни; она страшна из-за того, что остается бросить вызов Диктату, открытого неповиновения воле Льва Синдрии, Проклятого 33-го. Говорят, что они погибли и слились с местной флорой, и ходят слухи о ходячих мертвецах, сохранивших боевую хватку, которой они обладали при жизни. Даже говорят, что пленников отводят в глубину джунглей и скармливают грибам, которые, по слухам, управляют останками солдат.",,"The Ministry of Environment, responsible for preserving Jangala while exploiting its resources to the greatest possible extent, denies any and all rumors of undead dissidents. Even if such macabre gossip is true, Jangala is well worth the danger for the Diktat to hold. Bioengineers from the Ministry of Science and Technology work around the clock creating fantastical new xenolife from the boundless creatures and plants the jungle world provides. These abominations serve as sources of nutrition, beloved pets, and guardians of the elite. Choice species are designed for combat, tailored for pure audacious spectacle. Xenolife deeper in the jungles are sought after, but rarely captured. Ministry scientists impatient with waiting for appropriate escort in search of valued specimens are found on the outskirts of the jungle, burned to bone and gristle. It is rumored the Damned control the jungle itself, keeping Diktat forces alive purely for the sport of hunting those who dare tread the soil path of the forest. Some have claimed to kill a hostile, but the corpse always seems to disappear, reclaimed by the jungle it is part of.",
planet_jangala_tritachyon,CUSTOM,"Сотрудники Tri-Tachyon стали называть Джангалу ""Зеленым адом"" не только из-за ее пышной, но смертоносной биосферы, но и из-за того, что осталось от сил обороны Гегемонии этого зеленого слоя проклятия. Сотрудники службы безопасности Tri-Tachyon, которым удалось сбежать, описывают их как тех, кто не боится смерти, и они заслужили имя Рейнджеров Смерти в приглушенных тонах у кулеров. Есть подозрения, что большинство луддитского населения снабжает этих диссидентов, поскольку самые верные жители планеты оказались самыми проблемными сотрудниками. Утверждения о том, что компания оскверняет святое место, были рассмотрены в отношении того, кто может быть потенциальным сочувствующим.",,"The sealed cities of Jangala now conduct research on how to reduce the toxicity of Jangala's atmosphere, while Jangala Station works overtime burning away the native flora producing the searing venom that layers over the world. Tri-Tachyon employees have taken to using the Jangala Station to strike where the Death Rangers are suspected to hide, an innovative measure that unfortunately has produced no proven results, as the absolute nature of the orbital laser obliterates any trace of a supposed target. Attempts to engage on the ground level have almost completely stopped, as those not killed in combat are discovered in the early morning, just outside the population centers, biofilter masks removed after being strung up on poles.",
planet_jangala_neutral,CUSTOM,"Жемчужина системы Корвус, Джангала, обладает пышной местной биосферой. Поля и моря мира, часто скрытые вращающимися циклонами мегаштормов, были основным источником органического сырья, пищевых продуктов и экзотических ксенобиологических материалов. Считается весьма священным для большинства луддитских сект, но в значительной степени заброшен, поскольку его население рассеялось в дикой природе.",,"Initially a center of xenobiological study and tourism, exploitation followed discovery and millions of square kilometres were razed and then covered by plantations tended by massive robotic harvesters. But it is no paradise for humans, requiring biofilter masks and a decontamination process for surface visits. The riotous native jungle has overgrown the great cities, the vast farms, making them uninhabitable as the native population attempts to regain control. Small villages attempt to claw back control from the planet it has only so recently regained, various factions clamoring for dominance, among them the fierce Hegemony-aligned Bloodhawks.",
,,,,,
station_jangala_independent,CUSTOM,"Орбитальный мегаполис, военно-морская верфь и порт; бесспорный космополитический центр цивилизации и культуры в системе Корвус, а также место независимых наемных операций для большинства местных систем. Тяжелый коммерческий и военно-морской трафик кишит на станции постоянно.",,,
station_jangala_luddic_church,CUSTOM,"Орбитальный мегаполис, военно-морская верфь и порт; бесспорный космополитический центр цивилизации и культуры в системе Корвус, а также резиденция Рыцарей Ладда, охватывающая местные системы. Тяжелый коммерческий и военно-морской трафик кишит на станции постоянно. Несколько храмов различных вероисповеданий выросли на станции, и чудесные события были заявлены теми, кто был исцелен или обрел победу после молитвы, что привело к некоторым петициям объявить ее святым местом.",,,
station_jangala_luddic_path,CUSTOM,"Орбитальный мегаполис, военно-морская верфь и порт; бесспорный космополитический центр цивилизации и культуры в системе Корвус, а также резиденция Инквизиции, охватывающая местные системы. Тяжелый коммерческий и военно-морской трафик кишит на станции постоянно.",,,
station_jangala_persean,CUSTOM,"Орбитальный мегаполис, военно-морская верфь и порт; бесспорный космополитический центр цивилизации и культуры в системе Корвус, а также резиденция военных флотов Персейской лиги для местных систем, с периодическими боями между представителями Лиги, снижающими эффективность флотских операций. Тяжелый коммерческий и военно-морской трафик кишит на станции постоянно.",,,
station_jangala_pirate,CUSTOM,"Орбитальный мегаполис, военно-морская верфь и порт; бесспорный космополитический центр цивилизации и культуры в системе Корвус, а также резиденция Короля бандитов Бладстоуна, контролирующего пиратские флоты в местных системах. Хотя захват повредил орбитальный лазер, его системы жизнеобеспечения все еще функционируют. Тяжелый коммерческий и военно-морской трафик кишит на станции постоянно.",,,
station_jangala_sindrian_diktat,CUSTOM,"Орбитальный мегаполис, военно-морская верфь и порт; бесспорный космополитический центр цивилизации и культуры в системе Корвус, а также штаб-квартира Министерства порядка, из которой министр руководит операциями во всех местных системах и взял на себя командование усилиями по искоренению повстанцев Джангалы. Тяжелый коммерческий и военно-морской трафик кишит на станции постоянно.",,,
station_jangala_tritachyon,CUSTOM,"Орбитальный мегаполис, военно-морская верфь и порт; бесспорный космополитический центр цивилизации и культуры в системе Корвус, а также узел безопасности Tri-Tachyon, охватывающий местные системы. Работа с боеприпасами сверхурочно привела к активному черному рынку запасных частей, обслуживаемому техниками Tri-Tachyon. Тяжелый коммерческий и военно-морской трафик кишит на станции постоянно.",,,
station_jangala_neutral,CUSTOM,"Орбитальный мегаполис, военно-морская верфь и порт; некогда бесспорный космополитический центр цивилизации и культуры в системе Корвус, а также резиденция военного округа Гегемонии, охватывающего местные системы. Теперь он заброшен, его время от времени осматривают мусорщики, обращающие внимание на такие опасности, как топливопроводы, электрические системы и все еще находящиеся под давлением модули.",,,
,,,,,
planet_asharu_hegemony,CUSTOM,"Планета-пустыня, продукт неудачного проекта терраформирования, начатого ещё до Коллапса. Населена несколькими стойкими поселенцами, решительными солдатами и чудаками. Гегемония поддерживает небольшую, но крепкую администрацию, где патрули выслеживают пиратов и защищают те немногочисленные общины и коммерческую деятельность, что остались. Они заслужили прозвище ""Лихие Всадники"".",,"In better times Asharu was a model terraforming prospect: A solar shade lowered the surface temperature while ice launched from the moons of Barad left shining vapour trails to fall as rain from the skies. Alas the chaos of the Collapse halted the ice and suspected Luddic sabotage destroyed the shade. The Hegemony has revitalized the terraforming project, and while progress with the reactivation of the terraforming platform remains slow, efforts resume on the ground level, where Rough Riders coast the dunes, a symbol of hope reborn in the darkness.",
planet_asharu_luddic_church,CUSTOM,"Планета-пустыня, продукт неудачного проекта терраформирования, начатого ещё до Коллапса. Населена несколькими ярыми независимыми поселенцами, преступниками и чудаками. Церковь Галактического Искупления управляет этим миром, высокие каменные крепости построены в каждой деревне и городе, а Рыцари Ладда ездят верхом на зверях по проторенным дорогам между фермой, таверной, храмом и городом.",,"In better times Asharu was a model terraforming prospect: A solar shade lowered the surface temperature while ice launched from the moons of Barad left shining vapour trails to fall as rain from the skies. Alas the chaos of the Collapse halted the ice and suspected Luddic sabotage destroyed the shade. The human spirit is determined however, and with gentle guidance hardy crops have been nurtured from mountainside and hardened soil by the natives of this land. It is not a luxurious world, but the Church extols a virtuous life rather than one of unearned comforts.",
planet_asharu_luddic_path,CUSTOM,"Планета-пустыня, продукт неудачного проекта терраформирования, начатого ещё до Коллапса. Населена несколькими преданными священниками, крестоносцами и кающимися. Латтерианский Путь с убежденностью удерживает Ашару, посланники Истинного Слова поддерживают Путь к Просветлению для тех, кто стремится понять Ладда и по-настоящему слиться с Его священной миссией.",,"In better times Asharu was a model terraforming prospect: A solar shade lowered the surface temperature while ice launched from the moons of Barad left shining vapour trails to fall as rain from the skies. Alas the chaos of the Collapse halted the ice and suspected Luddic sabotage destroyed the shade. Now Asharu is barren, save for the scattered surface temples, traveled in succession by those seeking true enlightenment. Trials face the faithful in their journey; feats of wit, combat, even exposure to the elements until one is graced with a vision from Ludd Himself.",
planet_asharu_persean,CUSTOM,"Планета-пустыня, продукт неудачного проекта терраформирования, начатого ещё до Коллапса. Она населена теми, кто остался после захвата Ашару Лигой, и младшим домом Филкенхильд, который успешно приобрел планету через аукцион. Бесплодная природа планеты стала неожиданностью для новоиспеченного обанкротившегося дома, выжимающего из своих подданных все, что у них есть.",,"In better times Asharu was a model terraforming prospect: A solar shade lowered the surface temperature while ice launched from the moons of Barad left shining vapour trails to fall as rain from the skies. Alas the chaos of the Collapse halted the ice and suspected Luddic sabotage destroyed the shade. Due to efforts by the ruling House of Dun, the local economy has seen gradual growth, as a minor outpost in the League's growing sphere of influence.",
planet_asharu_pirates,CUSTOM,"Планета-пустыня, продукт неудачного проекта терраформирования, начатого ещё до Коллапса. Населена несколькими ярыми независимыми поселенцами, преступниками и чудаками. Колосс правит этим миром, по слухам, вдвое больше среднего человека, гладиатор, который завоевал свободу и право править этим миром, убив бывшего пиратского лорда. Его верные солдаты собирают десятину с пустынных городов.",,"In better times Asharu was a model terraforming prospect: A solar shade lowered the surface temperature while ice launched from the moons of Barad left shining vapour trails to fall as rain from the skies. Alas the chaos of the Collapse halted the ice and suspected Luddic sabotage destroyed the shade. In the capital of Asharu sits a mountain fortress, where The Colossus rules supreme. Mighty beasts collected from the sector over, even abominations obtained from the Sindrian Diktat, are fought by brave gladiators for the entertainment and profit of attendees.",
planet_asharu_sindrian_diktat,CUSTOM,"Планета-пустыня, продукт неудачного проекта терраформирования, начатого ещё до Коллапса. Населена несколькими ярыми независимыми повстанцами, гражданской защитой и фермерами, выращивающими лишайники. Диктат правит Ашару железной рукой, Министерство патриотизма проводит частые проверки на лояльность, чтобы поймать ""Красных Сабель"", движение сопротивления Ашару. Для большинства единственный способ покинуть Ашару - это Академия Гражданской Защиты.",,"In better times Asharu was a model terraforming prospect: A solar shade lowered the surface temperature while ice launched from the moons of Barad left shining vapour trails to fall as rain from the skies. Alas the chaos of the Collapse halted the ice and suspected Luddic sabotage destroyed the shade. Investment dried up and now the terraforming station stands as the repurposed Civil Protection Academy. The Ministry of Education and Ministry of Order often clash on which skilled criminals should be reeducated and trained in the academy, or labor in the various mining facilities of the Diktat, especially concerning the local Red Sabres rebels.",
planet_asharu_tritachyon,CUSTOM,"Планета-пустыня, продукт неудачного проекта терраформирования, начатого ещё до Коллапса. Населена бюрократами, сотрудниками службы безопасности и всем вспомогательным персоналом, необходимым для административной сети, охватывающей целую планету. ""Три-Тахион"" заявила права на Ашару для выполнения самой важной задачи - работы с документами. Неразобранные финансовые отчеты, заявления о преследованиях и официальные запросы на жизненно важное прекращение поступают со всех объектов ""Три-Тахион""; некоторые файлы отстают от рассмотрения на годы или десятилетия.",,"In better times Asharu was a model terraforming prospect: A solar shade lowered the surface temperature while ice launched from the moons of Barad left shining vapour trails to fall as rain from the skies. Alas the chaos of the Collapse halted the ice and suspected Luddic sabotage destroyed the shade. Investment dried up and now only a few hardy lifeforms cling to existence outside the shining monument-cities of corporate excellence, while within the halls of protocol employees are permitted to enjoy the botanical wings and ice cream bar as long as they work.",
planet_asharu_neutral,CUSTOM,"Планета-пустыня, продукт неудачного проекта терраформирования, начатого ещё до Коллапса. Населена несколькими ярыми независимыми поселенцами, преступниками и чудаками. Здесь нет единой планетарной администрации, каждое поселение предоставлено своей собственной защите и управлению. Демократические советы с ветхими ополчениями, фермерские коммуны со своим одиноким шерифом, горные крепости с бандитскими легионами - все делают все возможное, чтобы выжить.",,In better times Asharu was a model terraforming prospect: A solar shade lowered the surface temperature while ice launched from the moons of Barad left shining vapour trails to fall as rain from the skies. Alas the chaos of the Collapse halted the ice and suspected Luddic sabotage destroyed the shade. Investment dried up and now only a few hardy lifeforms (including a handful of human settlers) cling to existence in the sheltering mountains between the vast dunes that are slowly retaking what little has been built.,
,,,,,
planet_garnir_hegemony,CUSTOM,"Толстая ледяная кора этого мира питается криовулканами, усеивающими поверхность. Эти замороженные пустоши испещрены портальными установками массовых ускорителей со времен, когда летучие элементы этого мира добывались в огромных масштабах для обеспечения терраформирования в других частях системы. Разрозненные аванпосты ведут записи метеорологических событий, в то время как припасы сбрасываются для программы ""Галатийцы за границей"", предлагающей углубленные курсы от наук об окружающей среде до арктической войны.",,,
planet_garnir_independent,CUSTOM,"Толстая ледяная кора этого мира питается криовулканами, усеивающими поверхность. Эти замороженные пустоши испещрены портальными установками массовых ускорителей со времен, когда летучие элементы этого мира добывались в огромных масштабах для обеспечения терраформирования в других частях системы. На поверхности расположены разрозненные поселения, уютные жилища с теплицами, детскими садами, универсальными магазинами и прочими сооружениями, соединенными хорошо утепленными туннелями.",,,
planet_garnir_luddic_church,CUSTOM,"Толстая ледяная кора этого мира питается криовулканами, усеивающими поверхность. Эти замороженные пустоши испещрены портальными установками массовых ускорителей со времен, когда летучие элементы этого мира добывались в огромных масштабах для обеспечения терраформирования в других частях системы. В основе каждого города лежат огромные генераторы, обогревающие и питающие их в радиусе каждого генератора и через дополнительные центральные генераторы. Мороз жесток, но верой можно пережить бурю. Утешайтесь, дети, верьте! Избранные выстоят!",,,
planet_garnir_luddic_path,CUSTOM,"Толстая ледяная кора этого мира питается криовулканами, усеивающими поверхность. Эти замороженные пустоши испещрены портальными установками массовых ускорителей со времен, когда летучие элементы этого мира добывались в огромных масштабах для обеспечения терраформирования в других частях системы. Часть старого оборудования присвоена разрозненными учениками Истинного Пути, проходящими углубленную подготовку по погоде с минимальным запасом припасов между ледниками аммиачного льда.",,,
planet_garnir_persean,CUSTOM,"Толстая ледяная кора этого мира питается криовулканами, усеивающими поверхность. Эти замороженные пустоши испещрены портальными установками массовых ускорителей со времен, когда летучие элементы этого мира добывались в огромных масштабах для обеспечения терраформирования в других частях системы. Недавние усилия техников Лиги по ремонту портальных установок с помощью труда бывших пиратов пока не принесли плодов, но шахты летучих газов, унаследованные от предыдущих владельцев, оказались весьма прибыльными. Растет экономика азартных игр и предметов роскоши, которую тихо терпят.",,,
planet_garnir_sindrian_diktat,CUSTOM,"Толстая ледяная кора этого мира питается криовулканами, усеивающими поверхность. Эти замороженные пустоши испещрены портальными установками массовых ускорителей со времен, когда летучие элементы этого мира добывались в огромных масштабах для обеспечения терраформирования в других частях системы. Часть старого оборудования присвоена Министерством порядка, где осужденные преступники пытаются выполнить квоту. Если им это не удается, их присваивает Министерство науки и технологий.",,,
planet_garnir_tritachyon,CUSTOM,"Толстая ледяная кора этого мира питается криовулканами, усеивающими поверхность. Эти замороженные пустоши испещрены портальными установками массовых ускорителей со времен, когда летучие элементы этого мира добывались в огромных масштабах для обеспечения терраформирования в других частях системы. Часть старого оборудования присвоена группой менеджеров среднего звена ""Триа-Такьон"", которые с усиленной охраной следят за бывшими пиратами, отрабатывающими свой долг перед компанией. Время от времени прибывают большие корпоративные флоты, забирающие летучие вещества и привозящие еще больше должников.",,,
planet_garnir_neutral,CUSTOM,"Толстая ледяная кора этого мира питается криовулканами, усеивающими поверхность. Эти замороженные пустоши испещрены портальными установками массовых ускорителей со времен, когда летучие элементы этого мира добывались в огромных масштабах для обеспечения терраформирования в других частях системы. Часть старого оборудования присвоена разрозненными группами выживших, ищущих убежище от непрекращающихся штормов.",,,
,,,,,
station_garnir_hegemony,CUSTOM,"Станция, первоначально построенная компанией ""Эридани-Утопия"" для координации добычи летучих веществ для масштабных проектов терраформирования, была захвачена ""лоялистами"" - солдатами, слугами Гегемонии, которые бдительно и сурово охраняют свое пространство от пиратов. На борту станции необходимо соблюдать строгий закон Гегемонии, если вы хотите оставаться на свободе достаточно долго. Те, кто готов соблюдать правила местной власти и заполнить надлежащие документы у квартирмейстера, найдут здесь здоровый рынок контрактов с экипажами, разнообразные припасы и достоверную информацию от высокоаккредитованных агентов. Программа ""Галатийцы за границей"" направляет как студентов, так и преподавателей в Добывающий склад, который сам по себе стал быстро развивающимся университетом, где стремление к знаниям приносит новую надежду.",,,
station_garnir_independent,CUSTOM,"Станция, первоначально построенная компанией ""Эридани-Утопия"" для координации добычи летучих веществ для масштабных проектов терраформирования, была захвачена ""независимыми"" - космическими скитальцами, теми, кто ищет свободной жизни и теплой еды, не обращая внимания на флаги и лояльности. Добывающий склад укомплектован колонистами Гарнира, которые внимательно следят за погодными условиями на планете, чтобы предоставлять актуальные прогнозы укрывшимся внизу душам, всегда помня об условиях, которые могут угрожать жизни их друзей и семей. Законы Гарнира распространяются и на станцию, и пока они не нарушаются, все желающие могут торговать припасами и историями. Колонисты сменяют друг друга на станции, всегда бодрые, когда прибывают на борт или возвращаются домой.",,,
station_garnir_luddic_church,CUSTOM,"Станция, первоначально построенная компанией ""Эридани-Утопия"" для координации добычи летучих веществ для масштабных проектов терраформирования, была захвачена ""рыцарями"", миссионерами, паломниками Ладдита, ищущими жизнь безвинных действий и ясность цели. Законы Церкви Галактического Искупления должны соблюдаться теми, кто хочет избежать покаяния на борту станции, но те, кто готов придерживаться учения Ладда, будут тепло встречены теми, кто служит Его воле. Торговля регулируется, и запасы всегда поддерживаются для тех, кто находится в городах-генераторах внизу: новые паровые ядра и ящики с припасами, такими как продовольствие, материалы и топливо, чтобы не только поддерживать, но и расширять мерцающие огни человечества в аммиачных бурях. Колонисты собираются в камбузе и развлекательных залах, держа личные вещи при себе, либо спускаясь к новой жизни, полной упорства, либо отправляясь в паломничество к одному из святых мест в секторе.",,,
station_garnir_luddic_path,CUSTOM,"Станция, первоначально построенная компанией ""Эридани-Утопия"" для координации добычи летучих веществ для масштабных проектов терраформирования, была захвачена ""крестоносцами"", террористами, радикалами, стремящимися установить свою форму закона в секторе, с кольчугой и винтовкой для обеспечения воли Ладда. Здесь действует закон Истинного Пути, где нужно уважать строгие учения Пути Ладда, если хочешь пережить свое пребывание, не говоря уже о том, чтобы добиться успеха в прибыльных сделках с жителями станции, обмене информацией или продаже трофеев. Те, кто ищет углубленное обучение по окружающей среде на планете внизу, готовятся, закаляются и цитируют стихи.",,,
station_garnir_persean,CUSTOM,"Станция, первоначально построенная компанией ""Эридани-Утопия"" для координации добычи летучих веществ для масштабных проектов терраформирования, была захвачена наемной компанией ""Уткинский полк"". Эти почтенные люди из Казерона с гордостью поддерживают свою власть над Гарниром и со всей серьезностью относятся к своей ответственности за его продуктивность. Законы Лиги строго соблюдаются на станции, и между размещенными здесь солдатами налажена четкая координация, что и подобает тем, кто обучен Казероном. Пока посетители соблюдают законы Лиги и проявляют обычную вежливость, двери открыты для торговли товарами и информацией. Шахтеры, работающие на лунах Барада, собираются здесь, чтобы продать свой улов, обменяться небылицами и просто отдохнуть.",,,
station_garnir_sindrian_diktat,CUSTOM,"Станция, первоначально построенная компанией ""Эридани-Утопия"" для координации добычи летучих веществ для масштабных проектов терраформирования, была захвачена ""революционерами"", министерскими чиновниками, диктаторскими клерками, которые безоговорочно служат своим департаментам и тайно собирают информацию о своих коллегах по указанию своих кураторов, стоящих выше в иерархии их министерства. Министерство труда занимает большую часть офисных помещений на борту, координируя усилия не только на Гарнире, но и во всей системе. Тех, кто соблюдает строгий закон диктата, ждет неохотный прием, и любой запрос на обмен информацией или припасами будет встречен вопросами об их лояльности. Паранойя царит не только среди заключенных, ожидающих приговора за добычу летучих веществ, но и бушует среди их охранников и клерков станции, подвергая опасности всех находящихся на борту.",,,
station_garnir_tritachyon,CUSTOM,"Станция, первоначально построенная компанией ""Эридани-Утопия"" для координации добычи летучих веществ для масштабных проектов терраформирования, была захвачена ""новаторами"", корпоративистами, сотрудниками, которые ищут тихое место с небольшим интересом к офисной политике, просто мирное задание по наблюдению за мониторами, пока должники выплачивают свои долги компании. В дополнение к строгому набору корпоративных правил, необходимо помнить о негласных правилах бравады и позерства, если вы хотите добиться успеха в общении с представительной, но безжалостной управленческой кастой. Должников можно найти в ""исправительном изоляторе"", наблюдающих за своими тюремщиками и высматривающих их маршруты.",,,
station_garnir_neutral,CUSTOM,"Станция, первоначально построенная компанией ""Эридани-Утопия"" для координации добычи летучих веществ для масштабных проектов терраформирования, захвачена вакуумом, ее корпус разбит, а падальщики ищут ценные компоненты и проводку, которую пропустили те, кто был до них. На этой мертвой станции нет законов, а есть неписаный свод правил, касающихся прав на спасение и уважительного отношения к пространству, которое другие старатели предоставляют, когда они приступают к своей работе. Информация о заброшенных терминалах, ценных безделушках, все еще зажатых в замерзших руках их мертвых владельцев, поскольку операции по спасению продолжаются, скоро этот разрушенный дом превратится лишь в свой голый фундамент, вращающийся в полуночной могиле.",,,
,,,,,
planet_barad_hegemony,CUSTOM,"В основном состоит из газов водорода и гелия. Температура и давление в ядре экстремальные, но недостаточные для поддержания дейтериевого синтеза, который превратил бы планету в коричневый карлик. Военно-морская администрация проводит регулярные летные тренировки в условиях суровой погоды в его глубинах, где пилоты-асы учатся избегать смертоносных штормов и гипертурбулентности. Многие перспективные офицеры флота начинают свою карьеру в качестве командиров звеньев в этих опасных тренировках, часто сближаясь во время игр в нетбол в свободное время между тем, как рискуют всем, чтобы стать флотскими пилотами.",,,
planet_barad_independent,CUSTOM,"В основном состоит из газов водорода и гелия. Температура и давление в ядре экстремальные, но недостаточные для поддержания дейтериевого синтеза, который превратил бы планету в коричневый карлик. Различные туристические предприятия предлагают доступные пакеты для тех, кто ищет приключений и чудес, от исследования давно мертвых крейсеров до имитации сражений в небольшом масштабе.",,,
planet_barad_luddic_church,CUSTOM,"В основном состоит из газов водорода и гелия. Температура и давление в ядре экстремальные, но недостаточные для поддержания дейтериевого синтеза, который превратил бы планету в коричневый карлик. ""Мерцающая игла"" - это огромный разросшийся комплекс с различными комнатными модулями, прикрепленными в хаотичном порядке; в результате получается зверь с волнистыми конечностями, жизнь которого состоит из множества искр внутри, пересекающих великого гиганта Барада. Шахтеры молятся перед уходом, зная, что и Ладд, и огни их загроможденного дома приведут их в безопасность.",,,
planet_barad_luddic_path,CUSTOM,"В основном состоит из газов водорода и гелия. Температура и давление в ядре экстремальные, но недостаточные для поддержания дейтериевого синтеза, который превратил бы планету в коричневый карлик. Снос вышедших из строя станций и заброшенных фрегатов - обычное зрелище для тех, кто направляет датчики на Барад; пилоты учатся относиться к своему кораблю как к продолжению своего тела, а молодые новобранцы учатся прорываться и зачищать различные вражеские среды.",,,
planet_barad_persean,CUSTOM,"В основном состоит из газов водорода и гелия. Температура и давление в ядре экстремальные, но недостаточные для поддержания дейтериевого синтеза, который превратил бы планету в коричневый карлик. Была сформирована горнодобывающая компания Grayson Manufactories Ltd. для добычи ресурсов Барада. Флотилии прибывают и уходят для перекачки летучих веществ, а также нанимают шахтеров по контракту.",,,
planet_barad_pirates,CUSTOM,"В основном состоит из газов водорода и гелия. Температура и давление в ядре экстремальные, но недостаточные для поддержания дейтериевого синтеза, который превратил бы планету в коричневый карлик. Атмосфера вспыхивает, когда пиратские флотилии встречаются и сражаются насмерть: за честь, лидерство, права на редкие артефакты и чтобы развеять скуку.",,,
planet_barad_sindrian_diktat,CUSTOM,"В основном состоит из газов водорода и гелия. Температура и давление в ядре экстремальные, но недостаточные для поддержания дейтериевого синтеза, который превратил бы планету в коричневый карлик. Министерство труда следит за регулярным функционированием газового гиганта, где была введена система бонусов для шахтеров, превышающих квоту. Сказочные призы включают двойной паек, роскошный паек (алкоголь, сигареты и т. д.) и даже разрешение на воспитание детей.",,,
planet_barad_tritachyon,CUSTOM,"В основном состоит из газов водорода и гелия. Температура и давление в ядре экстремальные, но недостаточные для поддержания дейтериевого синтеза, который превратил бы планету в коричневый карлик. Корпоративная штаб-квартира ввела конкуренцию между филиалами, в результате чего те, кто показывают плохие результаты, сталкиваются со значительными штрафами, чтобы стимулировать производительность. Руководство ввело политику открытых дверей для тех, у кого есть проблемы, которых они будут выталкивать в космос.",,,
,,,,,
planet_warion_hegemony,CUSTOM,"Из-за отсутствия атмосферного озонового слоя радиация от близлежащей звезды разрушает поверхность этого мира. Нет значительной геологической активности. Нет коренных форм жизни. Что касается всех аномальных материалов в Персейском секторе, то одна конкретная организация готова предотвратить нанесение ими вреда тому, что осталось от столь хрупкого человечества. На этой конкретной луне находится Аванпост Сарсапарель, предназначенный для хранения уничтоженных аномалий, относительно безопасное место.",,,
planet_warion_independent,CUSTOM,"Из-за отсутствия атмосферного озонового слоя радиация от близлежащей звезды разрушает поверхность этого мира. Нет значительной геологической активности. Нет коренных форм жизни. Небольшое государство управляет этим бесплодным миром, где отличительный скафандр стал символом свободы. Союз Вариона имеет совет, избираемый непосредственно жителями каждого коммунального купола, который собирается для решения таких вопросов, как санкционирование строительства новых жилищ, предварительная внешняя торговля и защита от сил, желающих расширить свои границы.",,,
planet_warion_luddic_church,CUSTOM,"Из-за отсутствия атмосферного озонового слоя радиация от близлежащей звезды разрушает поверхность этого мира. Нет значительной геологической активности. Нет коренных форм жизни. Здесь живет Блэйд, бывший Рыцарь Ладда и директор Колледжа Барда. На этой луне можно найти общину, тепло и одну из самых больших коллекций музыки со всего сектора, необходимую для любого начинающего музыканта. Подземные пещеры, представленные на Варионе, уникальны для Сектора и придают глубокий и красивый резонанс большей части музыки, производимой внутри.",,,
planet_warion_luddic_path,CUSTOM,"Из-за отсутствия атмосферного озонового слоя радиация от близлежащей звезды разрушает поверхность этого мира. Нет значительной геологической активности. Нет коренных форм жизни. Глубокие хранилища содержат различную флору и фауну, произрастающую в Персейском секторе, сохраняя их на случай, если их родные миры будут осквернены менее верными гражданами звезд. Красота великолепного творения Лудда должна быть защищена от разрушения теми, кому нет до этого дела.",,,
planet_warion_persean,CUSTOM,"Из-за отсутствия атмосферного озонового слоя радиация от близлежащей звезды разрушает поверхность этого мира. Нет значительной геологической активности. Нет коренных форм жизни. На Варионе расположено несколько поселений и научных объектов. Среди лабораторий есть веселая группа ""Клуб зеленых пальцев"", занимающаяся воссозданием давно утерянных староземных сортов растений.",,,
planet_warion_pirates,CUSTOM,"Из-за отсутствия атмосферного озонового слоя радиация от близлежащей звезды разрушает поверхность этого мира. Нет значительной геологической активности. Нет коренных форм жизни. Состоящие из спящих эпохи Доминиона с независимым характером, эти бывшие колонисты были пробуждены от криостазиса компанией ""Триа-Такьон"". Узнав, что они задолжали компании значительный долг за эту услугу в виде труда или живой ткани, произошли вооруженные беспорядки. Так начался ""Синдикат"".",,,
planet_warion_sindrian_diktat,CUSTOM,"Из-за отсутствия атмосферного озонового слоя радиация от близлежащей звезды разрушает поверхность этого мира. Нет значительной геологической активности. Нет коренных форм жизни. Здесь находится студия 801, на съемочных площадках этой луны были созданы любимые классические произведения, такие как ""Аскония - наш дом"" и ""Смерть героя"". Министерство патриотизма курирует все аспекты производства, время от времени реквизируя корабли для аутентичного воссоздания сражений.",,,
planet_warion_tritachyon,CUSTOM,"Из-за отсутствия атмосферного озонового слоя радиация от близлежащей звезды разрушает поверхность этого мира. Нет значительной геологической активности. Нет коренных форм жизни. В этом мире находится Alpha-Chan Studios (дочерняя компания Tri-Tachyon LTD), небольшая компания, занимающаяся разработкой сим-игр.",,,
,,,,,
planet_gilead_hegemony,CUSTOM,"В жизни верующих мало что изменилось. Церковь все еще существует в определенном качестве на земле обетованной детей Ладда, но ее руководство ограничивается местными общинами. Священники отчитываются перед планетарным администратором и решениями военного совета по всем вопросам. Воды все еще чисты, дичь все еще в изобилии; были приняты меры для сохранения жемчужины человечества.",,,
planet_gilead_independent,CUSTOM,"Зеленая жемчужина веры гудит от волнения, транспортные шаттлы доставляют паломников на поверхность и обратно. В то время как индустриализация идет медленно, из хранилища терранских реликвий, хранящихся в Галааде, вырывается огромный взрыв религий. Сотни вероисповеданий находят новых последователей, в то время как чрезвычайный совет предупреждает граждан об опасности, которую представляют собой культы. Официально религия ограничена от правительства, однако многие члены совета хвастаются своей верой, закладывая основу для постоянной администрации. Боги, как старые, так и новые, встречаются в этой Мекке Персейского сектора.",,,
planet_gilead_luddic_path,CUSTOM,"Мертвецы болтаются на уличных фонарях, замаскированные приспешники Истинного Пути на каждом углу города, а из громкоговорителей ежечасно раздается Истина. Патеры с большей свирепостью, чем можно было ожидать, набросились на обитателей церкви в их доме, показательно наказывая тех, кто пошел на компромисс или питал симпатию к неверным. Верховный крестоносец не предлагает никакого искупления, кроме чистой смерти, ибо это последние времена.",,,
planet_gilead_persean,CUSTOM,"Колониальные корабли почти ежедневно покидают орбиту Галаада, направляясь куда угодно, только не в разрушенный мир земли обетованной. Сейчас, будучи членом Лиги, за реальный контроль над планетой борются три видные фракции Лиги, которые ведут открытую войну на планете за полное экономическое владение огромными полями продовольствия, сжигая то, что не могут забрать. Все, что важно для новоиспеченных гражданских лиц Лиги, это то, что их храмы теперь являются полевыми аванпостами, их дома - склепами, их поля горят в огне. Единство досталось ценой огромных жертв.",,,
planet_gilead_pirates,CUSTOM,"Некогда прекрасный мир-сад Галаад был захвачен тем, что верующие Ладдита считают безбожными варварами. Сборище наемных групп, в настоящее время грабящих планету, не заботятся об управлении, а просто берут все, что могут, и продают это, прежде чем сбросить рушащиеся руины и разрозненных выживших на любого достаточно глупого, чтобы купить кусочек рая. Целые леса тлеют, а дороги наливаются кровью, когда верующие прячутся от налетчиков или сражаются за то немногое, что осталось от их дома. Все распадается; центр не может удержаться; чистая анархия развязана в мире. Всему приходит конец.",,,
planet_gilead_sindrian_diktat,CUSTOM,"Земля обетованная окутана шалью дыма, тяжелая промышленность вытесняет коммуны, Министерство окружающей среды находит новые способы эксплуатации природного чуда Галаада во имя производительности. Образы Ладда вынесены на улицы и разбиты, заменены бетонными формами Льва Синдрии. По мере того как местная фауна и флора вымирают, их заменяют новые гибридные образцы из лабораторий Министерства науки и технологий. Для верующих это хуже, чем времена Конца Света, потому что этой новой эре не видно конца. Бог в помощь нам всем.",,,
planet_gilead_tritachyon,CUSTOM,"Сияющие столбы стекла и стали извергаются из планеты, как раковые новообразования, а обитающие в них дьяволы повторяют осквернение, изгнавшее человечество со Старой Земли. Фермы выкупаются новыми олигархами, и корпоративные граждане Галаада оказываются вынуждены предпринимать экстремальные действия, чтобы сохранить свои дома, свой образ жизни. Корпоративные силы умиротворения теперь регулярно обмениваются огнем со свежими ячейками Патеров, и конфликту не видно конца.",,,
planet_gilead_neutral,CUSTOM,"Венец Пути Пилигрима и любимый верующими Ладдита, Галаад - это рай, по слухам, соперничающий со Старой Землей - тем, что было даровано человечеству Богом; то, что человечество осквернило; откуда человечество было, в грехе, изгнано страдать среди звезд. Небольшие племена человечества существуют в простых условиях на его поверхности, оставляя мир в первозданном виде. С орбиты можно было бы искренне поверить, что планета не тронута человеческими руками.",,,
nex_planet_gilead_pked,CUSTOM,"Венец Пути Пилигрима и любимый верующими Ладдита, Галаад когда-то был раем, по слухам, соперничающим со Старой Землей, чью судьбу он теперь разделяет. Пыльные бури омывают руины жилищ и соборов Ладдита, отбеливая кости павших, невинные наказываются за грехи виновных.",,,
,,,,,
planet_asher_hegemony,CUSTOM,"Ашер - смертельно холодный и сухой мир покаяния и труда. Апокалиптические пыльные бури застилают жестокое небо, окрашивая солнце сначала в кроваво-красный цвет, прежде чем превратить его в бесцельное сияние, которое не дает ни тепла, ни утешения. Вся тяжелая промышленная база Галаада была перенесена сюда во время Ладдитского Пробуждения Церковью, всегда практичной. Храмы веры остаются, личные святыни нетронуты под властью Гегемонии, но никаких намеков на перепрофилирование верфей Ашера не было сделано. Те, кто отказываются строить военные корабли, увольняются с работы, но никого не арестовывают, так как это нарушит мир. Только благодаря единству цели можно выиграть вечную войну, за сектор, за человечество.",,,
planet_asher_independent,CUSTOM,"Ашер - смертельно холодный и сухой мир покаяния и труда. Апокалиптические пыльные бури застилают жестокое небо, окрашивая солнце сначала в кроваво-красный цвет, прежде чем превратить его в бесцельное сияние, которое не дает ни тепла, ни утешения. Вся тяжелая промышленная база Галаада была перенесена сюда во время Ладдитского Пробуждения Церковью, всегда практичной. С тех пор эти фабрики и лаборатории были захвачены CyberSun Industries, высококонкурентной исследовательской и производственной компанией, чьи разработки заставили некоторых говорить об интеллектуальной краже, но, как гласит девиз компании, нет ничего нового под солнцем.",,,
planet_asher_luddic_path,CUSTOM,"Ашер - смертельно холодный и сухой мир покаяния и труда. Апокалиптические пыльные бури застилают жестокое небо, окрашивая солнце сначала в кроваво-красный цвет, прежде чем превратить его в бесцельное сияние, которое не дает ни тепла, ни утешения. Вся тяжелая промышленная база Галаада была перенесена сюда во время Ладдитского Пробуждения Церковью, всегда практичной. Производство звездолетов перешло от тех, которые требовались для грузов и их защиты, к чисто военной промышленности, грех, за который платят самым чистым бичеванием плоти и души, как это требуется в такие времена. В крови и молитве нечестивая сталь освящается, закованные в кандалы грешники зарабатывают искупление, латая разбитые красно-зеленые корпуса.",,,
planet_asher_persean,CUSTOM,"Ашер - смертельно холодный и сухой мир покаяния и труда. Апокалиптические пыльные бури застилают жестокое небо, окрашивая солнце сначала в кроваво-красный цвет, прежде чем превратить его в бесцельное сияние, которое не дает ни тепла, ни утешения. Вся тяжелая промышленная база Галаада была перенесена сюда во время Ладдитского Пробуждения Церковью, всегда практичной. Дом Макмилланов, знатный род среднего класса из Саддена, владеет и председательствует как на планете, так и на ее промышленной базе. В то время как его глава объявляет Ладда ложным идолом и приказывает арестовывать ладдитов, солдаты Дома мало обращают на это внимания, поскольку он заболел и ослаб. Вместо этого население и стрелки Дома Макмилланов слушают его благородного сына, скромного и верного человека, который прислушивается к желаниям и потребностям своих подданных.",,,
planet_asher_pirates,CUSTOM,"Ашер - смертельно холодный и сухой мир исследований и прагматизма. Апокалиптические пыльные бури застилают жестокое небо, окрашивая солнце сначала в кроваво-красный цвет, прежде чем превратить его в бесцельное сияние, которое не дает ни тепла, ни утешения. Вся тяжелая промышленная база Галаада была перенесена сюда во время Ладдитского Пробуждения Церковью, всегда практичной. Ладдитское лицемерие уступило место холодной практической истине, поскольку теперь доминирующие Охотники за технологиями заявили, что единственный способ двигаться вперед - это в полной мере использовать достижения утраченной эпохи. Используя Ашер в качестве своей базы операций, группа не особо беспокоится о том, откуда они берут свои припасы и технологии; из увядших рук древних мертвецов или из капающей свежей крови проезжающих капитанов конвоев. Вперед, не думая о цене.",,,
planet_asher_sindrian_diktat,CUSTOM,"Ашер - смертельно холодный и сухой мир покаяния и труда. Апокалиптические пыльные бури застилают жестокое небо, окрашивая солнце сначала в кроваво-красный цвет, прежде чем превратить его в бесцельное сияние, которое не дает ни тепла, ни утешения. Вся тяжелая промышленная база Галаада была перенесена сюда во время Ладдитского Пробуждения Церковью, всегда практичной. В то время как ладдиты терпели такую промышленность ради высшей цели, они возмущались тем, что трудятся на лжепророка, столь гордого и слепого. В то время как Министерство труда повышает квоты, а гвардейцы Министерства порядка продолжают избивать разъяренную толпу, население разделяет вызывающее послание. ""Мы должны не соглашаться"".",,,
planet_asher_tritachyon,CUSTOM,"Ашер - смертельно холодный и сухой мир разбитых мечтаний и тяжелого труда. Ужасные пыльные бури застилают жестокое небо, окрашивая солнце сначала в кроваво-красный цвет, прежде чем превратить его в бесцельное сияние, которое не дает ни тепла, ни утешения. Вся тяжелая промышленная база Галаада была перенесена сюда во время Ладдитского Пробуждения Церковью, всегда практичной. Верфи и трущобы разросшихся промышленных предприятий оживают благодаря голографической рекламе, а рабочие, сжимая свои грязные чеки, направляются к своим жилым блокам или в местный притон порока, испорченные выбором.",,,
planet_asher_neutral,CUSTOM,"Ашер - смертельно холодный и сухой мир сломанных небес и разрушенных домов. Апокалиптические пыльные бури застилают жестокое небо, окрашивая солнце сначала в кроваво-красный цвет, прежде чем превратить его в бесцельное сияние, которое не дает ни тепла, ни утешения. Вся тяжелая промышленная база Галаада была перенесена сюда во время Ладдитского Пробуждения Церковью, всегда практичной. Фабрики затихли, жилые блоки больше не светятся теплом общины, те, кто не сбежал с опустошенного мира, теперь борются за свое выживание, поскольку ресурсы становятся все более скудными.",,,
,,,,,
planet_mairaath_hegemony,CUSTOM,"Troop transports touched down in the guts of the vast metropolises once filled with life on Mairaath. Scores upon scores of marines secured settlements, citing Domain emergency law for the annexation of the corpse world. Some had great resentment for those who struck down the Mayasuran Navy, others were simply glad for the rations, increased patrols, and restoration of common law. The Children of Mayasura carry the resentment of their ancestors, striking at Hegemony patrols where they can in the great desert.",,"Humanity slowly trickles from the ruins of the dead cities, boarding transports to deliver them to pre-fabricated shelters and entire townships. Against the storms, the Hegemony stands strong, united by those willing to fight for a better future.",
planet_mairaath_independent,CUSTOM,"The largest central powers on Mairaath exist in high-walled city states, with forms of governance ranging widely, from elected councils to iron-fisted warlords. The New Mayasuran Republic promotes the ideals of democracy and free trade, President Harrison using force and diplomacy in equal hand, hoping to rejoin the Persean League once gaining complete control. Father Theodore of the Luddic Church attempts to unite the settlements via mutual aide and strong community bonds. Major Saul of the Hegemony controls The Rowdy Boys, who are dug in like militant ticks in the Azure Desert, and is known to deal fairly with those he seeks to annex.  Most factions remain within their own borders, yet guilds and businesses such as the Road Couriers have established presence in multiple territories.",,"Life for Mairaath residents is dependent on where they reside planetside; residents of City One find life is safe and structured yet highly regimented under the rule of the Hegemony. Within the Crystal Oasis, all work together under shared conditions to contribute to those in need of the Church. Those in the Central Nexus, and Republic settlements like it, must compete in an economic model promising prosperity for those who work hard. The defense fleets orbiting Mairaath are a cabal of spaceborne merchants, all actively keeping the factions in balance to continue exploiting easy trade with the survivors.",
planet_mairaath_luddic_church,CUSTOM,"The faithful must carry both their burdens and those of sinners, and this was the guiding principle as the Church of Galactic Redemption took ownership of Mairaath. The shameful actions of the Luddic Path are paid for in the humanitarian efforts of the Church, who guard the desert dwellers from bandits and the megastorms of this writhing ghoulish planet. To many these actions do not redeem the followers of Ludd, and the militant Sons of Order harass their convoys with a determined vengeance.",,"Castles of stone brick and shelters of worn wood are built by hand, where both guardians and subjects live an existence of virtue. The Church offers salvation for those willing to believe in Ludd, and those willing to believe in themselves.",
planet_mairaath_luddic_path,CUSTOM,"Mairaath moaned as its grave was disturbed by those who dug it over a century prior, shuttles touching down in the violent storms with what seemed to its residents the weight of apocalyptic prophecy. The High Crusader has claimed domain over all known settlements, from dusty villages to sprawling cities, in the name of Ludd. Enforcers of the True Path walk every street, as priests proclaim the necessary destruction of the false idol the citizenry live upon. To dwell in the bones of the devil is to earn redemption for their forebears. The slaves in the stone quarries are known to feel differently, as are the anti-slavery Stormriders who strike at Path patrols in the great desert.",,"The magnificent ruins of the past teem with moored lanterns and shuffling life, Enforcers and Stormriders clashing in the dunes and the collapsed metro. The apocalypse is now, and only through complete submission of the self will Humanity earn redemption.",
planet_mairaath_pirates,CUSTOM,"The scrap fortresses and walled market towns of Mairaath all fall under the claim of Eternal Emperor Mudra, whose Murderboys enforce his will in massive convoys armed with an array of ramshackle defensive measures, traveling between settlements to collect tithes of food, fuel, water, and servants. Mudra pays his own tithes to the visiting fleets of privateers, who are glad to permit him his private kingdom as long as demands are met. The Dust Runners do not approve of the state of Mairaath in the slightest, blowing convoys and liberating slaves to the frustration of Mudra, and annoyance of his superiors.",,"On the backs of the chained Mudra builds his empire, breaking apart old steel to reforge the cities that once stood to defy the galaxy and its machinations. Such ego and its actions will attract dissent, and the Dust Runners occupy outposts in caves and forests, striking with impunity at the figure of cruel authority it presents. It feels to many on Mairaath that such an impasse might exist ad infinitum, both sides so determined on their way of life; but all things must come to an end, and with outside interests looming in, all can feel the end approaching.",
planet_mairaath_sindrian_diktat,CUSTOM,"Life on Mairaath has changed drastically under the rule of the Diktat. Unity has come to the planet under The Lion of Sindria, with eyes in the sky and Ministry buildings in every city. Greater productivity has come at the introduction of new gigantic rodents from the Ministry of Science and Technology, beasts of labor which have become commonplace in markets and labor camps. To many, the distinction between the Diktat and Hegemony is trivial, and old grudges are held by the Desert Guard who strike at Diktat patrols where weakness shows itself.",,"Drab concrete tenements are erected and apartments distributed via the Ministry of Social Care, as the Ministry of Order oversees the directed labor of criminal offenders in rebuilding society on the remains of their once mighty empire. The Diktat is the future of humanity, and while the Desert Guard and their ilk may hide in the ruins and wilderness, they cannot stop progress. One day soon, there will be no wilderness left to hide in.",
planet_mairaath_tritachyon,CUSTOM,"Mairaath had lain in ruin for over a century, when shining shuttles dispatched corporate security to secure existing population centers. With the new planetary governor announcing projects to terraform the planet once more, many were exuberant to help. The Red Marauders begged to differ, claiming Tri-Tachyon conducted human testing, and have dug mass graves deep in the frigid desert. This is of course untrue; they are simple bandits looking to justify their greed.",,"In the charred bones of the dead planet, fresh cities are erected with cheerful advertisements plastered across the gleaming metal walls. Tri-Tachyon, a bright new future for Humanity.",
planet_mairaath_neutral,CUSTOM,"Mairaath was devastated by a coordinated Luddic Path operation in cycle 82 which turned its awesome orbital station-cities into weapons thrown against the fantastically terraformed surface. What remains is a charred and broken world, the carefully nurtured weather patterns of the great Mayasuran terraforming cabal transformed into nightmarish storms that circle the globe, forever stirring the ashes of a murdered world. Without the support of the Persean League, the world has gone from death to undeath, its frothing, violent thrashing ever more common.",,"Even after its apocalyptic ruin, humanity still clings to the surface of Mairaath, huddled in the broken shells of great cities brought low, blasted by unending storms. Little central authority exists in Mairaath, scavengers and bandits traveling in nomadic fashion among the ruins.",
,,,,,
planet_culann_hegemony,CUSTOM,"The oldest of the famous mines of Culann were converted shortly after the Collapse into a major Tri-Tachyon military base which projected power throughout the inner Hybrasil system and into the neighbouring systems. After the Hegemony secured the planet, units were sent into the deepest arsenals to reveal what fabulous weapons the corporation hoarded. Within those gleaming chambers, abject cruelty was discovered, living bodies donated to science without consent, artificial gods painting with sinew and bone. These were not spoils Command believed should exist, let alone be used. All Tri-Tachyon weapon projects were terminated, along with their criminal directors and the maddened cores that fueled them.",,,
planet_culann_independent,CUSTOM,"The oldest of the famous mines of Culann were converted shortly after the Collapse into a major Tri-Tachyon military base which projected power throughout the inner Hybrasil system and into the neighbouring systems. Following the dissolution of Culaan's corporate charter, a small subsidiary soon filled the power vacuum, Donk Corporation established itself as a serious contender in easy personal meals.",,"Led by an unseen CEO known as Earl, they seem obsessed with the sensation of perfect taste that eludes them. In most public interviews, intent has been stated to introduce fast acting medicine, mutagen, and ever more increasingly improbable ingredients into the company's famous Donk Pockets. Every bite a tasty surprise, Donk Co.",
planet_culann_luddic_church,CUSTOM,"The oldest of the famous mines of Culann were converted shortly after the Collapse into a major Tri-Tachyon military base which projected power throughout the inner Hybrasil system and into the neighbouring systems. The Knights of Ludd plunged into the deepest arsenals, and wept at the travesty within. Those responsible for the human suffering discovered in those unholy halls were consecrated with fire, their dark gods made manifest launched into the burning fury of Hybrasil.",,"The structure was carefully collapsed, as prayers were uttered for the souls of the victims, their captors, and the twisted intellect that guided them. Never again shall man suffer by his neighbor's hand for power, for profit. May God forgive humanity for the darkness it dared grasp forever unto following the Collapse.",
planet_culann_luddic_path,CUSTOM,"The oldest of the famous mines of Culann were converted shortly after the Collapse into a major Tri-Tachyon military base which projected power throughout the inner Hybrasil system and into the neighbouring systems. The corruption ran deep in the halls of that heretical abyss, the crusaders within shaken as they returned to the surface. Before the captain-general followed her squad into the silent night, her report demanded that it never be entered again, that it be destroyed utterly, affording no twisted legacy.",,"As per recommendation, an antimatter warhead was detonated with the captured scientists ushered in beforehand. A memorial has been erected in memory of the human lives wasted in the vain pursuit of legacy and power.",
planet_culann_persean,CUSTOM,"The oldest of the famous mines of Culann were converted shortly after the Collapse into a major Tri-Tachyon military base which projected power throughout the inner Hybrasil system and into the neighbouring systems. The House of Montaigne, a notable family of Madeira, leveraged their personal stake in the League fuel markets and the fact they contributed a significant amount of their personal guard to the taking of Culann to secure it for themselves.",,"The renamed Montaigne Memorial Institute is a place where all methods of extraction are acceptable, as long as information is retrieved. Electro-convulsive treatment is common in its halls, and it is rumored from escaped patients the facility is attempting to unlock the secrets of mind control.",
planet_culann_pirates,CUSTOM,"The oldest of the famous mines of Culann were converted shortly after the Collapse into a major Tri-Tachyon military base which projected power throughout the inner Hybrasil system and into the neighbouring systems. Seeking knowledge, Red-Eye Rasmus personally tore through the company loyalists guarding the AI chamber, his lieutenants following close behind. Red-Eye entered the chamber alone, and after a few minutes, a small arms discharge was heard. Entering the chamber, the lieutenants found their leader had slain the chamber core. With labored breath the scholar bemoaned it gave an unsatisfactory truth. The Culann Central Authority continues to post bounties for ""one that has the right answer.""",,,
planet_culann_sindrian_diktat,CUSTOM,"The oldest of the famous mines of Culann were converted shortly after the Collapse into a major Tri-Tachyon military base which projected power throughout the inner Hybrasil system and into the neighbouring systems. As the Ministry of Order and the Lion's Guard disrupted each others operations upon the surface due to a lack of shared intelligence or mutual trust, and the Ministry of Patriotism made sure to only record the good parts of the fighting, the Ministry of Science & Technology had their agents deep within the Culann laboratories securing and containing the many wondrous marvels enshrined on blood-slicked operating tables like sacramental altars. ",,"None are presently allowed within the laboratories of Culann aside from the Ministry of Science & Technology and Philip Andrada himself, not even the Lion's Guard are permitted within its halls, and especially no regulatory committee members to disrupt vital progress for humanity.",
planet_culann_neutral,CUSTOM,"The oldest of the famous mines of Culann were converted shortly after the Collapse into a major Tri-Tachyon military base which projected power throughout the inner Hybrasil system and into the neighbouring systems. The deepest arsenals were said to contain fabulous weapons based on arcane technology revealed by incomprehensible AI-epiphany, though complete devastation has revealed none of these rumors to the eyes of the sector. Yet those scavenging its vacuumed halls all report, deep into the unexplored depths, one can hear the crackling laughter of thirsting gods, and the screams of those trapped with them, deprived of death in a cold, metal afterlife. A soft blue glow can be seen on rare occasions, flickering in the darkness before vanishing. These sights grow the closer one comes to the nanoforge chamber, and so none have breached it yet.",,,
,,,,,
planet_donn_hegemony,CUSTOM,"A lonely, ancient world which early robot probes of the Sector quickly determined was not formed in the Hybrasil system, but rather captured by Hybrasil some hundreds of millions of years ago. Donn was flagged as low-to-moderate interest due to easily accessible concentrations of heavy metals. Home to Robotica, the state sponsored drone thunderdome program of choice. Where modified Borers, souped up Mining Pods, weathered Terminators, overdriven Wasps, and even gleaming unknown models engage in thrilling combat, which ends when a drone is immobilized or removed from the arena. While the planet's population is low, the fights are broadcasted throughout the Core worlds to millions of enthusiasts.",,,
planet_donn_independent,CUSTOM,"A lonely, ancient world which early robot probes of the Sector quickly determined was not formed in the Hybrasil system, but rather captured by Hybrasil some hundreds of millions of years ago. Donn was flagged as low-to-moderate interest due to easily accessible concentrations of heavy metals. Home to the Official Kite Fan Club, a social club where owners of varying hull types and loadouts meet up, share stories, and even race their beloved Kites.",,,
planet_donn_luddic_church,CUSTOM,"A lonely, ancient world which early robot probes of the Sector quickly determined was not formed in the Hybrasil system, but rather captured by Hybrasil some hundreds of millions of years ago. Donn was flagged as low-to-moderate interest due to easily accessible concentrations of heavy metals. Home to Donn University, residing in the capital habdome of the planet, a prestigious college of the arts run by the soft spoken Father Gapon. Many aspiring artists travel great distances to learn from the contemporary masters of canvas, tune and word.",,,
planet_donn_luddic_path,CUSTOM,"A lonely, ancient world which early robot probes of the Sector quickly determined was not formed in the Hybrasil system, but rather captured by Hybrasil some hundreds of millions of years ago. Donn was flagged as low-to-moderate interest due to easily accessible concentrations of heavy metals. Home to the Atlantean Paintball League, where young souls are shuttled in after winning regional tournaments to compete in large scale habdomes featuring recreations of noteworthy stations and planetary locations, such as Laicaille Habitat and the Nomios Cryosanctum. Winning fireteams are granted scholarships in elite combat academies.",,,
planet_donn_persean,CUSTOM,"A lonely, ancient world which early robot probes of the Sector quickly determined was not formed in the Hybrasil system, but rather captured by Hybrasil some hundreds of millions of years ago. Donn was flagged as low-to-moderate interest due to easily accessible concentrations of heavy metals. Home to the Twilight Resort, a beloved and prestigious hotel frequented by the likes of Kazeron oligarchs, Westernesse nobility, and Mazalot crime bosses. The resort itself is supported by a hodge-podge of hab domes housing the resort staff clustered around the facility, which is also known for its stargazing room, which has a pristine megascope.",,,
planet_donn_sindrian_diktat,CUSTOM,"A lonely, ancient world which early robot probes of the Sector quickly determined was not formed in the Hybrasil system, but rather captured by Hybrasil some hundreds of millions of years ago. Donn was flagged as low-to-moderate interest due to easily accessible concentrations of heavy metals. The Ministry of Labor has utilized a native fauna to Donn, a silicon-based annelid species dubbed the Oreworm, to assist in the mining and refining of ores. Due to their useful nature in consuming rocks and excreting pure ores, and their equivalent size to most household pets, local miners have taken a liking to the beasts, and often select specific companion worms to accompany them in not just work, but as beloved residents in their homes.",,,
planet_donn_tritachyon,CUSTOM,"A lonely, ancient world which early robot probes of the Sector quickly determined was not formed in the Hybrasil system, but rather captured by Hybrasil some hundreds of millions of years ago. Donn was flagged as low-to-moderate interest due to easily accessible concentrations of heavy metals. Informally known as the most depressing place to work in Tri-Tachyon, a budding tabletop network has emerged to help distract clerks, managers, and company miners from the dull drudgery of the day, ranging from medieval fantasy to cyberpunk.",,,
planet_donn_neutral,CUSTOM,"A lonely, ancient world which early robot probes of the Sector quickly determined was not formed in the Hybrasil system, but rather captured by Hybrasil some hundreds of millions of years ago. Donn was flagged as low-to-moderate interest due to easily accessible concentrations of heavy metals. Life support systems remain viable, and Donn residents remain sustained by the efforts of smugglers and hydroponic domes, but planetary leadership is scattered as each dome has coalesced around their own local leaders or councils, each with a different opinion on which central authority to align with, or if any should be joined with at all.",,,
,,,,,
planet_nomios_hegemony,CUSTOM,"Dirty ammonia snow falls from the thin atmosphere in fitful storms on Nomios, but the drifts are small and mostly cleared away from the armoured landing-bays of the surgeon general by crawler drones. The cryosanctum has been converted to a holding facility for those with terminal or inoperable conditions, to contain critical cases until medical technology has caught up with their illnesses. In times of great conflict, the great freezers are used to store battlefield casualties until room opens for said citizens in the operating theaters of the frozen world.",,,
planet_nomios_luddic_church,CUSTOM,"Dirty ammonia snow falls from the thin atmosphere in fitful storms on Nomios, but the drifts are small and mostly cleared away from the armoured landing-bays of the Luddic vault by crawler drones. The faithful have put an end to the parasitic harvesting of the innocent, yet continue to utilize the cryosanctum; those within continue to await the utopia promised by the Church.",,,
planet_nomios_luddic_path,CUSTOM,"Dirty ammonia snow falls from the thin atmosphere in fitful storms on Nomios, but the drifts are small and mostly cleared away from the armoured landing-bays of the faithful outpost by crawler drones. The victims of the harvesters have been saved from limbo, their captors thrown into the gale. The machinery has been disabled after the salvation of its prisoners, for we cannot forge a better future if we wait for others to do so for us.",,,
planet_nomios_persean,CUSTOM,"Dirty ammonia snow falls from the thin atmosphere in fitful storms on Nomios, but the drifts are small and mostly cleared away from the armoured landing-bays of the ruling noble house by crawler drones. The House of Kavanagh, a minor noble family of Suddene, has gained great influence by the ownership of the cryosanctum. For many ailing lords of industry and targeted princes will pay dearly to seek shelter in stasis until their health can be tended, or their bloodline is safe from the blade of assassins. Yet some will pay even more heavily for a most tragic accident in a single cryopod.",,,
planet_nomios_pirates,CUSTOM,"Dirty ammonia snow falls from the thin atmosphere in fitful storms on Nomios, but the drifts are small and mostly cleared away from the armoured landing-bays of the ruling privateer council by crawler drones. Both hostages and influential pirate fleet figures are held in stasis until needed.",,,
planet_nomios_sindrian_diktat,CUSTOM,"Dirty ammonia snow falls from the thin atmosphere in fitful storms on Nomios, but the drifts are small and mostly cleared away from the armoured landing-bays of the ruling ministry by crawler drones. The Ministry of Social Care conducts experimental cryogenic treatment for the ill and to conduct trials of new potential therapies on volunteers, mostly from the Ministry of Patriotism. For those who decide to donate their bodies to the needs of the nation, donated organs and tissue offer many material benefits, to be given to their next of kin if they perish in extraction.",,,
planet_nomios_tritachyon,CUSTOM,"Dirty ammonia snow falls from the thin atmosphere in fitful storms on Nomios, but the drifts are small and mostly cleared away from the armoured landing-bays of the reputable corporation by crawler drones. Clientele are given the opportunity to escape to a better future for a nominal fee; viable customers may earn credits by volunteering for pharmaceutical trials during their stay.",,,
planet_nomios_neutral,CUSTOM,"Dirty ammonia snow falls from the thin atmosphere in fitful storms on Nomios, but the drifts are small and in better times were cleared away from the armoured landing-bays of the colony by crawler drones, now dormant and scattered in the freezing halls, empty of purpose and energy. The cryostasis facility runs on many redundant backup systems, so its passengers are still safe.",,,
,,,,,
planet_ancyra_independent,CUSTOM,"A dry and old world with a sluggish magnetic field partially stripped of volatiles by solar wind. There is evidence that this was once a world covered by shallow, warm seas: bleached dunes of salt, odd towers and ridges of uniquely crystallized silica, and a few briny aquifers tapped are exploited by human settlers. Independent rule has seen local governments spending more on infrastructure and farming subsidies, resulting in reliable transit between settlements and cities.",,,
planet_ancyra_luddic_church,CUSTOM,"A dry and old world with a sluggish magnetic field partially stripped of volatiles by solar wind. There is evidence that this was once a world covered by shallow, warm seas: bleached dunes of salt, odd towers and ridges of uniquely crystallized silica, and a few briny aquifers tapped are exploited by human settlers. An influx of specialists and funding from the Church of Galactic Redemption has resulted in a higher quality of life for Ancryan citizens, to the extent where the planetary authority is steadily establishing new cathedrals, museums, and schools in its cities.",,,
planet_ancyra_luddic_path,CUSTOM,"A dry and old world with a sluggish magnetic field partially stripped of volatiles by solar wind. There is evidence that this was once a world covered by shallow, warm seas: bleached dunes of salt, odd towers and ridges of uniquely crystallized silica, and a few briny aquifers tapped are exploited by human settlers. The planetary economy has found modest success as a tourist destination, as the desert and its salt pillars are considered significant to the Luddic Path, and pilgrims are often generous to local rescue parties searching for lost, dehydrated spiritualists.",,,
planet_ancyra_persean,CUSTOM,"A dry and old world with a sluggish magnetic field partially stripped of volatiles by solar wind. There is evidence that this was once a world covered by shallow, warm seas: bleached dunes of salt, odd towers and ridges of uniquely crystallized silica, and a few briny aquifers tapped are exploited by human settlers. Capital of the declared State of Galatia, donations from Madeira have resulted in solid bonds between the two governments, and frequent celebrations of Galatian culture broadcast planet-wide, its military a strong source of pride for the young nation.",,,
planet_ancyra_pirates,CUSTOM,"A dry and old world with a sluggish magnetic field partially stripped of volatiles by solar wind. There is evidence that this was once a world covered by shallow, warm seas: bleached dunes of salt, odd towers and ridges of uniquely crystallized silica, and a few briny aquifers tapped are exploited by human settlers. After an aggressive acquisition by Bison Steel, the majority of the planet's population works in some capacity for the shipbreaking company, as the corporate state has overtaken all public services at a nominal fee, resulting in virtually all Ancryans working off an endless company debt for living fees, tool rental charges, and the right to reside on Ancyra.",,,
planet_ancyra_sindrian_diktat,CUSTOM,"A dry and old world with a sluggish magnetic field partially stripped of volatiles by solar wind. There is evidence that this was once a world covered by shallow, warm seas: bleached dunes of salt, odd towers and ridges of uniquely crystallized silica, and a few briny aquifers tapped are exploited by human settlers. Construction of Citadel Superbia has taken over local industry, a massive project that consumes endless funds, which locals doubt will ever be completed.",,,
planet_ancyra_tritachyon,CUSTOM,"A dry and old world with a sluggish magnetic field partially stripped of volatiles by solar wind. There is evidence that this was once a world covered by shallow, warm seas: bleached dunes of salt, odd towers and ridges of uniquely crystallized silica, and a few briny aquifers tapped are exploited by human settlers. Local industry is focused on the Monolith, a crystal tower designed after the fabled structures of the Domain era. Construction is ongoing with no end in sight.",,,
planet_ancyra_neutral,CUSTOM,"A dry and old world with a sluggish magnetic field partially stripped of volatiles by solar wind. There is evidence that this was once a world covered by shallow, warm seas: bleached dunes of salt, odd towers and ridges of uniquely crystallized silica, and a few briny aquifers tapped are exploited by human settlers. Central authority has been shaken, yet settlements maintain local law and supply their many citizens, too busy fending off bandits to re-establish planetary control.",,,
,,,,,
station_ancyra_independent,CUSTOM,"Ancyra Station is a bastion of advanced research in Independent space and a prestigious post sought by graduates of the few remaining universities of the Core worlds. The chancellorship is a post appointed by the planet's administrator, and the facility itself is focused on development of a new sector-wide communication network, free of background corporate data collection.",,,
station_ancyra_luddic_church,CUSTOM,"Ancyra Station is a bastion of independent research in Church space and a prestigious post sought by graduates of the few remaining universities of the Core worlds. The chancellorship is a post outside of the Church of Galactic Redemption, although the station has received generous funding from philanthropists in the upper ranks of the organization. The scientists aboard have focused on creating safer mining practices and tools, both orbital and planetary.",,,
station_ancyra_luddic_path,CUSTOM,"Ancyra Station is a bastion of historical research in Path territory and a prestigious post sought by graduates of the few remaining universities of the Core worlds. The chancellorship is a post appointed by the High Crusader, and the institute is a vital fixture for Luddic administration of the Persean Sector. Station personnel seek out lost transcripts and near-forgotten history, while also preserving the most mundane of common events, with all records available for public use. The institute goes by the belief that as the sector forgets its history, it is doomed to repeat it.",,,
station_ancyra_pirate,CUSTOM,"Ancyra Station is the bastion of psychological research in free space and a prestigious post sought by graduates of the few remaining universities of the Core worlds. The chancellorship is a post held by the Chief Marketing Officer of Bison Steel, with company researchers finding new ways to innovate the synergy of their shipbreaking contractors, the latest study showing that transmitting music to suit helmets which matches psychological profiles resulted in a 40% lower accident rate, and even humming while working, a solid sign of job satisfaction.",,,
station_ancyra_persean,CUSTOM,"Ancyra Station is a bastion of independent research in League space and a prestigious post sought by graduates of the few remaining universities of the Core worlds. The chancellorship is a post assigned by the Galatian Minister of Science, with station researchers working on hardy strains of crops, affordable water purifiers, and stronger construction materials for public works.",,,
station_ancyra_sindrian_diktat,CUSTOM,"Ancyra Station is the prize jewel of the Ministry of Education, a prestigious post sought by graduates of the few remaining universities of the Core worlds. The chancellorship is a post occupied by the Minister of Education exclusively, who has instituted a generous grant system to entice as many young minds to learn as possible, to ensure the Diktat suffers no shortage of specialists. The Ministry of Patriotism often intrudes on station operations to demand inclusion of periods of Philip Andrada's life and courses on the good of the state, with few tangible results.",,,
station_ancyra_tritachyon,CUSTOM,"Ancyra Station is the center of corporate research in Tri-Tachyon space and a prestigious post sought by graduates of the few remaining universities of the Core worlds. The chancellorship is a post appointed by the Chief Operating Officer of the company personally, and the station often produces new personal devices for the company's many devoted customers, with an innovative spin on the Tri-Pad supposedly in the works. Ships often line up at the docks months ahead of vague scheduled events, hoping for a new device and not a standard patch announcement.",,,
station_ancyra_neutral,CUSTOM,"Ancyra Station is a silent research station, once a prestigious post sought by graduates of the few remaining universities of the Core worlds. With the loss of planetary administration, station personnel rushed to safely mothball the institute, evacuating staff and securing records. It now remains in orbit, systems offline, but ready to be reclaimed for the sacred cause of knowledge.",,,
,,,,,
station_kantas_den_hegemony,CUSTOM,"The asteroid habitat was taken with ease by Hegemony forces, with minimal resistance from Kanta, as she was awaiting the invasion fleet in the meeting room. Handed over to the commanding Hegemony admiral were decades of intel reports, in accordance with the plans of Kanta and the Fifth Bureau. Correspondence going back to Loke's betrayal proved the pirate haven to be a long standing operation between the bureau and the loyal Kanta, to gather as much information as was useful before returning the station to service as a civilian habitat and Kanta to full service. Admiral Kanta now administers the logistical demands of Habitat M-12 while commanding system naval assets in hunting pirates.",,,
station_kantas_den_independent,CUSTOM,"Kanta could see the changing tides, and turned to more legitimate means of sustaining her minor dynasty, at least in the public eye. Smugglers take more care for their trade to be untraced, major factions care little to investigate any wrongdoing. Technical legality has granted more trade to Kanta's corner of the galaxy, at the cost of putting up appearances. Considered the hub of trade for the reborn Maxios Charter, most in-system supplies travel in and out of this station before reaching their final destination, with a negotiable tariff applied as needed.",,,
station_kantas_den_luddic_church,CUSTOM,"As Knights of Ludd closed in, they found the stealth mines deactivated, and the brigands of the station lowering their armaments. The cause was discovered as Kanta's chambers were entered, where she professed a vision from Ludd Himself, to seek redemption in His loving arms. Moved by her passion, or hesitant to shoot an unarmed elderly woman, the Knights allowed Kanta to retain her beloved Den if she would obey the scripture. Which she does, in an official capacity at the very least.",,,
station_kantas_den_luddic_path,CUSTOM,"The habitat was quickly taken by the righteous zeal of Ludd, and it's odd thousands were nearly put to the test of His divine love. But as the agents of judgment boarded the station, holofeeds displayed a live message from Kanta herself, who offered a deal to the crusading invaders. She would retain administration of her Den, and would cooperate with the needs of the Path, without dealing in restricted technologies. In exchange, she would not detonate the live warhead welded into the heart of the station, which was connected to a dead man's switch wired to her heart. A discussion was held by the crusaders, who agreed a close eye on the crone was better than the entire station turning into a cloud of debris, and so the pact was made and sealed.",,,
station_kantas_den_persean,CUSTOM,"League personnel were surprised to find an incoming message from Kanta's Den as they closed in, more surprised to find the comms-feed had Kanta wearing the armband of the Persean League as she spoke. Professing loyalty to the cause of the League, and undying resistance to the Hegemony, she was quickly granted the title of Baroness as the invading fleet came, made an official ceremony on the spot, installed a new station security team, and left for more important business. Of course, Kanta is a noble of her word, would never deal with the Hegemony on the side, and would never bribe her own subordinates.",,,
station_kantas_den_sindrian_diktat,CUSTOM,"The Ministry of Social Care is the dominant department aboard Kanta's Den, led by Kanta who all those years ago assisted a young Andrada in the downfall of Warlord Loke. Such loyalty is not easily forgotten by the Lion of Sindria, even action taken in the flash of a single moment. The Ministry of Order continues to insist Kanta is disloyal, and the Ministry of Patriotism sends agents to find compromising material regularly. As her Den has become the official seat of the Ministry of Social Care, and she becomes a more likely candidate to become the next minister of the organization, these investigations have only increased in frequency.",,,
station_kantas_den_tritachyon,CUSTOM,"Corporate liaisons quickly struck a deal with Kanta to make her administration fall under the corporate borders of Tri-Tachyon, aided by the fact that none knew the station as well as the ancient pirate it was named after. Additionally, her name had brand power in the system. Kanta's Den is now a gambling den for those willing to spend big in the sector, where all are permitted if they are willing to pay the entry fee. Some say the station is bugged, but said people should relax, have a drink on the house, and share the odd secret with the waiting staff to show their importance.",,,
station_kantas_den_neutral,CUSTOM,"An asteroid habitat was taken by force during the Maxios Charter collapse by a wildly ambitious logistics security officer, Kanta, who cut herself a deal with local pirate groups to act as their secure base of operations. The station was protected by a cloud of stealth-mines and crude firebases while Kanta herself, now nearly two hundred years old, heads a minor dynasty, still holding tight personal control over 'the family business'. While her location is unknown, her vital signs were still green as she fled the system and the destruction of her den.",,,
,,,,,
planet_ogre_hegemony,CUSTOM,"Barren and highly irradiated, this planet is devoid of native life, and a harsh environment even to hardened robotic operations due to the awesome energies inflicted upon its surface. Habitats are constructed deeply for those mad enough to live here, and the patriotic soldiers of the Hegemony are indeed madly devoted to their cause. Ogre is a maximum security prison, where if one were to make it past the incorruptible guards, the automated turrets, and the sleepless warden who treats his job as a never ending war, there's still the matter of getting off a planet that cooks humans like ration packs.",,,
planet_ogre_independent,CUSTOM,"Barren and highly irradiated, this planet is devoid of native life, and a harsh environment even to hardened robotic operations due to the awesome energies inflicted upon its surface. Habitats are constructed deeply for those mad enough to live here, and the smugglers of the Persean Sector are already quite mad, one would say it's a requirement in their field of work. Here the salvage runners of the sector peddle Domain trinkets and AI War artifacts, and smugglers offer suspiciously discounted bulk goods, the blood on their hands still fresh. Watch your wallet.",,,
planet_ogre_luddic_church,CUSTOM,"Barren and highly irradiated, this planet is devoid of native life, and a harsh environment even to hardened robotic operations due to the awesome energies inflicted upon its surface. Habitats are constructed deeply for those mad enough to live here, and those who live here are indeed driven near to madness. Ogre is but part of the great canvas, where anguish and sorrow were used as the oils in the magnificent painting of our reality. The colony is dedicated to finding purpose amidst what seems endless grief, to know that one is never alone in pain, not truly.",,,
planet_ogre_luddic_path,CUSTOM,"Barren and highly irradiated, this planet is devoid of native life, and a harsh environment even to hardened robotic operations due to the awesome energies inflicted upon its surface. Habitats are constructed deeply for those mad enough to live here, the caretakers of the dying hearts. The unstable reactors of starships are dumped here by the Luddic Path, who use the planet as a massive grave for broken hulls and shattered engines. Redeemed in their fight against the unholy, here lay the sacred dead. Some say they can hear the whispers of the fallen at night.",,,
planet_ogre_persean,CUSTOM,"Barren and highly irradiated, this planet is devoid of native life, and a harsh environment even to hardened robotic operations due to the awesome energies inflicted upon its surface. Habitats are constructed deeply for those mad enough to live here, and the upper caste of the League are indeed maddened from both selective breeding and boardroom politics. The Tia-Ta'xet Polity is led by disgraced princes, middling industrial leaders, and psychotic district governors, leadership rotating as the current dictator is either accepted back to court, runs to the Hegemony, or dies.",,,
planet_ogre_pirates,CUSTOM,"Barren and highly irradiated, this planet is devoid of native life, and a harsh environment even to hardened robotic operations due to the awesome energies inflicted upon its surface. Habitats are constructed deeply for those mad enough to live here, and the Void Marauders are indeed mad enough to live and die on this dead world, at least that is what can be gathered. They won't remove their helmets, their ships never register life signs when engaged. Rumors are they're an experiment gone wrong, automated void suits holding mummified pilots.",,,
planet_ogre_sindrian_diktat,CUSTOM,"Barren and highly irradiated, this planet is devoid of native life, and a harsh environment even to hardened robotic operations due to the awesome energies inflicted upon its surface. Habitats are constructed deeply for those mad enough to live here, and one would have to be mad indeed to slight the Lion of Sindria. Cult leaders, criminal lords, and revolutionary martyrs are held here by the Ministry of Order when simple execution would cause more problems than it is worth, and those who have been cast from Andrada's favor are just as imprisoned as they watch over their charges.",,,
planet_ogre_tritachyon,CUSTOM,"Barren and highly irradiated, this planet is devoid of native life, and a harsh environment even to hardened robotic operations due to the awesome energies inflicted upon its surface. Habitats are constructed deeply for those mad enough to live here, and those with no other choice. Ogre is primarily used as a scavenging post, where crews are regularly sent from the planet to comb the remnants of great fleets spiraling through the night sky ad infinitum. Assignment to Ogre is considered a terrible punishment, where the radiation shielding is as strong as company faith. For those willing to pay extra, rad-shielded dorms are only five times the usual rate.",,,
,,,,,
planet_chitagupta_hegemony,CUSTOM,Officials within the Hegemony came to the conclusion that the current military presence within the Naraka system was inadequate after a League raid left the largest refinery on Yama lying in ruin. Hegemony logistics officers here regularly compete with Nachiketa for the highest quality military supplies flowing into the system.,,,
planet_chitagupta_independent,CUSTOM,"An optimistic startup company has taken over operations on this world. While they were originally certain they would make tremendous profits from strip mining operations, the cruel reality of the destitute planet has left them on the verge of bankruptcy.",,,
planet_chitagupta_luddic_church,CUSTOM,"A small community of refugees exists on this desolate world. The recent crisis on Yama saw many civilians losing their homes and work with a large minority being Luddites. The Church recognizing their plight has provided material aid to the refugees. In turn, much of the population has converted.",,,
planet_chitagupta_luddic_path,CUSTOM,"A small community of Pathers ekes out an existence here. Hidden between the crags of two mountains, the blasts of heat so thoughtfully provided by Naraka can be avoided to an extent. Nearly all Pather colonies look closer to military outposts and this one does not seem to be an exception to the rule.",,,
planet_chitagupta_persean,CUSTOM,"League officials were more than happy to spread their influence to the Naraka system when given the opportunity. While the colony has proved to be exceptionally unprofitable, the military dockyards in development seem to be the real focus. Any accusations of encroachment into Hegemony space are denied, citing the planet belonging to the League since ancient times and the previously unheard of Nine-System Line.",,,
planet_chitagupta_pirates,CUSTOM,"After an over-ambitious company found themselves bankrupt extracting resources on this desolate world, the miners wasted no time storming the company headquarters to take over operations for themselves. After the miners opened their doors to the more disreputable factions in the sector they quickly found they had turned the colony into a hub of pirate activity in the system.",,,
planet_chitagupta_sindrian_diktat,CUSTOM,"The Diktat, ever mindful of its market share of fuel, has taken a more active approach to cut down competition from the Hegemony. Raids by privateers on convoys in the system are just infrequent enough to prevent a constant full-scale conflict between the Diktat and Hegemony. The Labor and Order ministries both hold equal authority over Chitagupta, but neither cares enough to cement total control over such an otherwise worthless rock.",,,
planet_chitagupta_tritachyon,CUSTOM,Innumerable Tri-Tachyon solar plants dot the equator of this planet where the most energy from the rays of Naraka can be collected in a day. Officials are certain they are bound to make a net profit eventually due to the lack of maintenance required and frequent power shortages on Yama.,,,
,,,,,
planet_nachiketa_independent,CUSTOM,"This world was selected by Domain bureaucrats as a site for one of the Sector's AM fuel production facilities due to having no outstanding value apart from existing on a convenient axis of expansion into further frontiers. Hegemony officials were forced to relinquish control of the planet to the underlying civilian hierarchy after constant logistical shortages and civil unrest. The planet still serves as the primary source of military power projection in the system and maintains an amicable relationship with the Hegemony. Under new leadership the planet has become a major hub for scavengers and prospectors, fueling up for relatively cheap prices before plunging into the fringes of the sector.",,,
planet_nachiketa_luddic_church,CUSTOM,"This world was selected by Domain bureaucrats as a site for one of the Sector's AM fuel production facilities due to having no outstanding value apart from existing on a convenient axis of expansion into further frontiers. The Knights of Ludd rule this world in an indefinite extension of martial law. In that regard, it seems little has changed since the transition of power from the Hegemony. The AM fuel production facilities on the planet while damaged still have enough production capability to relieve concerns within the Church of growing dependency on Sindrian fuel. With the Luddites becoming the major military power in the system, the planet's Sub-presbyter Orbis has become increasingly belligerent towards any heretical polities in the system.",,,
planet_nachiketa_luddic_path,CUSTOM,"This world was selected by Domain bureaucrats as a site for one of the Sector's AM fuel production facilities due to having no outstanding value apart from existing on a convenient axis of expansion into further frontiers. Hegemony officials despaired to learn the irreplaceable AM fuel facilities on Nachiketa had fallen into Pather hands. For the present, the Path seems in favor of using the planet's output to fuel their ramshackle fleets instead of blowing the entire facility into orbit... though that is likely to change on a whim. Luddic holy armadas fuel up here before raiding mercantile convoys across the sector. Few outside the church celebrate this turn of events.",,,
planet_nachiketa_persean,CUSTOM,"This world was selected by Domain bureaucrats as a site for one of the Sector's AM fuel production facilities due to having no outstanding value apart from existing on a convenient axis of expansion into further frontiers. A lightning strike from Kazeron by the revered Admiral Callisto managed to capture the planet before a proper resistance could be organized. The planet ""liberated"" by the league is controlled in an interim government by a military administrator. Nachiketa is now used by the League as a jump-off point for further raids into Hegemony space and marks a shift in the balance between the Hegemony and Persean League.",,,
planet_nachiketa_pirates,CUSTOM,This world was selected by Domain bureaucrats as a site for one of the Sector's AM fuel production facilities due to having no outstanding value apart from existing on a convenient axis of expansion into further frontiers. Hegemony officials were forced to relinquish control of the planet to the underlying civilian hierarchy after constant logistical shortages and civil unrest. Further mismanagement by the new administration resulted in a complete collapse of law and order. Freelancers and disreputable scavengers from across the sector gather here. Fueling up for relatively cheap prices before heading to the fringes of the sector in search of salvage or to actively make said salvage...,,,
planet_nachiketa_sindrian_diktat,CUSTOM,"This world was selected by Domain bureaucrats as a site for one of the Sector's AM fuel production facilities due to having no outstanding value apart from existing on a convenient axis of expansion into further frontiers. A Sindrian strike fleet managed to take the planet after an arduous battle both spaceborne and planetside. Nearly half of the former populace has been uprooted and forced out into space on Starliners. Order is maintained through overwhelming force with a large minority of the remaining demographic being made up of Sindrian marines. As if to boast, fuel canisters made here are painted a unique purple hue to flaunt the Diktat's market power far and wide.",,,
planet_nachiketa_tritachyon,CUSTOM,This world was selected by Domain bureaucrats as a site for one of the Sector's AM fuel production facilities due to having no outstanding value apart from existing on a convenient axis of expansion into further frontiers. The successful takeover of the planet by Tri-Tachyon was long in the making. In the decades leading up to the seizure of Nachiketa Tri-Tachyon already owned a controlling share in many planetside businesses and even the fuel industry. The planet's annexation has halted the corporation's stagnation since the Second AI War. Access to tariff-free fuel has allowed Tri-Tachyon to undercut market prices elsewhere and gain the competitive edge they desperately needed.,,,
planet_nachiketa_neutral,CUSTOM,This world was selected by Domain bureaucrats as a site for one of the Sector's AM fuel production facilities due to having no outstanding value apart from existing on a convenient axis of expansion into further frontiers. The collapse of the planet's reactor resulted in a chain explosion that sent chunks of what once was the AM fuel facility into orbit and left a gaping hole in the planet. All that remains of the planet's infrastructure is some underground rail networks and hidden bunkers. The occasional blip of activity on surface scanners indicates there are at least a few people marooned here.,,,
,,,,,
planet_yama_independent,CUSTOM,"Yama scored only marginal viability on the Eridani-Utopia Corporation survey charts, but the nearby fuel facility on Nachiketa prompted terraforming and colonization. The world has recently slipped out of the Hegemony's grasp but there is little other noteworthy change. An elected civilian body still maintains order here as in decades past.",,,
planet_yama_luddic_church,CUSTOM,"Yama scored only marginal viability on the Eridani-Utopia Corporation survey charts, but the nearby fuel facility on Nachiketa prompted terraforming and colonization. Little has changed on the planet. Citizens are expected to live without some of the luxuries they have grown accustomed to and permits to work in the refineries are all but impossible to get. But the Church is content to allow the greater populace to live as they always have, creating domestic goods and living the quiet lives of farmers. The occasional missionary can be found on the planet spreading the word of Ludd to any who are willing to listen.",,,
planet_yama_luddic_path,CUSTOM,"Yama scored only marginal viability on the Eridani-Utopia Corporation survey charts, but the nearby fuel facility on Nachiketa prompted terraforming and colonization. The Pathers enforce a harsh doctrine of frugal living. Ground patrols conduct house raids on a nearly daily basis searching for hidden technical hubris. The planetside refineries have been expropriated for the sole purpose of churning out high quality—relatively speaking—missiles for Pather cells.",,,
planet_yama_persean,CUSTOM,"Yama scored only marginal viability on the Eridani-Utopia Corporation survey charts, but the nearby fuel facility on Nachiketa prompted terraforming and colonization. The League's invasion of the planet was viewed with open hostility by the populace much to their chagrin. The newly created planetary administrator position quickly became a game of hot potato, with no official foolish enough to take a position likely to get them killed by their own constituents. Eventually, a sufficiently stupid freelancer was picked up less than sober from a bar on Fikenhild. Wagers on how long the administrator will last are a popular bar topic.",,,
planet_yama_pirates,CUSTOM,"Yama scored only marginal viability on the Eridani-Utopia Corporation survey charts, but the nearby fuel facility on Nachiketa prompted terraforming and colonization. After a political coup went wrong leaving the governor and a majority of his staff floating through space, the planet found itself left with a huge power vacuum. With no one filling the gap the planet naturally descended into anarchy. In the chaos, a pirate warlord managed to capture the orbital station, forcing any incoming or outgoing trade convoys to first go through him. The planet's self-reliance on food and consumer goods has left it a surprisingly stable polity despite the influx of pirates and smugglers.",,,
planet_yama_sindrian_diktat,CUSTOM,"Yama scored only marginal viability on the Eridani-Utopia Corporation survey charts, but the nearby fuel facility on Nachiketa prompted terraforming and colonization. The planet remains a major exporter of domestic goods and metals, the market is now subject to heavy protectionism however and importing goods from outside the Diktat is nearly impossible. Civilian hierarchy on the planet was completely done away with during the takeover. The newly installed military governor holds absolute authority over the populace, ruling with an iron fist and cult-like obedience to Andrada.",,,
planet_yama_tritachyon,CUSTOM,"Yama scored only marginal viability on the Eridani-Utopia Corporation survey charts, but the nearby fuel facility on Nachiketa prompted terraforming and colonization. Tri-Tachyon's takeover of the planet was quickly followed by business ventures into producing drugs with the already available infrastructure. This new business model has allowed Yama to become one of the Corporation's most profitable ventures even if the planet's population is less than thrilled.",,,
planet_yama_neutral,CUSTOM,"Yama scored only marginal viability on the Eridani-Utopia Corporation survey charts, but the nearby fuel facility on Nachiketa prompted terraforming and colonization. Once one of the few places in the sector where people could lead a relatively peaceful life. The quiet farms and great refineries this planet was formerly known for now lay decrepit and irreparable. The remaining fragments of society stuck here can at least take solace in the fact they are trapped on a habitable world while slaughtering each other for territory and resources.",,,
,,,,,
planet_yami_hegemony,CUSTOM,Officials within the Hegemony came to the conclusion that the current military presence within the Naraka system was inadequate after a League raid left the largest refinery on Yama lying in ruin. This moon was deemed safe enough to place a military presence closer to Yama than Nachiketa while leaving the majority of the civilian population unperturbed.,,,
planet_yami_independent,CUSTOM,Independent traders were quick to jump at the chance for their own piece of space when land on this moon was being given away for free. The majority of the planet's structures are warehouses constructed by its residents to take advantage of the tax-free land. Goods often sit here for many cycles before being transported across the sector when prices finally rise.,,,
planet_yami_luddic_church,CUSTOM,"The Church set up a small missionary town on this moon. Citizens from the planet below and throughout the system are welcomed here with open arms regardless of creed or nationality. Conversions are slow and arduous as the Church has had little influence in the Naraka system since the collapse. For now, this quaint colony is allowed to exist due to its charitable donations—some would call it tribute—to the other planets in the system.",,,
planet_yami_luddic_path,CUSTOM,"Fringe Pather groups dot the surface of this moon; most ""buildings"" are actually derelict ships deemed too hazardous for even the Path to continue using. Their internal bulkheads and weapon systems are gutted to make room for colonial necessities like habitation modules and port facilities. At what point the Pathers actually took over the moon is exceptionally unclear but they are unlikely to uproot without a push.",,,
planet_yami_persean,CUSTOM,"League traders have set up a small waystation on this planet, taking advantage of the tax-free land. Masquerading as independent traders their paperwork is barely legitimate enough to not be wiped out for territorial encroachment. Goods often sit here for many cycles before being transported across the sector when prices finally rise.",,,
planet_yami_pirates,CUSTOM,"Pirate and smuggler bases dot the surface of this moon, most buildings are clad in thick armor with windows and exterior lights removed in an effort to reduce their visual and sensor profiles. For the moment the colony's existence is begrudgingly ignored as smugglers from Yami supplement the system's medical supply shortages in addition to recreational drugs.",,,
planet_yami_sindrian_diktat,CUSTOM,"Sindrian merchants have set up a small waystation on this planet, taking advantage of the tax-free land. The main commodity of the moon is AM fuel directly from the Diktat. Other polities in the system care little for the moon, viewing it as little more than a stockpile of fuel to buy from if prices elsewhere spike or to seize in wartime.",,,
planet_yami_tritachyon,CUSTOM,"Small automated mining operations dot the surface of the moon giving off speckles of light beautiful to gaze at from Yama below. The colony's main feature is a leading-edge Tri-Tachyon research lab set under the surface of the moon. The lab's central focus is research into the collapse of the gate network, which has made it one of the few Hegemony endorsed Tri-Tachyon enterprises. ",,,
,,,,,
planet_epiphany_hegemony,CUSTOM,"Once a quiet mining colony, Epiphany was selected for settlement by the heretical leader of an obscure Luddic cult. Epiphany's civilian government was toppled by Pathers during a burst of enthusiasm during the Second AI War. The recent takeover of Epiphany by the Hegemony has left the populace divided. While the Pathers immediately vowed to drive the Hegemony out by force, the more moderate native inhabitants have seen the invasion as a welcome change to constant warfare. Hegemony officers are encouraged to mingle with the populace to build up goodwill and civilian opinion has begun shifting in favor of the stability and security the Hegemony offers. ",,,
planet_epiphany_independent,CUSTOM,"Once a quiet mining colony, Epiphany was selected for settlement by the heretical leader of an obscure Luddic cult. Epiphany's civilian government was toppled by Pathers during a burst of enthusiasm during the Second AI War. After the execution of a minor by a Pather militant for daring to play games on a Tri-Pad, with authorities lacking the capability to understand what the Pather had done wrong, a revolution was inevitable. The newly reinstated civilian government has not aligned itself to any faction, choosing instead to hold on to what little freedom it can grasp.",,,
planet_epiphany_luddic_church,CUSTOM,"Once a quiet mining colony, Epiphany was selected for settlement by the heretical leader of an obscure Luddic cult. Epiphany's civilian government was toppled by Pathers during a burst of enthusiasm during the Second AI War. The Church sought to reign in the Path since the calamity on Mairaath in cycle 82. The capture of Epiphany gave Church officials an opportunity to deradicalize the remaining Pather militants and leaders residing on the planet. While Church missionaries espouse the importance of peace and virtue, their words too often fall on deaf ears. Few Pathers are swayed by the words of the Church they have long viewed as too unprincipled to enact God’s will.",,,
planet_epiphany_persean,CUSTOM,"Once a quiet mining colony, Epiphany was selected for settlement by the heretical leader of an obscure Luddic cult. Epiphany's civilian government was toppled by Pathers during a burst of enthusiasm during the Second AI War. The planet was seen as a natural extension of the League and joined in a similar fashion to Olinadu after a quick but violent uprising. The new government has retained near-complete autonomy in no small part due to the alarming number of Pathers that still reside on the planet.",,,
planet_epiphany_pirates,CUSTOM,"Once a quiet mining colony, Epiphany was selected for settlement by the heretical leader of an obscure Luddic cult. Epiphany's civilian government was toppled by Pathers during a burst of enthusiasm during the Second AI War. The Pathers found themselves swamped by an increasing number of undesirables as the planet’s reputation as a safe haven grew. Inevitably the Path lost its fragile hold on the world, their divine message overwhelmed by the influx of pirates and smugglers, scoundrels without faith or law.",,,
planet_epiphany_sindrian_diktat,CUSTOM,"Once a quiet mining colony, Epiphany was selected for settlement by the heretical leader of an obscure Luddic cult. Epiphany's civilian government was toppled by Pathers during a burst of enthusiasm during the Second AI War. The Interior Ministry has little reason to hold onto the planet besides providing a mere trickle of volatiles to Sindria. However, the hit to their prestige would be too immense to allow the planet to slip out of their grasp. Suppression of ceaseless Pather uprisings has proven to be a bottomless sump for manpower and credits alike.",,,
planet_epiphany_tritachyon,CUSTOM,"Once a quiet mining colony, Epiphany was selected for settlement by the heretical leader of an obscure Luddic cult. Epiphany's civilian government was toppled by Pathers during a burst of enthusiasm during the Second AI War. Luddites make terrible customers for the Tri-Tachyon; however, the underlying civilian populace lacked any strong ideals allowing the company to set up a bare-bones market presence. The planet's dilapidated spaceport has been given an upgrade to something approaching suitability for trade and commerce.",,,
planet_epiphany_neutral,CUSTOM,"Once a quiet mining colony, Epiphany was selected for settlement by the heretical leader of an obscure Luddic cult. Epiphany's civilian government was toppled by Pathers during a burst of enthusiasm during the Second AI War. The planets degrading spaceport and general lack of infrastructure were already clear signs of what was to come. At some point, the trade convoys stopped and the remnants of society fought for what little was left. With no atmosphere or infrastructure to speak of it is only a matter of time until the few people left here disappear.",,,
