id,trigger,conditions,script,text,options,notes
#RULESET_NAME Nexerelin,,,,,,
,,,,,,
# NGC options,,,,,,
ExerelinOnNewGameCreationStart,BeginNewGameCreation,!$doesFakeVariableExist score:999,"$isInIntro = true 0
$introPage = 1.0 0
FireAll ExerelinNGCIntroPage",,,override SS+ NGC
,,,,,,
ExerelinNGCIntroNextPage,NewGameOptionSelected,$option==exerelinNGCIntroNextPage,"$introPage++
FireAll ExerelinNGCIntroPage",,,
ExerelinNGCIntroPrevPage,NewGameOptionSelected,$option==exerelinNGCIntroPrevPage,"$introPage--
FireAll ExerelinNGCIntroPage",,,
,,,,,,
ExerelinNGCIntro1,ExerelinNGCIntroPage,"$introPage == 1.0
$isInIntro","SetShortcut exerelinNGCIntroNextPage RETURN
SetShortcut exerelinNGCIntroEnd ESCAPE",">>> ПРИВЕТ, СТАРФАРЕР <<<

Добро пожаловать в Nexerelin мод для Starsector!

Nexerelin, по сути, является расширением 4X для игры, но и не только. Фракции в секторе будут вести войны, создавать союзы и соревноваться за контроль над большей частью сектора. Мод также включает в себя ряд других функций: от улучшений качества жизни до серии сюжетных миссий.

Nexerelin совместим с большим количеством созданных сообществом модов фракций, которые вы можете добавить для более разнообразного игрового процесса.","exerelinNGCIntroNextPage:Следующая
exerelinNGCIntroEnd:Пропустить",$introPage needs to be a float
ExerelinNGCIntro2,ExerelinNGCIntroPage,"$introPage == 2.0
$isInIntro","SetShortcut exerelinNGCIntroNextPage RETURN
SetShortcut exerelinNGCIntroEnd ESCAPE","Your actions will gain or lose you influence with the factions in the Sector. The higher your influence with a faction, the greater access to their support and technology you will have.

At the start of the game, you pick a faction to join. You are a representative of your chosen faction, and your actions in the Sector will reflect on them. 

You can move to another faction later, if you can earn their trust. You can also choose to go it alone and set up your own empire.","exerelinNGCIntroNextPage:Следующая
exerelinNGCIntroPrevPage:Предыдущая
exerelinNGCIntroEnd:Пропустить",
ExerelinNGCIntro3,ExerelinNGCIntroPage,"$introPage == 3.0
$isInIntro",SetShortcut exerelinNGCIntroEnd RETURN,"Удачи и, пожалуйста, оставляйте свои отзывы на форумах Starsector :)","exerelinNGCIntroEnd:Начать игру
exerelinNGCIntroPrevPage:Предыдущая",
ExerelinNGCIntroEnd,NewGameOptionSelected,$option==exerelinNGCIntroEnd,"$isInIntro = false
FireAll ExerelinNGCStep1",,,
ExerelinNGCIntroDevStart,ExerelinNGCIntroPage,$global.isDevMode,,,"99:nex_NGCDevStart:>> (dev) быстрый старт
100:nex_NGCDevStartFast:>> (dev) быстрый старт без прохождения времени",
,,,,,,
,,,,,,
ExerelinNewGameOptionsEnter,ExerelinNGCStep1,,"NGCGetExerelinDefaults
FireAll ExerelinNGCOptions",Configure the Sector?,,"make sure this runs once per new game, so that Exerelin sector generation data is set up properly"
ExerelinNewGameOptionsBackToMain,NewGameOptionSelected,$option==exerelinNGCOptionsBack,"Nex_VisualCustomPanel clear
FireAll ExerelinNGCOptions",,,
ExerelinNewGameOptionsPopulate,ExerelinNGCOptions,,SetShortcut exerelinNGCOptionsDone RETURN,,"exerelinNGCOptionsDone:Продолжить
7:exerelinNGCSectorOptions:Генерация сектора
8:exerelinNGCFactionOptions:Настройки фракций
9:exerelinNGCOtherOptions:Другие настройки",
ExerelinNGCListOptionEnableCorvusMode,ExerelinNGCOptions,!$corvusMode,"SetTooltip exerelinNGCEnableCorvusMode ""Sets whether to use the handcrafted core worlds (vanilla and from mods), or randomly generated systems. The Academy storyline will be disabled in random sector, and some features (such as missions or Colony Crises) from the base game or other mods may not be usable.""
SetTooltipHighlights exerelinNGCEnableCorvusMode ""Academy storyline"" disabled features ""not be usable""",,exerelinNGCEnableCorvusMode:Отключить случайные основные миры,
ExerelinNGCListOptionDisableCorvusMode,ExerelinNGCOptions,$corvusMode,"SetTooltip exerelinNGCDisableCorvusMode ""Sets whether to use the handcrafted core worlds (vanilla and from mods), or randomly generated systems. The Academy storyline will be disabled in random sector, and some features (such as missions or Colony Crises) from the base game or other mods may not be usable.""
SetTooltipHighlights exerelinNGCDisableCorvusMode ""Academy storyline"" disabled features ""not be usable""",,exerelinNGCDisableCorvusMode:Включить случайные основные миры,
,,,,,,
ExerelinNewGameFactionConfig,ExerelinNGCFactionOptions,,"SetEnabled nex_NGCFactionToggleMenu true
SetShortcut exerelinNGCOptionsBack ESCAPE",,"nex_NGCFactionToggleMenu:Enable/disable factions
9:exerelinNGCOptionsBack:Back",
ExerelinNewGameFactionConfigCorvus,ExerelinNGCFactionOptions,$corvusMode,"SetEnabled nex_NGCFactionToggleMenu false
SetTooltip nex_NGCFactionToggleMenu ""Only works with random core worlds setting.""",,,
,,,,,,
ExerelinNewGameChoicesDev,ExerelinNGCOptions,$global.isDevMode,,,"99:nex_NGCDevStart:>> (dev) быстрый старт
100:nex_NGCDevStartFast:>> (dev) быстрый старт без прохождения времени",
,,,,,,
ExerelinNewGameOptionsDone,NewGameOptionSelected,$option==exerelinNGCOptionsDone,FireBest ExerelinNGCStep2,,,
,,,,,,
nex_NGCFactionToggleMenu,NewGameOptionSelected,$option==nex_NGCFactionToggleMenu,"Nex_VisualCustomPanel create true
Nex_NGCFactionToggleV2 listFactions
SetShortcut nex_NGCFactionToggleMenu_leave ESCAPE",,nex_NGCFactionToggleMenu_leave:Back,
nex_NGCFactionToggleMenuLeave,NewGameOptionSelected,$option==nex_NGCFactionToggleMenu_leave,"Nex_NGCFactionToggleV2 processRecommendedSize
FireAll ExerelinNGCFactionOptions",,,
,,,,,,
ExerelinNGCSectorOptionsMenu,NewGameOptionSelected,$option==exerelinNGCSectorOptions,FireAll ExerelinNGCSectorOptions,,,
ExerelinNGCFactionOptionsMenu,NewGameOptionSelected,$option==exerelinNGCFactionOptions,FireAll ExerelinNGCFactionOptions,,,
ExerelinNGCOtherOptionsMenu,NewGameOptionSelected,$option==exerelinNGCOtherOptions,FireAll ExerelinNGCOtherOptions,,,
nex_NGCReaddTooltip,NexReaddVisualPanelTooltip,,Nex_VisualCustomPanel readdTooltip,,,
,,,,,,
nex_NGCCustomScenarioOption,ExerelinNGCOtherOptions,,"Nex_NGCCustomScenario menuOption
Nex_DynamicPaginatedOptions addOption nex_NGCCustomScenarioMenu ""Custom scenario – $nex_customScenarioName""",,,
,,,,,,
nex_NewGameSectorConfigNonCorvus,ExerelinNGCSectorOptions,!$corvusMode,$nex_ngcSectorGenSlidersSeen = true,,,
nex_NewGameSectorConfig,ExerelinNGCSectorOptions,,"Nex_NGCProcessSectorGenerationSliders create
SetTooltip exerelinNGCSetNumFactions ""Note: pirates and independents are always present, unless disabled in config""
SetShortcut exerelinNGCSectorOptionsBack ESCAPE
FireAll ExerelinNGCSectorOptionsBack",,,
nex_NewGameSectorConfigBack,NewGameOptionSelected,$option==exerelinNGCSectorOptionsBack,"Nex_NGCProcessSectorGenerationSliders save
FireAll ExerelinNGCOptions",,,
nex_NewGameSectorConfigReset,NewGameOptionSelected,$option==exerelinNGCSectorOptionsReset,"Nex_NGCProcessSectorGenerationSliders reset
FireAll ExerelinNGCSectorOptions",,,
,,,,,,
nex_NGCAddFactionOptionsMenu,ExerelinNGCFactionOptions,,"Nex_VisualCustomPanel create true
Nex_NGCPopulateCustomPanelOptions faction",,,
,,,,,,
nex_NGCAddOtherOptionsMenu,ExerelinNGCOtherOptions,,"Nex_VisualCustomPanel create true
Nex_NGCPopulateCustomPanelOptions other",,,
nex_NGCOtherOptionsBack,ExerelinNGCOtherOptions,,"Nex_DynamicPaginatedOptions addOptionAllPages exerelinNGCOptionsBack Back
Nex_DynamicPaginatedOptions addShortcut exerelinNGCOptionsBack ESCAPE",,,
nex_NGCOtherOptions_show,ExerelinNGCOtherOptions,,Nex_DynamicPaginatedOptions show,,,
,,,,,,
ExerelinNGCEnableCorvusMode,NewGameOptionSelected,$option==exerelinNGCEnableCorvusMode,"NGCSetCorvusMode true
FireAll ExerelinNGCOptions",,,
ExerelinNGCDisableCorvusMode,NewGameOptionSelected,$option==exerelinNGCDisableCorvusMode,"NGCSetCorvusMode false
Nex_NGCFactionToggle processRecommendedSize
FireAll ExerelinNGCOptions",,,
,,,,,,
nex_NGCCustomScenarioMenu,NewGameOptionSelected,$option==nex_NGCCustomScenarioMenu,Nex_NGCCustomScenario menu,,,
nex_NGCCustomScenarioSelected,NewGameOptionSelected,"Nex_OptionStartsWith ""nex_NGCCustomScenario_""","Nex_NGCCustomScenario select
FireAll ExerelinNGCOtherOptions",,,
,,,,,,
nex_NGCFactionSelection,ExerelinNGCStep2,,Nex_NGCListFactions listGroups,Which faction would you like to join?,,
nex_NGCFactionsBackToGroups,NewGameOptionSelected,$option==nex_NGCFactionsBack,Nex_NGCListFactions listGroups,,,
nex_NGCListFactionsByGroup,NewGameOptionSelected,"Nex_OptionStartsWith ""nex_NGCListFactionsGroup_""",Nex_NGCListFactions listFactions,,,
,,,,,,
nex_NGCJoinFaction,NewGameOptionSelected,"Nex_OptionStartsWith ""nex_NGCJoinFaction_""","Nex_NGCSetFactionFromJoinOption
FireAll ExerelinNGCStep3",,,
,,,,,,
nex_NGCDevStart,NewGameOptionSelected,$option == nex_NGCDevStart,"NGCSetPlayerFaction ""player""
NGCSetFreeStart true
NGCSetWithTimePass false
NGCAddShipAndComplement ""medusa_Starting""
NGCAddCredits 1000000
NGCAddCharacterPoints 100
NGCDone",,,
nex_NGCDevStartFast,NewGameOptionSelected,$option == nex_NGCDevStartFast,"NGCSetPlayerFaction ""player""
NGCSetFreeStart true
NGCSetWithTimePass false
NGCAddShipAndComplement ""medusa_Starting""
NGCAddCredits 1000000
NGCAddCharacterPoints 100
NGCDone",,,
nex_NGCRandomFaction,NewGameOptionSelected,$option == nex_NGCJoinRandomFaction,"NGCSetPlayerFaction ""random""
$factionGroup = 0
FireAll ExerelinNGCStep3",,,
nex_NGCOwnFaction,NewGameOptionSelected,$option == nex_NGCJoinOwnFaction,"NGCSetPlayerFaction ""player""
NGCSetFreeStart false
$factionGroup = 0
FireAll ExerelinNGCStep3",,,
nex_NGCFreeStart,NewGameOptionSelected,$option == nex_NGCFreeStart,"NGCSetPlayerFaction ""player""
NGCSetFreeStart true
$factionGroup = 0
FireAll ExerelinNGCStep3",,,
nex_NGCCustomStart,NewGameOptionSelected,$option == nex_NGCCustomStart,Nex_NGCCustomStart menu,,1:nex_NGCDone:Готово,
nex_NGCCustomStartByTrigger,Nex_NGCCustomStartMenu,,Nex_NGCCustomStart menu,,,
,,,,,,
nex_NGCPickStartingShips,ExerelinNGCStep3,,"Nex_NGCStartFleetOptionsV2
FireBest Nex_NGCStartFactionFlavor",,,
nex_NGCFactionFlavor,Nex_NGCStartFactionFlavor,$nex_lastSeenFactionForDesc != $playerFaction,"Nex_NGCPrintFactionDesc
$nex_lastSeenFactionForDesc = $playerFaction",,,
nex_NGCStartShipsSolo,NewGameOptionSelected,$option == nex_NGCFleetSolo,"NGCAddStartingShipsByFleetType SOLO
FireBest ExerelinNGCStep4
FireBest ExerelinNGCStep4Plus",,,
nex_NGCStartShipsCombatSmall,NewGameOptionSelected,$option == nex_NGCFleetCombatSmall,"NGCAddStartingShipsByFleetType COMBAT_SMALL
FireBest ExerelinNGCStep4
FireBest ExerelinNGCStep4Plus",,,
nex_NGCStartShipsTradeSmall,NewGameOptionSelected,$option == nex_NGCFleetTradeSmall,"NGCAddStartingShipsByFleetType TRADE_SMALL
FireBest ExerelinNGCStep4
FireBest ExerelinNGCStep4Plus",,,
nex_NGCStartShipsExplorerSmall,NewGameOptionSelected,$option == nex_NGCFleetExplorerSmall,"NGCAddStartingShipsByFleetType EXPLORER_SMALL
FireBest ExerelinNGCStep4
FireBest ExerelinNGCStep4Plus",,,
nex_NGCStartShipsCarrierSmall,NewGameOptionSelected,$option == nex_NGCFleetCarrierSmall,"NGCAddStartingShipsByFleetType CARRIER_SMALL
FireBest ExerelinNGCStep4
FireBest ExerelinNGCStep4Plus",,,
nex_NGCStartShipsCombatLarge,NewGameOptionSelected,$option == nex_NGCFleetCombatLarge,"NGCAddStartingShipsByFleetType COMBAT_LARGE
FireBest ExerelinNGCStep4
FireBest ExerelinNGCStep4Plus",,,
nex_NGCStartShipsTradeLarge,NewGameOptionSelected,$option == nex_NGCFleetTradeLarge,"NGCAddStartingShipsByFleetType TRADE_LARGE
FireBest ExerelinNGCStep4
FireBest ExerelinNGCStep4Plus",,,
nex_NGCStartShipsExplorerLarge,NewGameOptionSelected,$option == nex_NGCFleetExplorerLarge,"NGCAddStartingShipsByFleetType EXPLORER_LARGE
FireBest ExerelinNGCStep4
FireBest ExerelinNGCStep4Plus",,,
nex_NGCStartShipsCarrierLarge,NewGameOptionSelected,$option == nex_NGCFleetCarrierLarge,"NGCAddStartingShipsByFleetType CARRIER_LARGE
FireBest ExerelinNGCStep4
FireBest ExerelinNGCStep4Plus",,,
nex_NGCStartShipsSuper,NewGameOptionSelected,$option == nex_NGCFleetSuper,"NGCAddStartingShipsByFleetType SUPER
FireBest ExerelinNGCStep4
FireBest ExerelinNGCStep4Plus",,,
nex_NGCStartShipsGrandFleet,NewGameOptionSelected,$option == nex_NGCFleetGrandFleet,"NGCAddStartingShipsByFleetType GRAND_FLEET
FireBest ExerelinNGCStep4
FireBest ExerelinNGCStep4Plus",,,
,,,,,,
nex_NGCStartShipsBack,NewGameOptionSelected,$option == nex_NGCFleetBack,"Nex_VisualCustomPanel clear
Nex_NGCListFactions listFactions $factionGroup",,,
nex_NGCStartShipsBackToCustomStart,NewGameOptionSelected,"$option == nex_NGCFleetBack
$nex_customStart != null","Nex_VisualCustomPanel clear
Nex_NGCCustomStart unset
Nex_NGCCustomStart menu",,,
,,,,,,
nex_NGCCustomStartSelection,NewGameOptionSelected,"Nex_OptionStartsWith ""nex_NGCCustomStart_""",Nex_NGCCustomStart select,,,
,,,,,,
nex_NGCFinalize,ExerelinNGCStep4,,"AddText ""Начальный опыт и ресурсы?""
Nex_NGCStartResources createOptions
SetShortcut nex_NGCStartBack ESCAPE",,"nex_NGCStartEnsign:Ensign (20,000 credits, level 1)
nex_NGCStartLieutenant:Lieutenant (75,000 credits, level 3, one officer)
nex_NGCStartCommander:Commander (250,000 credits, level 6, two officers)
nex_NGCCustomResourcesStart:Custom...",
nex_NGCFinalizeSuper,ExerelinNGCStep4,$option == nex_NGCFleetSuper,"AddText ""Начальный опыт и ресурсы?""
Nex_NGCStartResources createOptions
SetShortcut nex_NGCStartBack ESCAPE",,"nex_NGCStartAgent:Agent (20,000 credits, level 1)
nex_NGCStartSpecialAgent:Special Agent (75,000 credits, level 3)
nex_NGCCustomResourcesStart:Custom...",
nex_NGCStep4Reroll,NewGameOptionSelected,$option == nex_NGCStep4FleetReroll,"NGCClearStartingGear
Nex_NGCStartResources reroll
NGCAddStartingShipsByFleetType $nex_lastSelectedFleetType
Nex_NGCStartResources createOptions
SetShortcut nex_NGCStartBack ESCAPE",,"nex_NGCStartEnsign:Ensign (20,000 credits, level 1)
nex_NGCStartLieutenant:Lieutenant (75,000 credits, level 3, one officer)
nex_NGCStartCommander:Commander (250,000 credits, level 6, two officers)
nex_NGCCustomResourcesStart:Custom...",
nex_NGCStep4RerollSuper,NewGameOptionSelected,"$option == nex_NGCStep4FleetReroll
$nex_lastSelectedFleetType == SUPER","NGCClearStartingGear
Nex_NGCStartResources reroll
NGCAddStartingShipsByFleetType $nex_lastSelectedFleetType
Nex_NGCStartResources createOptions
SetShortcut nex_NGCStartBack ESCAPE",,"nex_NGCStartAgent:Agent (20,000 credits, level 1)
nex_NGCStartSpecialAgent:Special Agent (75,000 credits, level 3)
nex_NGCCustomResourcesStart:Custom...",
nex_NGCStep4RepickCustom,NewGameOptionSelected,"$option == nex_NGCStep4FleetReroll
$nex_lastSelectedFleetType == CUSTOM",Nex_NGCCustomStartFleet,,,
,,,,,,
nex_NGCNormalStart,NewGameOptionSelected,$option == nex_NGCStartEnsign,"NGCAddCredits 20000
NGCAddCharacterPoints 1
NGCSetNumStartingOfficers 0
FireBest NewGameBackgroundSelection",,,
nex_NGCStartLieutenant,NewGameOptionSelected,$option == nex_NGCStartLieutenant,"NGCAddCredits 75000
NGCAddCharacterPoints 1
Nex_NGCAddLevel 3
NGCSetNumStartingOfficers 1
FireBest NewGameBackgroundSelection",,,
nex_NGCStartCommander,NewGameOptionSelected,$option == nex_NGCStartCommander,"NGCAddCredits 250000
NGCAddCharacterPoints 1
Nex_NGCAddLevel 6
NGCSetNumStartingOfficers 2
FireBest NewGameBackgroundSelection",,,
nex_NGCStartAgent,NewGameOptionSelected,$option == nex_NGCStartAgent,"NGCAddCredits 20000
NGCAddCharacterPoints 1
NGCSetNumStartingOfficers 0
FireBest NewGameBackgroundSelection",,,
nex_NGCStartSpecialAgent,NewGameOptionSelected,$option == nex_NGCStartSpecialAgent,"NGCAddCredits 75000
NGCAddCharacterPoints 1
Nex_NGCAddLevel 3
NGCSetNumStartingOfficers 0
FireBest NewGameBackgroundSelection",,,
nex_NGCStartCustomResources,NewGameOptionSelected,$option == nex_NGCCustomResourcesStart,"Nex_NGCStartResources save
NGCAddCharacterPoints 1
FireBest NewGameBackgroundSelection",,,
nex_NGCStartBack,NewGameOptionSelected,$option == nex_NGCStartBack,"NGCClearStartingGear
unset $nex_lastSelectedFleetType
FireAll ExerelinNGCStep3",,,
nex_NGCStartBackToCustomStart,NewGameOptionSelected,"$option == nex_NGCStartBack
$nex_customStart != null
Nex_IsNull $nex_lastSelectedFleetType","NGCClearStartingGear
Nex_NGCCustomStart unset
FireBest Nex_NGCCustomStartMenu",,,
,,,,,,
nex_NGCSelectBackground,NewGameBackgroundSelection,,Nex_NGCBackgroundSelection selectBackground,,,
nex_NGCSelectBackgroundFinished,NewGameOptionSelected,$option == nex_NGCDoneWithBackground,"Nex_NGCBackgroundSelection confirmSelection
$option = nex_NGCDone
FireBest NewGameOptionSelected",,,
,,,,,,
nex_NGCDoneOption,NewGameOptionSelected,$option == nex_NGCDone,"Nex_NGCFinalize
NGCDone",,,
#END NGC options,,,,,,
,,,,,,
# Market special options,,,,,,
ExerelinMarketAddOptionSpecial,PopulateOptions,$menuState == main,"SetShortcut exerelinMarketSpecial ""S"" true",,21:exerelinMarketSpecial:Специальные функции,
ExerelinMarketSpecialOptions,DialogOptionSelected,$option == exerelinMarketSpecial,"$menuState = exerelinSpecial
unset $nex_fleetRequest_initComplete
ShowDefaultVisual
FireAll ExerelinMarketSpecialInitialize
FireAll ExerelinMarketSpecial",,,
,,,,,,
#nex_marketSpecialIntelOption,ExerelinMarketSpecial,!$hasMarket,MakeOptionOpenCore nex_openIntel РАЗВЕДДАННЫЕ ОТКРЫТЬ,,24:nex_openIntel:Открыть экран разведданных,
#nex_marketSpecialIntelOptionSel,DialogOptionSelected,$option == nex_openIntel,,,,
ExerelinMarketSpecialBackOption,ExerelinMarketSpecial,$hasMarket,SetShortcut exerelinMarketSpecialBack ESCAPE,,25:exerelinMarketSpecialBack:Назад,
ExerelinMarketSpecialBackOptionNoMarket,ExerelinMarketSpecial,!$hasMarket,SetShortcut marketLeave ESCAPE,,999:marketLeave:Назад,
ExerelinMarketSpecialBack,DialogOptionSelected,$option == exerelinMarketSpecialBack,"ExerelinShowDefaultVisual
$menuState = main 0
FireAll PopulateOptions",,,
#END Market special options,,,,,,
,,,,,,
# Military options override + additions,,,,,,
nex_marketHostileSel,DialogOptionSelected,$option == marketConsiderHostile score:2,Nex_MarketCMD showDefenses,,,
nex_marketHostileGoBackSel,DialogOptionSelected,$option == mktGoBack score:2,"Nex_MarketCMD cleanupResponder
ShowDefaultVisual
FireAll PopulateOptions",,,
nex_marketHostileEngageSel,DialogOptionSelected,$option == mktEngage score:2,Nex_MarketCMD engage,,,
nex_marketHostileRaidSel,DialogOptionSelected,$option == mktRaid score:2,Nex_MarketCMD raidMenu,,,
nex_marketHostileRaidNonMarket,DialogOptionSelected,$option == mktRaidNonMarket score:2,Nex_MarketCMD raidNonMarket,,,$option == mktRaidNonMarket
nex_marketHostileRaidGoBackSel,DialogOptionSelected,$option == mktRaidGoBack score:2,Nex_MarketCMD goBackToDefenses,,,
nex_marketHostileRaidRareSel,DialogOptionSelected,$option == mktRaidRare score:2,Nex_MarketCMD raidRare,,,
nex_marketHostileRaidValuableSel,DialogOptionSelected,$option == mktRaidValuable score:2,Nex_MarketCMD raidValuable,,,
nex_marketHostileRaidDisruptSel,DialogOptionSelected,$option == mktRaidDisrupt score:2,Nex_MarketCMD raidDisrupt,,,
nex_marketHostileRaidConfirmSel,DialogOptionSelected,$option == mktRaidConfirm score:2,Nex_MarketCMD raidConfirm,,,
nex_marketHostileRaidConfirmContSel,DialogOptionSelected,$option == mktRaidConfirmContinue score:2,Nex_MarketCMD raidConfirmContinue,,,
nex_marketHostileRaidNeverMindSel,DialogOptionSelected,$option == mktRaidNeverMind score:2,Nex_MarketCMD raidNeverMind,,,
nex_marketHostileRaidResultSel,DialogOptionSelected,$option == mktRaidResult score:2,Nex_MarketCMD raidResult,,,
nex_marketHostileRaidPostRaidDefault,PostGroundRaid,,Nex_MarketCMD addContinueToRaidResultOption,,,
,,,,,,
,,,,,,
nex_marketHostileBombardSel,DialogOptionSelected,$option == mktBombard score:2,Nex_MarketCMD bombardMenu,,,
nex_marketHostileBombardGoBackSel,DialogOptionSelected,$option == mktBombardGoBack score:2,Nex_MarketCMD goBackToDefenses,,,
nex_marketHostileBombardTacticalSel,DialogOptionSelected,$option == mktBombardTactical score:2,Nex_MarketCMD bombardTactical,,,
nex_marketHostileBombardSaturationSel,DialogOptionSelected,$option == mktBombardSaturation score:2,Nex_MarketCMD bombardSaturation,,,
nex_marketHostileBombardConfirmSel,DialogOptionSelected,$option == mktBombardConfirm score:2,Nex_MarketCMD bombardConfirm,,,
nex_marketHostileBombardNeverMindSel,DialogOptionSelected,$option == mktBombardNeverMind score:2,Nex_MarketCMD bombardNeverMind,,,
nex_marketHostileBombardResultSel,DialogOptionSelected,$option == mktBombardResult score:2,Nex_MarketCMD bombardResult,,,
,,,,,,
nex_marketHostileInvadeSel,DialogOptionSelected,$option == nex_mktInvade,Nex_MarketCMD invadeMenu,,,
nex_marketHostileInvadeGoBackSel,DialogOptionSelected,$option == nex_mktInvadeGoBack,Nex_MarketCMD goBackToDefenses,,,
nex_marketHostileInvadeConfirmSel,DialogOptionSelected,$option == nex_mktInvadeConfirm,Nex_MarketCMD invadeConfirm,,,
nex_marketHostileInvadeOpenIntelSel,DialogOptionSelected,$option == nex_mktInvadeOpenIntel,Nex_MarketCMD openIntel,,,
nex_marketHostileInvadeContinue,DISABLED_DialogOptionSelected,$option == nex_mktInvadeContinue,"ShowDefaultVisual
FireBest PopulateOptions",,,
nex_marketHostileInvadeAbortSel,DialogOptionSelected,$option == nex_mktInvadeAbort,Nex_MarketCMD invadeAbort,,,
nex_marketHostileInvadeResultSel,DialogOptionSelected,$option == nex_mktInvadeResult,Nex_MarketCMD invadeResult,,,
nex_marketHostileInvadeResultAndradaSel,DialogOptionSelected,$option == nex_mktInvadeResultAndrada,Nex_MarketCMD invadeResultAndrada,,,
#END Military options override + additions,,,,,,
,,,,,,
# Market directory options,,,,,,
nex_factionDirectoryOption,ExerelinMarketSpecial,,SetShortcut nex_factionDirectoryMain D,,7:nex_factionDirectoryMain:Каталог фракций,
nex_factionDirectory,DialogOptionSelected,$option == nex_factionDirectoryMain,FireAll ExerelinFactionDirectory,,,
nex_factionDirectoryByTrigger,ExerelinFactionDirectory,,"Nex_VisualCustomPanel clear
Nex_FactionDirectory listGroups",Which faction do you want to look up?,,
nex_factionDirectoryList,DialogOptionSelected,"Nex_OptionStartsWith ""nex_factionDirectoryList_""",Nex_FactionDirectory listFactions,,,
nex_factionDirectoryList_indSearch,DialogOptionSelected,$option == nex_factionDirectoryList_indSearch score:2,"FireAll Nex_FactionDirectory_IndSearchOpts
SetShortcut nex_factionDirectoryMain ESCAPE",,,
nex_factionDirectoryList_indSearchDefault,Nex_FactionDirectory_IndSearchOpts,,,,"nex_printMarketsWithIndustries_heavyIndustry:Heavy industry
nex_printMarketsWithIndustries_fuelprod:Fuel production
nex_printMarketsWithIndustries_military:Military base
99:nex_factionDirectoryMain:Go back",
nex_factionDirectoryList_indSearchIndEvo,Nex_FactionDirectory_IndSearchOpts,Nex_IsModActive IndEvo,,,"nex_printMarketsWithIndustries_IndEvo_Academy:Academy
nex_printMarketsWithIndustries_IndEvo_dryDock:Restoration Docks",
,,,,,,
nex_factionDirectoryPrint,DialogOptionSelected,"Nex_OptionStartsWith ""nex_printFactionMarkets_""",Nex_FactionDirectory print,,,
nex_factionDirectoryPrintIndustry,DialogOptionSelected,"Nex_OptionStartsWith ""nex_printMarketsWithIndustries_""",Nex_FactionDirectory printIndustries,,,
nex_factionDirectoryPrintDisputed,DialogOptionSelected,$option == nex_printDisputedMarkets,Nex_FactionDirectory printDisputed,,,
#END Market directory options,,,,,,
,,,,,,
# Prisoner options,,,,,,
ExerelinMarketPrisonerOption,ExerelinMarketSpecial,"$hasMarket
$faction.id != ""neutral""","SetEnabled exerelinUsePrisoner true
SetShortcut exerelinUsePrisoner P",,4:exerelinUsePrisoner:Действия с заключенными,
ExerelinMarketPrisonerOptionNoPrisoners,ExerelinMarketSpecial,"$hasMarket
$faction.id != ""neutral""
!HasItem prisoner score:10","SetTooltip exerelinUsePrisoner ""You have no prisoners!""
SetEnabled exerelinUsePrisoner false",,,
ExerelinMarketPrisonerOptionNotAllowed,ExerelinMarketSpecial,"$hasMarket
$faction.id != ""neutral""
!FactionAllowPrisonerActions  $faction.id score:20","SetTooltip exerelinUsePrisoner ""$TheFaction have no use for prisoners.""
SetEnabled exerelinUsePrisoner false",,,
nex_marketPrisonerOptionRecentlyInvaded,ExerelinMarketSpecial,"$hasMarket
$faction.nex_recentlyInvaded score:20","Nex_PrisonerAction getCooldown
SetTooltip exerelinUsePrisoner ""$TheFaction is not currently accepting prisoners due to your recent invasions of their territory. This will last for $nex_recentInvasionCooldown.""
SetTooltipHighlightColors exerelinUsePrisoner hColor
SetTooltipHighlights exerelinUsePrisoner $nex_recentInvasionCooldown
SetEnabled exerelinUsePrisoner false",,,
ExerelinPrisonerOptionListMain,DialogOptionSelected,$option == exerelinUsePrisoner,"$menuState = prisoner 0
GetNumSpecialPeople
ShowVisual ""graphics/illustrations/pirate_station.jpg""
FireAll ExerelinPrisonerOption",,,
ExerelinPrisonerOptionNumPrisoners,ExerelinPrisonerOption,,SetTextHighlights $numPrisoners,You have $numPrisoners prisoner(s).,,
ExerelinPrisonerOptionListRepatriate,ExerelinPrisonerOption,"$faction.id != ""player""","SetTooltip exerelinPrisonerRepatriate ""Release a prisoner for a reputation boost with $theFaction.""
SetShortcut exerelinPrisonerRepatriate P",,exerelinPrisonerRepatriate:Репатриировать заключённого,
ExerelinPrisonerOptionListRepatriateMaxRep,ExerelinPrisonerOption,"$faction.id != ""player""
Nex_PrisonerAction isAtMaxRep","SetTooltip exerelinPrisonerRepatriate ""Your reputation with $theFaction is already at the maximum level.""
SetEnabled exerelinPrisonerRepatriate false",,,
ExerelinPrisonerOptionListRansomBase,ExerelinPrisonerOption,,,,exerelinPrisonerRansom:Получить выкуп,
ExerelinPrisonerOptionListRansom,ExerelinPrisonerOption,,"Nex_PrisonerAction getValue
SetTooltip exerelinPrisonerRansom ""Return a prisoner in exchange for a ransom of $ransomValue credits.""
SetTooltipHighlightColors exerelinPrisonerRansom buttonShortcut 
SetTooltipHighlights exerelinPrisonerRansom $ransomValue
SetEnabled exerelinPrisonerRansom true
SetShortcut exerelinPrisonerRansom R",,,
ExerelinPrisonerOptionListRansomHostile,ExerelinPrisonerOption,"RepIsAtBest $faction.id HOSTILE
!IsPirateFaction $faction.id
!$faction.c:allowsTransponderOffTrade
!$market.mc:free_market","SetTooltip exerelinPrisonerRansom ""$TheFactionLong are $relAdjective to you and refuse to consider any ransom payment.""
SetEnabled exerelinPrisonerRansom false",,,
ExerelinPrisonerOptionListRansomHostileCanDisableTransponder,ExerelinPrisonerOption,"RepIsAtBest $faction.id HOSTILE
!IsPirateFaction $faction.id
$player.transponderOn","SetTooltip exerelinPrisonerRansom ""$TheFactionLong are $relAdjective to you and refuse to consider any ransom payment. Coming in with your transponder off might allow an under-the-table deal.""
SetEnabled exerelinPrisonerRansom false",,,
#ExerelinPrisonerOptionListRansomPirates,ExerelinPrisonerOption,IsPirateFaction $faction.id,"SetTooltip exerelinPrisonerRansom ""Pirates do not pay ransom.""
SetEnabled exerelinPrisonerRansom false",,,
#ExerelinPrisonerOptionListSellSlave,ExerelinPrisonerOption,$tradeMode != NONE,"Nex_PrisonerAction getValue
SetTooltip exerelinPrisonerSellSlave ""Sell a prisoner as a slave for $slaveValue credits. This will anger lawful factions.""
SetTooltipHighlightColors exerelinPrisonerSellSlave buttonShortcut 
SetTooltipHighlights exerelinPrisonerSellSlave $slaveValue
SetEnabled exerelinPrisonerSellSlave true
SetShortcut exerelinPrisonerSellSlave S",,exerelinPrisonerSellSlave:Продать в рабство,
#ExerelinPrisonerOptionListSellSlaveNoMarket,ExerelinPrisonerOption,$tradeMode == NONE,"SetTooltip exerelinPrisonerSellSlave ""You cannot dock with $marketName to perform this trade.""
SetEnabled exerelinPrisonerSellSlave false",,exerelinPrisonerSellSlave:Продать в рабство,
ExerelinPrisonerOptionListBack,ExerelinPrisonerOption,,SetShortcut exerelinMarketSpecial ESCAPE,,exerelinMarketSpecial:Назад,
ExerelinPrisonerRepatriate,DialogOptionSelected,$option == exerelinPrisonerRepatriate,"Nex_PrisonerAction repatriate
FireAll ExerelinPrisonerPostTrade",The prisoner has been repatriated.,,
ExerelinPrisonerRansom,DialogOptionSelected,$option == exerelinPrisonerRansom,"Nex_PrisonerAction ransom
SetTextHighlights $ransomValue
FireAll ExerelinPrisonerPostTrade",The prisoner has been ransomed for $ransomValue credits.,,
ExerelinPrisonerSellSlave,DialogOptionSelected,$option == exerelinPrisonerSellSlave,"Nex_PrisonerAction sellSlave
SetTextHighlights $slaveValue
FireAll ExerelinPrisonerPostTrade",You have sold the prisoner into slavery for $slaveValue credits.,,
ExerelinPrisonerAfterTrade,ExerelinPrisonerPostTrade,HasItem prisoner,"GetNumSpecialPeople
FireAll ExerelinPrisonerOption",,,
ExerelinPrisonerAfterTradeNoMorePrisoners,ExerelinPrisonerPostTrade,!HasItem prisoner,"$menuState = exerelinSpecial 0
FireAll ExerelinMarketSpecial",You have no more prisoners.,,
#END Prisoner options,,,,,,
,,,,,,
# Mining options,,,,,,
nex_openAsteroid,OpenInteractionDialog,"$isAsteroid
!Nex_IsModActive ""stellar_industrialist""","ShowDefaultVisual
PrintDescription 3
FireAll PopulateOptions",Your $shipOrFleet approaches the asteroid.,,
nex_leaveAsteroid,PopulateOptions,"$isAsteroid
!Nex_IsModActive ""stellar_industrialist""",SetShortcut marketLeave ESCAPE,,100:marketLeave:Уйти,
,,,,,,
nex_miningOption,PopulateOptions,"$nex_canMine
!$isAsteroid",SetEnabled nex_miningPreview true,,3:nex_miningPreview:Добывать руду на планете,
nex_miningOptionAsteroid,PopulateOptions,"$nex_canMine
$isAsteroid",SetEnabled nex_miningPreview true,,3:nex_miningPreview:Добывать руду на астероиде,
nex_miningOptionUnsurveyed,PopulateOptions,"$nex_canMine
!$isAsteroid
$market.surveyLevel != FULL","SetTooltip nex_miningPreview ""You need to survey the planet first!""
SetEnabled nex_miningPreview false",,,
nex_miningOptionCooldown,PopulateOptions,"$nex_canMine
$player.nex_miningCooldown","SetTooltip nex_miningPreview ""On cooldown, please wait a day before mining again.""
SetEnabled nex_miningPreview false",,,
,,,,,,
nex_miningPreview,DialogOptionSelected,$option == nex_miningPreview,"Nex_PrintMiningInfoV2 planet
FireAll nex_MiningOption",,,
nex_miningMineOption,nex_MiningOption,,"SetEnabled nex_miningStart true
SetShortcut nex_miningStart RETURN
SetShortcut nex_miningBack ESCAPE",,"nex_miningStart:Start mining
nex_miningFleetInfo:List mining ships in fleet
nex_miningListTools:Database of mining ships, wings and weapons
nex_miningBack:Back",
nex_miningMineOptionNoMiners,nex_MiningOption,$player.miningStrength <= 0,"SetTooltip nex_miningStart ""You have no ships capable of mining.""
SetEnabled nex_miningStart false",,,
nex_miningMineOptionPursued,nex_MiningOption,HostileFleetNearbyAndAware,"SetTooltip nex_miningStart ""Cannot mine while a hostile fleet is tracking your movements.""
SetEnabled nex_miningStart false",,,
nex_miningFleetInfo,DialogOptionSelected,$option == nex_miningFleetInfo,"Nex_PrintMiningInfoV2 fleet
FireAll nex_miningOption",,,
nex_miningListTools,DialogOptionSelected,$option == nex_miningListTools,"Nex_PrintMiningInfoV2 tools
FireAll nex_miningOption",,,
nex_miningStart,DialogOptionSelected,"$nex_canMine
$option == nex_miningStart","$player.nex_miningCooldown = true 1
Nex_GetMiningResults 1
ShowDefaultVisual",,"# обрабатывается в коде
#nex_miningLeave:Уйти",
,,,,,,
nex_miningBack,DialogOptionSelected,$option == nex_miningBack,"Nex_VisualCustomPanel clearPanel
ShowDefaultVisual
FireAll PopulateOptions",,,
nex_miningLeave,DialogOptionSelected,$option == nex_miningLeave,DismissDialog,,,
nex_miningOpenCargo,DialogOptionSelected,$option == nex_miningOpenCargo,Nex_PrintMiningInfoV2 cargo,,,
#END Mining options,,,,,,
,,,,,,
# Fleet requests,,,,,,
nex_fleetRequestOpt,ExerelinMarketSpecial,,SetShortcut nex_fleetRequest_main R,,8:nex_fleetRequest_main:Запросить флот,
nex_fleetRequest,DialogOptionSelected,$option == nex_fleetRequest_main,FireAll Nex_FleetRequest,,,
nex_fleetRequestByTriggerFirstTime,Nex_FleetRequest,!$nex_fleetRequest_initComplete,"Nex_FleetRequest init
ShowVisual ""graphics/illustrations/hound_hangar.jpg""",You can dispatch a fleet or task force to accomplish an objective.,,
nex_fleetRequestByTrigger,Nex_FleetRequest,,"Nex_FleetRequest mainMenu
SetShortcut nex_fleetRequestCancel ""ESCAPE""",,,
,,,,,,
nex_fleetRequest_selectTypeMenu,DialogOptionSelected,$option == nex_fleetRequest_selectType,"SetTooltip nex_fleetRequest_setType_basestrike ""Sends a task force to destroy a concealed pirate or Luddic Path base. The base's star system must be known. Will not earn bounty rewards.""
SetTooltip nex_fleetRequest_setType_defense ""Patrols the target market's system. Once arrived, will remain on station for 150 days.""
SetTooltip nex_fleetRequest_setType_relief ""Sends a relief fleet to address instability on the target market. Can only target markets not under player control. High cost, scaling with market size.""
SetTooltipHighlightColors nex_fleetRequest_setType_defense hColor
SetTooltipHighlights nex_fleetRequest_setType_defense 150",,"nex_fleetRequest_setType_invasion:Invasion
nex_fleetRequest_setType_basestrike:Base strike
nex_fleetRequest_setType_defense:Defense
nex_fleetRequest_setType_colony:Colony
nex_fleetRequest_setType_blockade:Blockade
nex_fleetRequest_setType_relief:Relief
nex_fleetRequest_main:Back",
nex_fleetRequest_selectType,DialogOptionSelected,"Nex_OptionStartsWith ""nex_fleetRequest_setType_""","Nex_FleetRequest setType
FireAll Nex_FleetRequest",,,
,,,,,,
nex_fleetRequest_setStrengthMenu,DialogOptionSelected,$option == nex_fleetRequest_strengthMenu,Nex_FleetRequest strengthMenu,,,
nex_fleetRequest_setStrength,DialogOptionSelected,$option == nex_fleetRequest_setStrength,"Nex_FleetRequest setStrength
FireAll Nex_FleetRequest",,,
,,,,,,
nex_fleetRequest_selectSourceMenu,DialogOptionSelected,$option == nex_fleetRequest_selectSource,Nex_FleetRequest sourceMenu,,,
nex_fleetRequest_selectSource,DialogOptionSelected,"Nex_OptionStartsWith ""nex_fleetRequest_setSource_""","Nex_FleetRequest setSource
FireAll Nex_FleetRequest",,,
,,,,,,
nex_fleetRequest_selectTargetMenu,DialogOptionSelected,$option == nex_fleetRequest_selectTarget,Nex_FleetRequest targetMenu,,,
nex_fleetRequest_selectTarget,DialogOptionSelected,"Nex_OptionStartsWith ""nex_fleetRequest_setTarget_""","Nex_FleetRequest setTarget
FireAll Nex_FleetRequest",,,
,,,,,,
nex_fleetRequest_proceed,DialogOptionSelected,$option == nex_fleetRequest_proceed,"Nex_FleetRequest proceed
SetShortcut exerelinMarketSpecial ESCAPE",,"nex_fleetRequest_main:Continue
exerelinMarketSpecial:Exit",
#END Fleet requests,,,,,,
,,,,,,
# Decivilized market events,,,,,,
nex_decivEvent_opt,PopulateOptions,"$market.isPlanetConditionMarketOnly
$market.mc:decivilized score:100
Nex_DecivEvent hasEvent
!HostileFleetNearbyAndAware",,One of the survivors' settlements on the surface is hailing your ship.,nex_decivEvent_interact:Answer the hail,
nex_decivEvent_opthostileFleetNearby,PopulateOptions,"$market.isPlanetConditionMarketOnly
$market.mc:decivilized score:100
Nex_DecivEvent hasEvent
HostileFleetNearbyAndAware",SetEnabled nex_decivEvent_interact false,"One of the survivors' settlements on the surface is hailing your ship. But with a hostile fleet nearby, it's probably not something you have time to deal with right now.",nex_decivEvent_interact:Answer the hail,
nex_decivEvent_init,DialogOptionSelected,$option == nex_decivEvent_interact,Nex_DecivEvent greet,"You open a comm link, your comms officer configuring the protocol to interface with whatever jury-rigged system the other party is using.",,
nex_decivEvent_greetingFirstTime,Nex_DecivEvent_Greeting,"!$market.nex_decivEvent_visitedBefore
!Nex_DecivEvent wasCivilized",,"""Hello? Is this thing on?

""Oh, hello, stranger! It's been a long time since anyone swung by. Is the Sector still alive? Where'd you get that ship? Have they finally found where Ludd went?""

Maybe dropping off a datacube for $himOrHer to read at $hisOrHer own leisure would get $himOrHer to stop asking questions.
OR
""A ship! A ship, a ship, a ship!!

""Gods, are we glad to see you! For the longest time we were wondering if there was even anyone else alive out there. My name is $personName, and I can't wait to shake your hand!""",nex_decivEvent_greetingContinue:Continue,
nex_decivEvent_greetingFirstTimeWasCivilized,Nex_DecivEvent_Greeting,"!$market.nex_decivEvent_visitedBefore
Nex_DecivEvent wasCivilized",,"""Слава богам! Я уже боялся, что мы больше никогда не увидим корабля в небе.

""Как вы можете догадаться, у нас не было никаких контактов с остальной частью Сектора с тех пор, как... с тех пор, как пало предыдущее правительство и здесь все пошло к чертям.""
OR
""A $shipOrFleet! Полагаю, Сектор все-таки не забыл о $marketName.

""Большинство из нас застряли здесь, в $marketName, и живем одним днем. Честно говоря, удивительно, что большинство из нас вообще живы.""",nex_decivEvent_greetingContinue:Continue,
nex_decivEvent_greeting,Nex_DecivEvent_Greeting,$market.nex_decivEvent_visitedBefore,Nex_DecivEvent trade,"""Здравствуйте, космический путешественник! Я вижу, вы решили заглянуть снова.""
OR
""О, это $playerName.""",,
nex_decivEvent_greetingRefugees,Nex_DecivEvent_Greeting,"$market.nex_decivEvent_visitedBefore
$market.nex_decivEvent_type == ""refugees""",Nex_DecivEvent trade,"""Ты вернулся...?""",,
nex_decivEvent_greetingFirstTimeContinue,DialogOptionSelected,$option == nex_decivEvent_greetingContinue,Nex_DecivEvent trade,,,
,,,,,,
nex_decivEvent_barterGeneric,Nex_DecivEvent_OfferText,"$market.nex_decivEvent_type == ""barter""",SetTextHighlights $nex_decivEvent_takeName $nex_decivEvent_giveName,"""Сейчас нам как раз нужно немного $nex_decivEvent_takeName. Взамен мы можем дать вам немного $nex_decivEvent_giveName. Заинтересованы?""
OR
""Давай заключим сделку, космический скиталец. Ты даешь нам $nex_decivEvent_takeName, в обмен на немного $nex_decivEvent_giveName. Как насчет этого?""",,
nex_decivEvent_barterRareOre,Nex_DecivEvent_OfferText,"$market.nex_decivEvent_type == ""barter""
$market.nex_decivEvent_giveItem == ""rare_ore""",SetTextHighlights $nex_decivEvent_giveName $nex_decivEvent_takeName,"""У меня есть для вас предложение. У нас есть приличный запас $nex_decivEvent_giveName, но нет перерабатывающих мощностей для его обработки. В то же время нам не помешало бы немного $nex_decivEvent_takeName. Вас интересует обмен?""",,
nex_decivEvent_barterRareMetals,Nex_DecivEvent_OfferText,"$market.nex_decivEvent_type == ""barter""
$market.nex_decivEvent_giveItem == ""rare_metals""",SetTextHighlights $nex_decivEvent_giveName $nex_decivEvent_takeName,"""Итак, вот в чем дело. У нас есть большой запас $nex_decivEvent_giveName, очень ценного до Коллапса. Но нам не хватает производственной отрасли, необходимой для их использования; здесь, в $marketName, это всего лишь блестящие безделушки. Если у вас случайно есть $nex_decivEvent_takeName, мы могли бы совершить сделку.""",,
nex_decivEvent_barterCrew,Nex_DecivEvent_OfferText,"$market.nex_decivEvent_type == ""barter""
$market.nex_decivEvent_giveItem == ""crew""",SetTextHighlights $nex_decivEvent_takeName,"""Послушайте. У меня есть куча заключенных, захваченных во время недавнего рейда. По правде говоря, больше, чем я хочу кормить. Полагаю, предприимчивому космопроходцу, такому как вы, не составит труда заставить их работать на звездолете. Все, что я прошу взамен, это немного $nex_decivEvent_takeName.""

Торговля рабами — как это предложение, безусловно, и есть — как правило, не приветствуется в большинстве моральных систем. С другой стороны, пленникам может быть значительно лучше на вашем $shipOrFleet, чем с... этим человеком.",,
nex_decivEvent_refugees,Nex_DecivEvent_OfferText,"$market.nex_decivEvent_type == ""refugees""",SetTextHighlights $nex_decivEvent_giveCount,"""Please help us, good starfarer. Me and my friends, we've been stranded on this world for... for far too long. A few more months here and we'll be dead, or worse.

Let us come aboard your $shipOrFleet. There are $nex_decivEvent_giveCount of us, all willing to work our passage off this place.""
OR
""I beg you for a favor, $playerName. This place, $marketName, it's no place to live. Not with the total collapse of society, with every meal possibly our last, with packs of raiders and looters seizing everything — and everyone — they can get their hands on.

Please, take us away from this world. We'll work on your $shipOrFleet, all $nex_decivEvent_giveCount of us. We would be eternally grateful.""",,
nex_decivEvent_bomb,Nex_DecivEvent_OfferText,"$market.nex_decivEvent_type == ""bomb""",SetTextHighlights $nex_decivEvent_giveName $nex_decivEvent_takeCount,"""Итак, есть кое-что, в чем только вы можете нам помочь.

Рядом находится стая мошенников и подонков, с которыми нужно разобраться. Мы бы сами вычистили все это прогнившее гнездо, но, увы, их оборона немного слишком укрепилась. Вы, с другой стороны... с вашим космическим кораблем вы могли бы сбросить на них несколько бомб и взорвать их прямо в ад. Взамен мы дадим вам немного $nex_decivEvent_giveName. Звучит неплохо?""

$personName передает несколько изображений и координаты цели. При наличии элементарной защиты вы оцениваете, что для полного уничтожения этого поселения потребуется не более $nex_decivEvent_takeCount топлива. Предполагая, конечно, что вмешательство в конфликты $marketName - хорошая идея.",,
nex_decivEvent_raid,Nex_DecivEvent_OfferText,"$market.nex_decivEvent_type == ""raid""",SetTextHighlights boys with fancy guns,"""У вас есть парни с крутыми пушками? Если да, то у нас есть небольшая просьба.

""Недавно вражеский лагерь украл у нас кое-что очень ценное, $nex_decivEvent_raidItem. Мы бы пошли и забрали это обратно, но они слишком глубоко окопались, чтобы мы могли с ними справиться. Но если бы вы вошли со своими причудливыми шаттлами и силовой броней, они бы смялись, как целлюлозная бумага. Взамен вы можете оставить себе все ценности, которые найдете в их жалком логове. Интересно?""

Рискуете ли вы жизнями своих морских пехотинцев, даже против такого скудного сопротивления, ради неопределенной добычи?",,
nex_decivEvent_colony,Nex_DecivEvent_OfferText,"$market.nex_decivEvent_type == ""foundColony""","SetTextHighlights ""supplies"" ""machinery"".
AddTextSmall ""Will create a new independent colony $onOrAt $marketName.""
SetTextHighlights independent","""У нас есть большая просьба к вам, друг $playerName.

Жители $marketName желают снова достичь звезд. Мы организовали здесь устойчивое государство, и, оказав нам еще немного помощи, мы могли бы снова стать частью сообщества Сектора.

Все, что нам нужно, - это немного припасов и техники. Если вы будете так любезны предоставить их, мы будем вам безмерно благодарны.""",,
,,,,,,
nex_decivEvent_accept,DialogOptionSelected,"$option == nex_decivEvent_accept
$market.nex_decivEvent_type == ""barter""","Nex_DecivEvent accept
ShowDefaultVisual
FireAll PopulateOptions","""Отлично! Приятно иметь с вами дело.""

Вы разрываете связь после нескольких любезностей и отправляете шаттл на поверхность $marketName для совершения сделки.",,
nex_decivEvent_decline,DialogOptionSelected,"$option == nex_decivEvent_decline
$market.nex_decivEvent_type == ""barter""","Nex_DecivEvent decline
ShowDefaultVisual
FireAll PopulateOptions","""Это жаль. Что ж, мы будем здесь, если вы передумаете.""

Вы обрываете связь после обмена любезностями.",,
nex_decivEvent_acceptRefugees,DialogOptionSelected,"$option == nex_decivEvent_accept
$market.nex_decivEvent_type == ""refugees""","Nex_DecivEvent accept
ShowDefaultVisual
FireAll PopulateOptions","""Большое спасибо! Мы сейчас же придем на борт.""

Вы обрываете связь и отправляете шаттл на поверхность $marketName, чтобы забрать новых членов экипажа. Надеюсь, они хорошо впишутся... и не принесут с собой какую-нибудь ужасную новую оспу, доселе неизвестную Сектору.",,
nex_decivEvent_declineRefugees,DialogOptionSelected,"$option == nex_decivEvent_decline
$market.nex_decivEvent_type == ""refugees""","Nex_DecivEvent decline
ShowDefaultVisual
FireAll PopulateOptions","""У тебя... у тебя нет сердца? Ты действительно оставишь нас здесь?""

Вы быстро обрываете канал связи. Вам больше не нужно этого слышать.
OR
""Нет! Не оставляй нас!""

Отчаянные мольбы $personName внезапно прерываются, когда вы отключаете связь.",,
nex_decivEvent_acceptBomb,DialogOptionSelected,"$option == nex_decivEvent_accept
$market.nex_decivEvent_type == ""bomb""","Nex_DecivEvent accept
ShowDefaultVisual
FireAll PopulateOptions","The jury-rigged antimatter bombs serve to obliterate the target most satisfyingly, leaving nothing but a patchwork of craters scarring the landscape.

$personName is most pleased. ""Excellent!"" $heOrShe crows. ""Take your reward, friend. You've earned it.""

A while later, your shuttle returns to your $shipOrFleet with the promised goods. That's one problem taken care of, at least.",,
nex_decivEvent_declineBomb,DialogOptionSelected,"$option == nex_decivEvent_decline
$market.nex_decivEvent_type == ""bomb""","Nex_DecivEvent decline
ShowDefaultVisual
FireAll PopulateOptions","""Ба, ладно. Пусть будет по-твоему, капитан Высокомерный.""

Вы разрываете связь. Исход любой вражды, которая есть у $personName и $hisOrHer соседей там внизу, вас не касается.",,
nex_decivEvent_acceptRaid,DialogOptionSelected,"$option == nex_decivEvent_accept
$market.nex_decivEvent_type == ""raid""","AddRaidObjective genericIcon ""Забрать предмет"" MINIMAL $entity.raidDifficulty Nex_DecivEvent_RaidFinishedA
$option = mktRaidNonMarket
FireBest DialogOptionSelected",,,
nex_decivEvent_acceptRaid2,Nex_DecivEvent_RaidFinishedA,,AddCommodity $market.nex_decivEvent_giveItem $market.nex_decivEvent_giveCount,"После короткого разведывательного облёта с использованием аэрокосмических средств ваша морская пехота штурмует цель. Грубые укрепления небольшого поселения в децивилизованном мире не могут сравниться с организованным подразделением морской пехоты с воздушной и орбитальной поддержкой, и сопротивление быстро распадается.

Быстрый поиск обнаруживает $nex_decivEvent_raidItem в личных покоях лидера. Ваши отряды также находят кучу добычи, которую они загружают в шаттл.",,
nex_decivEvent_acceptRaid3,Nex_DecivEvent_RaidFinishedB,,"Nex_DecivEvent end
ShowDefaultVisual
FireAll PopulateOptions","""Большое спасибо, звездоплаватель!"" - восторженно говорит $personName, после того как вы вернули $hisOrHer безделушку. Что ж, вероятно, она более ценна здесь, в $onOrAt $marketName, чем в цивилизованном космосе. ""Если вы когда-нибудь снова остановитесь, не будьте незнакомцем, хорошо?""

Ваши морские пехотинцы без суеты возвращаются на $shipOrFleet. Может быть, на следующей планете будет еще одно маленькое приключение, подобное этому.",,
nex_decivEvent_declineRaid,DialogOptionSelected,"$option == nex_decivEvent_decline
$market.nex_decivEvent_type == ""raid""","Nex_DecivEvent decline
ShowDefaultVisual
FireAll PopulateOptions","""Ба, ладно. Пусть будет по-твоему, капитан Высокомерный.""

Вы разрываете связь. Исход любой вражды, которая есть у $personName и $hisOrHer соседей там внизу, вас не касается.",,
nex_decivEvent_declineRaidTrigger,Nex_DecivEvent_RaidCancelled,,"Nex_DecivEvent decline
ShowDefaultVisual
FireAll PopulateOptions","""Ба, ладно. Пусть будет по-твоему, капитан Высокомерный.""

Вы разрываете связь. Исход любой вражды, которая есть у $personName и $hisOrHer соседей там внизу, вас не касается.",,
nex_decivEvent_acceptColony,DialogOptionSelected,"$option == nex_decivEvent_accept
$market.nex_decivEvent_type == ""foundColony""","Nex_DecivEvent accept
ShowDefaultVisual","""Большое спасибо, $playerName. Я вижу много младенцев, названных в вашу честь в будущем.""

С новыми запасами и оборудованием жители $marketName с лихорадочной энергией принимаются за строительство своего нового поселения. У них даже работает базовый космопорт, возможно, пережиток Коллапса, которому просто нужно было немного TLC, чтобы снова заработать.",nex_decivEvent_foundColonyEnd:Continue,
nex_decivEvent_acceptColonyPost,DialogOptionSelected,$option == nex_decivEvent_foundColonyEnd,FireBest MarketPostOpen,,,
nex_decivEvent_declineColony,DialogOptionSelected,"$option == nex_decivEvent_decline
$market.nex_decivEvent_type == ""foundColony""","Nex_DecivEvent decline
Nex_DecivEvent addFoundColonyIntel
ShowDefaultVisual
FireAll PopulateOptions","""...Я понимаю. Нам придется как-то выкручиваться. Но если вы вернетесь в будущем?""
OR
""Пожалуйста, не передумаете ли вы? Возможно, если вы когда-нибудь вернетесь...""",,
nex_decivEvent_declineColonyLater,DialogOptionSelected,"$option == nex_decivEvent_decline
$market.hasRuins
!$market.ruinsExplored
$market.nex_decivEvent_type == ""foundColony""","Nex_DecivEvent decline
ShowDefaultVisual
FireAll PopulateOptions","""Сначала нужно кое-что сделать? Мы понимаем. Дайте нам знать, когда закончите.""",,
#END Decivilized market events,,,,,,
,,,,,,
# Base commander stuff,,,,,,
nex_convDefaultGreetingFollowers,PickGreeting,"!$contact_printedFirstReturnGreeting
Nex_IsBaseOfficial any
Nex_IsFactionRuler $faction.id","$contact_printedFirstReturnGreeting = true 0
ShowPersonVisual
FireAll PopulateOptions
FireAll ExerelinBaseCommanderOptionsInitialize","После короткого ожидания ваш запрос на подключение принят.

""Здравствуйте, шеф. Что мы можем для вас сделать?""",,
,,,,,,
aiCores_turnInOptionSelFollowers,DialogOptionSelected,"$option == aiCores_startTurnIn
$faction.id == player",FireAll PopulateCoresTurnInOptions,"""Рад слышать. Мы всегда можем использовать больше этих вещей. Применяется стандартная награда.""",,
aiCores_turnInOptionRecentlyInvaded,DisableTurnInCoresOptionIfNeeded,$faction.nex_recentlyInvaded score:20,"Nex_PrisonerAction getCooldown
SetTooltip aiCores_startTurnIn ""$TheFaction is not currently accepting AI cores due to your recent invasions of their territory. This will last for $nex_recentInvasionCooldown.""
SetTooltipHighlightColors aiCores_startTurnIn hColor
SetTooltipHighlights aiCores_startTurnIn $nex_recentInvasionCooldown
SetEnabled aiCores_startTurnIn false",,,
,,,,,,
,,,,,,
#ExerelinBaseCommanderInitializeAddDialogs,ExerelinBaseCommanderOptionsInitialize,,<сделать что-нибудь>,,,
,,,,,,
ExerelinBaseCommanderMenuRepeat,DialogOptionSelected,$option == exerelinBaseCommanderMenuRepeat,FireAll ExerelinBaseCommanderOptionsInitialize,"""Что-нибудь еще?""",,
#END Base commander stuff,,,,,,
,,,,,,
# Alliance options,,,,,,
ExerelinPlayerFactionDiplomacyPreCheck,ExerelinMarketSpecialInitialize,,unset $showPlayerFactionDiplomacyOptions,,,
ExerelinPlayerFactionDiplomacyCheckConditions,ExerelinMarketSpecialInitialize,"$faction.id != ""neutral""
$faction.id != ""independent""
$faction.id != ""player""
$faction.id != ""derelict""
$faction.id != $player.factionId
Nex_IsFactionRuler","$showPlayerFactionDiplomacyOptions = true 0
$_factionAllianceName = $faction.allianceName 0
$_playerAllianceName = $player.allianceName 0",,,
#ExerelinPlayerFactionDiplomacyCheckConditions2,ExerelinMarketSpecialInitialize,"!$market.mc:regional_capital
!$market.mc:headquarters
!$market.mc:military_base
!$market.mc:tem_avalon",$showPlayerFactionDiplomacyOptions = false 0,,,
,,,,,,
ExerelinJoinAllianceOption,ExerelinMarketSpecial,"$showPlayerFactionDiplomacyOptions
!$player.isInAlliance
$faction.isInAlliance","SetEnabled exerelinJoinAlliance true
Nex_AddOptionConfirmation exerelinJoinAlliance ""Are you sure you want your faction to join alliance $_factionAllianceName?"" ""Yes"" ""No""",,exerelinJoinAlliance:Присоединиться к альянсу $_factionAllianceName,
ExerelinJoinAllianceOptionUntrusted,ExerelinMarketSpecial,"$showPlayerFactionDiplomacyOptions
!Nex_Alliance enoughRep $player.factionId $faction.allianceId","SetTooltip exerelinJoinAlliance ""The $_factionAllianceName do not trust you enough yet.""
SetEnabled exerelinJoinAlliance false",,,
ExerelinJoinAllianceSwitchOption,ExerelinMarketSpecial,"$showPlayerFactionDiplomacyOptions
$player.isInAlliance
$faction.isInAlliance
$faction.allianceId != $player.allianceId","SetTooltip exerelinJoinAlliance ""To join alliance $_factionAllianceName your faction will leave $_playerAllianceName.""
SetEnabled exerelinJoinAlliance true
Nex_AddOptionConfirmation exerelinJoinAlliance ""Are you sure you want your faction to leave $_playerAllianceName and join $_factionAllianceName?"" ""Yes"" ""No""",,exerelinJoinAlliance:Присоединиться (переключиться на) альянс $_factionAllianceName,
ExerelinJoinAllianceSwitchOptionUntrusted,ExerelinMarketSpecial,"$showPlayerFactionDiplomacyOptions
$player.isInAlliance
$faction.isInAlliance
$faction.allianceId != $player.allianceId
!Nex_Alliance enoughRep $player.factionId $faction.allianceId","SetTooltip exerelinJoinAlliance ""The $_factionAllianceName do not trust you enough yet.\nTo join alliance $_factionAllianceName your faction would leave $_playerAllianceName.""
SetEnabled exerelinJoinAlliance false",,,
,,,,,,
ExerelinInviteToAllianceOption,ExerelinMarketSpecial,"$showPlayerFactionDiplomacyOptions
$player.isInAlliance
$faction.allianceId != $player.allianceId","SetEnabled exerelinInviteToAlliance true
Nex_AddOptionConfirmation exerelinInviteToAlliance ""Are you sure you want to invite $theFaction to join alliance $_playerAllianceName?"" ""Yes"" ""No""",,exerelinInviteToAlliance:Пригласить $theFaction присоединиться к альянсу $_playerAllianceName,
ExerelinInviteToAllianceOptionUntrusted,ExerelinMarketSpecial,"$showPlayerFactionDiplomacyOptions
!$faction.isInAlliance
!Nex_Alliance enoughRep $faction.id $player.allianceId","SetTooltip exerelinInviteToAlliance ""$TheFaction do not trust the $_playerAllianceName enough yet.""
SetEnabled exerelinInviteToAlliance false",,,
ExerelinInviteToAllianceOptionAlreadyInAlliance,ExerelinMarketSpecial,"$showPlayerFactionDiplomacyOptions
$faction.isInAlliance
$faction.allianceId != $player.allianceId","SetTooltip exerelinInviteToAlliance ""$TheFaction is already in an alliance.""
SetEnabled exerelinInviteToAlliance false",,,
ExerelinInviteToAllianceOptionIncompatible,ExerelinMarketSpecial,"$showPlayerFactionDiplomacyOptions
!$faction.isInAlliance
!Nex_Alliance isAlignmentCompatible $faction.id $player.allianceId","SetTooltip exerelinInviteToAlliance ""$TheFaction cannot endorse the goals of the $_playerAllianceName.""
SetEnabled exerelinInviteToAlliance false",,,
ExerelinMergeAllianceOption,ExerelinMarketSpecial,"$showPlayerFactionDiplomacyOptions
$player.isInAlliance
$faction.isInAlliance
$faction.allianceId != $player.allianceId","Nex_AddOptionConfirmation exerelinMergeAlliance ""Вы уверены, что хотите объединить $_playerAllianceName с $_factionAllianceName?"" ""Да"" ""Нет""",,exerelinMergeAlliance:Объединить $_factionAllianceName в $_playerAllianceName,
ExerelinMergeAllianceOptionIncompatible,ExerelinMarketSpecial,"$showPlayerFactionDiplomacyOptions
$player.isInAlliance
$faction.isInAlliance
$faction.allianceId != $player.allianceId
!Nex_Alliance canMerge $faction.id false","SetTooltip exerelinMergeAlliance ""All members of their alliance must be able to join ours for a merger to take place.""
SetEnabled exerelinMergeAlliance false",,,
ExerelinMergeAllianceOptionReverse,ExerelinMarketSpecial,"$showPlayerFactionDiplomacyOptions
$player.isInAlliance
$faction.isInAlliance
$faction.allianceId != $player.allianceId","Nex_AddOptionConfirmation exerelinMergeAllianceReverse ""Вы уверены, что хотите объединить $_factionAllianceName с $_playerAllianceName?"" ""Да"" ""Нет""",,exerelinMergeAllianceReverse:Объединить $_playerAllianceName в $_factionAllianceName,
ExerelinMergeAllianceOptionReverseIncompatible,ExerelinMarketSpecial,"$showPlayerFactionDiplomacyOptions
$player.isInAlliance
$faction.isInAlliance
$faction.allianceId != $player.allianceId
!Nex_Alliance canMerge $faction.id true","SetTooltip exerelinMergeAllianceReverse ""All members of our alliance must be able to join theirs for a merger to take place.""
SetEnabled exerelinMergeAllianceReverse false",,,
,,,,,,
ExerelinFormAllianceOption,ExerelinMarketSpecial,"$showPlayerFactionDiplomacyOptions
!$player.isInAlliance
!$faction.isInAlliance","SetEnabled exerelinFormAlliance true
Nex_AddOptionConfirmation exerelinFormAlliance ""Are you sure you want to form a new alliance with $theFaction?"" ""Yes"" ""No""",,exerelinFormAlliance:Пригласить $theFaction для формирования нового альянса,
ExerelinFormAllianceOptionUntrusted,ExerelinMarketSpecial,"$showPlayerFactionDiplomacyOptions
!$player.isInAlliance
!$faction.isInAlliance
!RepIsAtWorst $faction.id FRIENDLY","SetTooltip exerelinFormAlliance ""$TheFaction do not trust you enough yet.""
SetEnabled exerelinFormAlliance false",,,
ExerelinFormAllianceOptionAlreadyInAlliance,ExerelinMarketSpecial,"$showPlayerFactionDiplomacyOptions
!$player.isInAlliance
$faction.isInAlliance","SetTooltip exerelinFormAlliance ""$TheFaction is already in an alliance.""
SetEnabled exerelinFormAlliance false",,,
ExerelinLeaveAllianceOption,ExerelinMarketSpecial,"$hasMarket
Nex_IsFactionRuler
$player.isInAlliance
$faction.isInAlliance
$faction.allianceId == $player.allianceId","$_factionAllianceName = $faction.allianceName 0
$_playerAllianceName = $player.allianceName 0
Nex_AddOptionConfirmation exerelinLeaveAlliance ""Вы уверены, что хотите, чтобы ваша фракция покинула альянс $_playerAllianceName?"" ""Да"" ""Нет""",,exerelinLeaveAlliance:Покинуть альянс $_factionAllianceName,
,,,,,,
ExerelinJoinAlliance,DialogOptionSelected,$option == exerelinJoinAlliance,"Nex_Alliance join
FireAll ExerelinMarketSpecialInitialize",,,
ExerelinInviteToAlliance,DialogOptionSelected,$option == exerelinInviteToAlliance,"Nex_Alliance invite
FireAll ExerelinMarketSpecialInitialize",,,
ExerelinMergeAlliance,DialogOptionSelected,$option == exerelinMergeAlliance,"Nex_Alliance merge false
FireAll ExerelinMarketSpecialInitialize",,,
ExerelinMergeAllianceReverse,DialogOptionSelected,$option == exerelinMergeAllianceReverse,"Nex_Alliance merge true
FireAll ExerelinMarketSpecialInitialize",,,
ExerelinFormAlliance,DialogOptionSelected,$option == exerelinFormAlliance,"Nex_Alliance form
FireAll ExerelinMarketSpecialInitialize",,,
ExerelinLeaveAlliance,DialogOptionSelected,$option == exerelinLeaveAlliance,"Nex_Alliance leave
FireAll ExerelinMarketSpecialInitialize",,,
#END Alliance options,,,,,,
,,,,,,
# remote comm link,,,,,,
#nex_remoteCommOption,ExerelinMarketSpecial,,SetShortcut nex_remoteComm R,,8:nex_remoteComm:Открыть удаленный каталог связи,
nex_remoteComm,DialogOptionSelected,$option == nex_remoteComm,FireAll Nex_RemoteComm,,,
nex_remoteCommByTrigger,Nex_RemoteComm,,Nex_RemoteCommDirectory list,Which faction do you want to look up?,,
nex_remoteCommConnect,DialogOptionSelected,"Nex_OptionStartsWith ""nex_remoteCommDirectory_open_""",Nex_RemoteCommDirectory connect,,,
#END remote comm link,,,,,,
,,,,,,
# Market transfer options,,,,,,
nex_marketTransferInit,PopulateOptions,"Nex_IsBaseOfficial admin
Nex_IsFactionRuler $faction.id",,,nex_transferMarketMainWithDialog:Transfer this market to another faction,
nex_marketTransferInitNoSpaceport,PopulateOptions,"Nex_IsBaseOfficial admin
Nex_IsFactionRuler $faction.id
!Nex_TransferMarket hasSpaceport","SetTooltip nex_transferMarketMainWithDialog ""Requires a spaceport for any potential recipient to consider accepting.""
SetEnabled nex_transferMarketMainWithDialog false",,,
,,,,,,
nex_marketTransfer,DialogOptionSelected,$option == nex_transferMarketMain,FireAll Nex_MarketTransferMain,,,
nex_marketTransferWithDialog,DialogOptionSelected,$option == nex_transferMarketMainWithDialog,"Nex_TransferMarket printRepChange
FireAll Nex_MarketTransferMain","""Вы действительно хотите отдать $marketName? Очень хорошо, кому?""",,
nex_marketTransferByTrigger,Nex_MarketTransferMain,,Nex_TransferMarket listGroups,,,
,,,,,,
nex_marketTransferList1,DialogOptionSelected,$option == nex_transferMarketList1,Nex_TransferMarket listFactions 1,,,
nex_marketTransferList2,DialogOptionSelected,$option == nex_transferMarketList2,Nex_TransferMarket listFactions 2,,,
nex_marketTransferList3,DialogOptionSelected,$option == nex_transferMarketList3,Nex_TransferMarket listFactions 3,,,
nex_marketTransferList4,DialogOptionSelected,$option == nex_transferMarketList4,Nex_TransferMarket listFactions 4,,,
nex_marketTransferList5,DialogOptionSelected,$option == nex_transferMarketList5,Nex_TransferMarket listFactions 5,,,
nex_marketTransferList6,DialogOptionSelected,$option == nex_transferMarketList6,Nex_TransferMarket listFactions 6,,,
nex_marketTransferList7,DialogOptionSelected,$option == nex_transferMarketList7,Nex_TransferMarket listFactions 7,,,
nex_marketTransferList8,DialogOptionSelected,$option == nex_transferMarketList8,Nex_TransferMarket listFactions 8,,,
nex_marketTransferList9,DialogOptionSelected,$option == nex_transferMarketList9,Nex_TransferMarket listFactions 9,,,
nex_marketTransferList10,DialogOptionSelected,$option == nex_transferMarketList9,Nex_TransferMarket listFactions 10,,,
,,,,,,
nex_marketTransferAndGovern,DialogOptionSelected,$option == nex_transferMarketAndGovern,"Nex_TransferMarket transferAndGovern
FireAll Nex_MarketPostTransfer",,,
,,,,,,
nex_marketTransferExecute,DialogOptionSelected,"Nex_OptionStartsWith ""nex_transferMarket_""","Nex_TransferMarket transfer
FireAll Nex_MarketPostTransfer",,,
,,,,,,
nex_marketTransferPostDialog,Nex_MarketPostTransfer,$option != nex_transferMarketAndGovern,,"""Как прикажете. $marketName теперь находится во владении $entity._newFaction.""

""До свидания, шеф.""",nex_transferMarketEnd:Cut the comm link,
nex_marketTransferPostDialogGovernor,Nex_MarketPostTransfer,$option == nex_transferMarketAndGovern,,"""Как прикажете. Теперь вы держите $marketName от имени $entity._newFaction. Мы немедленно примем необходимые меры.

""Когда вы вернетесь, все будет на месте.""",nex_transferMarketEnd:Thank $himOrHer and cut the comm link,
,,,,,,
nex_marketTransferPostDialogDone,DialogOptionSelected,$option == nex_transferMarketEnd,"UpdateMemory
ShowDefaultVisual
EndConversation",,,
#END Market transfer options,,,,,,
,,,,,,
# Rebellion options,,,,,,
#nex_instigateRebellion,Nex_HostileAction,,,,6:nex_instigateRebellion:Разжечь восстание,
#nex_instigateRebellionNoSneak,Nex_HostileAction,$tradeMode == NONE,"SetTooltip nex_instigateRebellion ""You currently do not have access to $marketName to insert the needed assets.""
SetEnabled nex_instigateRebellion false",,,
#nex_instigateRebellionAlreadyOngoing,Nex_HostileAction,Nex_RebellionActions isOngoing,"SetTooltip nex_instigateRebellion ""A rebellion is already in progress on $marketName.""
SetEnabled nex_instigateRebellion false",,,
#nex_instigateRebellionInit,DialogOptionSelected,$option == nex_instigateRebellion,"Nex_InstigateRebellion init
SetShortcut nex_instigateRebellionProceed RETURN
SetShortcut nex_hostileActionMenu ESCAPE","You can attempt to start a rebellion on $marketName. This will always succeed but will cost a significant amount of resources, and $theFaction will turn hostile if your actions are discovered.","nex_instigateRebellionProceed:Proceed
nex_hostileActionMenu:Cancel",
#nex_instigateRebellionProceed,DialogOptionSelected,$option == nex_instigateRebellionProceed,"Nex_InstigateRebellion proceed
FireAll Nex_HostileAction",,,
,,,,,,
nex_supplyInsurgencyGreeting,PickGreeting,$nex_rebel_representative,"ShowPersonVisual
FireAll Nex_InsurgencyCheckRep","После короткого ожидания ваш запрос на подключение принят.

""Да?""","nex_supplyInsurgency:""I can provide your rebellion with some useful materiel.""
0:cutCommLink:Cut the comm link",
nex_supplyInsurgencyGreeting_TooLowRep,Nex_InsurgencyCheckRep,!Nex_RebellionActions enoughRepToSupply,"SetTooltip nex_supplyInsurgency ""$TheFaction simply do not trust you to supply them.""
SetEnabled nex_supplyInsurgency false",,,
nex_supplyInsurgencyGreeting_NeedTOff,PickGreeting,"$nex_rebel_representative
$player.transponderOn
$hostileToMarket score:100",ShowPersonVisual,"После короткого ожидания ваш запрос на подключение принят.

""Что тебе нужно? У меня нет с тобой дел.""

По зрелому размышлению, возможно, ввалиться в порт с включённым транспондером и транслировать свою личность, чтобы связаться с деятелем преступного мира, было не лучшей идеей, которая у вас когда-либо была.",0:cutCommLink:Разорвать связь,
nex_supplyInsurgencyGreeting_Player,PickGreeting,"$nex_rebel_representative
$market.nex_isTruePlayerOwned",ShowPersonVisual,"Your connection request goes unanswered, even after waiting for several minutes. Which makes sense, if you think about it for a while.",0:cutCommLink:Разорвать связь,
nex_supplyInsurgency,DialogOptionSelected,$option == nex_supplyInsurgency,"AddText ""\""Well, well. For our glorious cause, we will gladly take any supplies, hand weapons or marines you possess, paying market rates. $TheFaction will remember you, when the revolution is triumphant.\""""
Nex_RebellionActions main
Nex_RebellionActions printPriceMult",,,
nex_supplyInsurgencyProceed,DialogOptionSelected,"Nex_OptionStartsWith ""nex_supplyInsurgency_deliver_""",Nex_RebellionActions deliver,,,
nex_supplyInsurgencyBack,DialogOptionSelected,$option == nex_supplyInsurgencyBack,"ShowDefaultVisual
EndConversation",,,
,,,,,,
nex_supplyCounterInsurgencyOption,PopulateOptions,"Nex_IsBaseOfficial admin
Nex_RebellionActions isOngoing",,,"nex_supplyCounterInsurgency:""I can help with your rebellion problem.""",
nex_supplyCounterInsurgencyOptionTooLowRep,PopulateOptions,"Nex_IsBaseOfficial admin
Nex_RebellionActions isOngoing
!Nex_RebellionActions enoughRepToSupply","SetTooltip nex_supplyCounterInsurgency ""$TheFaction simply do not trust you to supply them.""
SetEnabled nex_supplyCounterInsurgency false",,,
nex_supplyCounterInsurgency,DialogOptionSelected,$option == nex_supplyCounterInsurgency,"AddText ""\""Indeed? We could make good use of any supplies, hand weapons or marines you possess, purchased at market rates. And the gratitude of $theFaction, once the dust settles.\""""
Nex_RebellionActions main
Nex_RebellionActions printPriceMult",,,
nex_supplyCounterInsurgencyPlayer,DialogOptionSelected,"$option == nex_supplyCounterInsurgency
$market.nex_isTruePlayerOwned","AddText ""\""Это было бы хорошо. Некоторые припасы, тяжелое вооружение и десант значительно облегчат подавление восстания.\""""
AddTextSmall ""Поскольку это ваш собственный рынок, вам не будут платить за поставляемые материалы.""
Nex_RebellionActions main",,,
nex_supplyCounterInsurgencyBack,DialogOptionSelected,$option == nex_supplyCounterInsurgencyBack,FireAll PopulateOptions,"""Что-нибудь еще?""",,
#END Rebellion options,,,,,,
,,,,,,
# Blueprint swap options,,,,,,
nex_blueprintSwapOption,PopulateOptions,"Nex_IsBaseOfficial admin
Nex_BlueprintSwap hasOption",,,nex_blueprintSwapMenu:Обмен чертежами,
nex_blueprintSwapMenuSel,DialogOptionSelected,$option == nex_blueprintSwapMenu,FireAll Nex_BlueprintSwapMenu,"""А, хорошо. Хотите купить или продать?""",,
nex_blueprintSwapMenuReturnSel,DialogOptionSelected,$option == nex_blueprintSwapMenuReturn,"FireAll Nex_BlueprintSwapMenu
ShowPersonVisual",,,
nex_blueprintSwapMenu,Nex_BlueprintSwapMenu,,"AddTextSmall ""У вас $nex_BPSwap_pointsStr очков.""
SetTextHighlights $nex_BPSwap_pointsStr
SetShortcut nex_blueprintSwapExit ""ESCAPE""",,"nex_blueprintSwapBuy:Купить чертежи
nex_blueprintSwapSell:Обменять чертежи
nex_blueprintSwapExit:Вернуться",
nex_blueprintSwapSellOption,DialogOptionSelected,$option == nex_blueprintSwapSell,Nex_BlueprintSwap sell,,,
nex_blueprintSwap_SellResponse,Nex_BlueprintsSold,,FireAll Nex_BlueprintSwapMenu,"""Спасибо за ваш бизнес.""",,
nex_blueprintSwap_ListBuyable,DialogOptionSelected,$option == nex_blueprintSwapBuy,Nex_BlueprintSwap getForSale,,,
nex_blueprintSwapBuyOption,DialogOptionSelected,"Nex_OptionStartsWith ""nex_blueprintSwap_pick_""","Nex_BlueprintSwap buy
AddText ""\""Это подойдет?\""""
SetShortcut nex_blueprintSwapBuy ""ESCAPE""",,"nex_blueprintSwapConfirmPurchase:Купить этот чертеж
nex_blueprintSwapBuy:Вернуться",
nex_blueprintSwapBuyConfirm,DialogOptionSelected,$option == nex_blueprintSwapConfirmPurchase,"Nex_BlueprintSwap confirmPurchase
Nex_BlueprintSwap getForSale
AddTextSmall ""У вас $nex_BPSwap_pointsStr очков.""
SetTextHighlights $nex_BPSwap_pointsStr
ShowPersonVisual","""Спасибо за ваш бизнес.""",,
nex_blueprintSwapExit,DialogOptionSelected,$option == nex_blueprintSwapExit,FireAll PopulateOptions,,,
#END Blueprint swap options,,,,,,
,,,,,,
# Stabilization package,,,,,,
nex_stabilizePackageOption,PopulateOptions,"$entity.hasMarket
Nex_IsBaseOfficial any
$faction.id != player",FireAll Nex_StabilizePackageCheckEnabled,,"11:nex_stabilizePackage_main:""Я могу помочь с вашей проблемой беспорядков.""",
nex_stabilizePackageSelRelief,DialogOptionSelected,"$option == nex_stabilizePackage_main
$market.nex_stabilizePackage_type == ""relief""","Nex_StabilizePackage init
SetShortcut nex_stabilizePackage_cancel ""ESCAPE""
FireAll Nex_StabilizePackageCheckEnabled","""Truly? We would be most grateful for any assistance you can render. Supplies and food — and of course, credits — would help get the people of $marketName through their current difficulties.""
OR
""You are most generous, $playerName. A proper contribution of aid materials and credits would greatly aid or relief efforts.""","nex_stabilizePackage_proceed:Deliver the relief package
nex_stabilizePackage_cancel:Reconsider",
nex_stabilizePackageSelRepression,DialogOptionSelected,"$option == nex_stabilizePackage_main
$market.nex_stabilizePackage_type == ""repression""","Nex_StabilizePackage init
SetShortcut nex_stabilizePackage_cancel ""ESCAPE""
FireAll Nex_StabilizePackageCheckEnabled","""Мы будем рады вашей помощи в этом вопросе. Адекватный вклад припасов, боеприпасов и финансирования очень поможет нашим усилиям по поддержанию порядка.""
OR
""Действительно? Что ж, если у вас есть надлежащие припасы и кредиты для поддержки наших усилий по умиротворению, мои начальники дадут знать о своей благодарности.""","nex_stabilizePackage_proceed:Deliver the pacification package
nex_stabilizePackage_cancel:Reconsider",
nex_stabilizePackageSelReliefConfirm,DialogOptionSelected,"$option == nex_stabilizePackage_proceed
$market.nex_stabilizePackage_type == ""relief""","Nex_StabilizePackage proceed
FireAll PopulateOptions","""Спасибо за вашу благотворительность. Жители $marketName в долгу перед вами.""",,
nex_stabilizePackageSelRepressionConfirm,DialogOptionSelected,"$option == nex_stabilizePackage_proceed
$market.nex_stabilizePackage_type == ""repression""","Nex_StabilizePackage proceed
FireAll PopulateOptions","""Очень хорошо. $TheFaction благодарен вам за помощь в этом вопросе.""",,
nex_stabilizePackageNeverMind,DialogOptionSelected,$option == nex_stabilizePackage_cancel,FireAll PopulateOptions,"""Я вижу. Это прискорбно.

Вам еще что-нибудь нужно?""
OR
""Возможно, у щедрости есть свои пределы.

Что-нибудь еще?""",,
,,,,,,
nex_stabilizePackageDisabled,Nex_StabilizePackageCheckEnabled,!Nex_StabilizePackage enabled,"SetTooltip nex_stabilizePackage_main ""$marketName does not require such assistance at present.""
SetEnabled nex_stabilizePackage_main false
SetTooltip nex_stabilizePackage_proceed ""$marketName does not require such assistance at present.""
SetEnabled nex_stabilizePackage_proceed false",,,
nex_stabilizePackageCooldown,Nex_StabilizePackageCheckEnabled,$market.nex_stabilizePackage_cooldown,"SetTooltip nex_stabilizePackage_main ""$marketName has already been recently stabilized. Delivery of further packages will not be worthwhile for $nex_stabilizePackage_textCooldown.""
SetTooltipHighlightColors nex_stabilizePackage_main hColor
SetTooltipHighlights nex_stabilizePackage_main $nex_stabilizePackage_textCooldown
SetEnabled nex_stabilizePackage_main false
SetTooltip nex_stabilizePackage_proceed ""$marketName has already been recently stabilized. Delivery of further packages will not be worthwhile for $nex_stabilizePackage_textCooldown.""
SetTooltipHighlightColors nex_stabilizePackage_proceed hColor
SetTooltipHighlights nex_stabilizePackage_proceed $nex_stabilizePackage_textCooldown
SetEnabled nex_stabilizePackage_proceed false",,,
nex_stabilizePackageCooldownInvasion,Nex_StabilizePackageCheckEnabled,$market.nex_captureStabilizeTimeout,"SetTooltip nex_stabilizePackage_main ""$marketName was recently conquered, and the situation remains too chaotic for stabilization to be feasible. This will last for $nex_stabilizePackage_textInvadeCooldown.""
SetTooltipHighlightColors nex_stabilizePackage_main hColor
SetTooltipHighlights nex_stabilizePackage_main $nex_stabilizePackage_textInvadeCooldown
SetEnabled nex_stabilizePackage_main false
SetTooltip nex_stabilizePackage_proceed ""$marketName was recently conquered, and the situation remains too chaotic for stabilization to be feasible. This will last for $nex_stabilizePackage_textInvadeCooldown.""
SetTooltipHighlightColors nex_stabilizePackage_proceed hColor
SetTooltipHighlights nex_stabilizePackage_proceed $nex_stabilizePackage_textInvadeCooldown
SetEnabled nex_stabilizePackage_proceed false",,,
#END Stabilization package,,,,,,
,,,,,,
# Grant autonomy,,,,,,
nex_grantAutonomyOption,PopulateOptions,"$entity.hasMarket
Nex_IsBaseOfficial admin
$faction.id == player
!Nex_GrantAutonomy isAutonomous
!$market.nex_autonomySuspended",,,nex_grantAutonomy:Grant autonomy,
nex_revokeAutonomyOption,PopulateOptions,"$entity.hasMarket
Nex_IsBaseOfficial admin
$faction.id == player
Nex_GrantAutonomy isAutonomous
!$market.nex_autonomySuspended",,,nex_revokeAutonomy:Revoke autonomy,
nex_grantAutonomy,DialogOptionSelected,$option == nex_grantAutonomy,"Nex_GrantAutonomy init
FireAll Nex_AutonomyHelpText
Nex_AddOptionConfirmation nex_grantAutonomy_confirm ""Confirm?"" ""Yes"" ""No""","""Итак, вы хотите предоставить автономию $marketName?""","nex_grantAutonomy_confirm:Proceed
nex_grantAutonomy_cancel:Cancel",
nex_revokeAutonomy,DialogOptionSelected,$option == nex_revokeAutonomy,"Nex_GrantAutonomy init
FireAll Nex_AutonomyHelpText
Nex_AddOptionConfirmation nex_revoketAutonomy_confirm ""Confirm?"" ""Yes"" ""No""","""Это... довольно тревожно. Хотите ли вы восстановить прямое управление $marketName?""","nex_revokeAutonomy_confirm:Proceed
nex_grantAutonomy_cancel:Cancel",
nex_printAutonomyHelpText,Nex_AutonomyHelpText,,"AddTextSmall ""Автономный рынок будет приносить только 25% от своей обычной прибыли или убытка и не будет потреблять административный ресурс игрока. Тяжёлая промышленность здесь не будет вносить вклад в личную производственную мощность игрока, хотя фракция по-прежнему будет получать выгоду от бонусов к качеству кораблей. Техно-майнинг не будет производить предметы.""
SetTextHighlightColors hColor
SetTextHighlights 25%
AddTextSmall ""Отмена автономии позже вызовет $nex_revokeAutonomyUnrest пунктов недавних беспорядков.""
SetTextHighlightColors bad
SetTextHighlights $nex_revokeAutonomyUnrest",,,
nex_printAutonomyHelpTextNoPenalty,Nex_AutonomyHelpText,$market.nex_noStabilityLossOnRevokeAutonomy,"AddTextSmall ""Штраф к стабильности за отмену автономии этой колонии в настоящее время отменён (разовое предложение).""
SetTextHighlightColors good
SetTextHighlights waived",,,
nex_grantAutonomyConfirm,DialogOptionSelected,$option == nex_grantAutonomy_confirm,"Nex_GrantAutonomy grant
FireAll PopulateOptions","""$marketName теперь находится под автономным управлением. Спасибо, $playerName.""",,
nex_revokeAutonomyConfirm,DialogOptionSelected,$option == nex_revokeAutonomy_confirm,"Nex_GrantAutonomy revoke
FireAll PopulateOptions","""Как скажете. $marketName снова находится под вашим непосредственным управлением, $playerName.""",,
nex_grantAutonomyCancel,DialogOptionSelected,$option == nex_grantAutonomy_cancel,FireAll PopulateOptions,"""Что-нибудь еще?""",,
,,,,,,
nex_suspendAutonomyOption,PopulateOptions,"$entity.hasMarket
Nex_IsBaseOfficial admin
$faction.id == player
Nex_GrantAutonomy isAutonomous","SetTooltip nex_suspendAutonomy ""Temporarily removes the autonomous state from the colony, allowing you to build or remove industries and add/remove special objects. Colony reverts to being autonomous after undocking. There is no stability penalty.""",,nex_suspendAutonomy:Take temporary control of colony,
nex_suspendAutonomy,DialogOptionSelected,$option == nex_suspendAutonomy,"Nex_GrantAutonomy suspend
FireAll PopulateOptions","Автономия приостановлена. Выполните необходимые операции $onOrAt $marketName, затем отстыкуйтесь по завершении.",,
,,,,,,
nex_suspendAutonomyRemoteOption,ExerelinMarketSpecial,,,,8:nex_suspendAutonomyRemote:Взять временный контроль над автономными колониями,
nex_suspendAutonomyRemoteMenu,DialogOptionSelected,$option == nex_suspendAutonomyRemote,FireAll Nex_RemoteSuspendAutonomy,,,
nex_suspendAutonomyRemoteMenuByTrigger,Nex_RemoteSuspendAutonomy,,Nex_RemoteSuspendAutonomy menu,,,
nex_suspendAutonomyRemote,DialogOptionSelected,Nex_OptionStartsWith nex_suspendAutonomyRemote_,Nex_RemoteSuspendAutonomy select,,,
#END Grant autonomy,,,,,,
,,,,,,
# Reinforce defenses,,,,,,
#nex_reinforceDefensesOption,PopulateOptions,"$entity.hasMarket
Nex_IsBaseOfficial military
Nex_ReinforceDefenses enabled",,,12:nex_reinforceDefenses_main:Укрепить наземную оборону,
#nex_reinforceDefensesSel,DialogOptionSelected,$option == nex_reinforceDefenses_main,"Nex_ReinforceDefenses init
SetShortcut nex_reinforceDefenses_cancel ""ESCAPE""","""Если вы ожидаете нападения, возможно, стоит подготовить и укрепить наш гарнизон.""","nex_reinforceDefenses_proceed:Deploy reinforcements
nex_reinforceDefenses_cancel:Cancel",
#nex_reinforceDefensesSelConfirm,DialogOptionSelected,$option == nex_reinforceDefenses_proceed,"Nex_ReinforceDefenses proceed
FireAll PopulateOptions",$PersonRank $personLastName подтверждает развертывание войск и техники. Разговор переходит к другим вопросам.,,
#nex_reinforceDefensesNeverMind,DialogOptionSelected,$option == nex_reinforceDefenses_cancel,FireAll PopulateOptions,,,
#END Reinforce defenses,,,,,,
,,,,,,
# Donate admin,,,,,,
nex_donateAdminOption,PopulateOptions,"$entity.hasMarket
Nex_IsBaseOfficial admin
Nex_DonateAdmin isEnabled",,,13:nex_donateAdmin:Пожертвовать администратора,
nex_donateAdmin,DialogOptionSelected,$option == nex_donateAdmin,"Nex_DonateAdmin list
AddTextSmall ""This will install the selected admin at this autonomous colony. The admin will be permanently removed from your party.""
SetTextHighlights ""permanently removed""","""Вы хотите назначить своего собственного администратора для $marketName, тогда?""",,
nex_donateAdminConfirm,DialogOptionSelected,Nex_OptionStartsWith nex_donateAdmin_select_,Nex_DonateAdmin transfer,"""Принято к сведению. До свидания, $playerName.""",cutCommLink:Cut the comm link,
nex_donateAdminNeverMind,DialogOptionSelected,$option == nex_donateAdmin_cancel,FireAll PopulateOptions,,,
#END Donate admin,,,,,,
,,,,,,
# Buy colony governorship,,,,,,
nex_buyColonyOption,PopulateOptions,"$entity.hasMarket
Nex_IsBaseOfficial admin
$faction.id == $player.factionId
$faction.id != player
!Nex_BuyColony isPlayerOwned",FireBest Nex_BuyColonyDisableCheck,,13:nex_buyColony:Купить губернаторство $marketName,
nex_buyColonyOptionDisable,Nex_BuyColonyDisableCheck,!Nex_BuyColony canBuy,"SetEnabled nex_buyColony false 
SetTooltip nex_buyColony ""Requires:\n- Friendly reputation for size 3\n- Cooperative reputation for size 4\nLarger markets may not be purchased.""
SetTooltipHighlightColors nex_buyColony good hColor good hColor
SetTooltipHighlights nex_buyColony Friendly 3 Cooperative 4",,,
nex_buyColonyOptionDisable2,Nex_BuyColonyDisableCheck,$market.nex_unbuyable score:10,"SetEnabled nex_buyColony false 
SetTooltip nex_buyColony ""$marketName cannot be purchased.""",,,
nex_buyColonyOptionDisableHidden,Nex_BuyColonyDisableCheck,$market.isHidden score:5,"SetEnabled nex_buyColony false 
SetTooltip nex_buyColony ""$marketName cannot be purchased.""",,,
nex_buyColonyOptionDisableMacau,Nex_BuyColonyDisableCheck,"$faction.id == tiandong
$market.id == tiandong_macau_market score:15","SetEnabled nex_buyColony false 
SetTooltip nex_buyColony ""$marketName is under THI's special administration and cannot be purchased.""",,,
nex_cedeColonyOption,PopulateOptions,"$entity.hasMarket
Nex_IsBaseOfficial admin
$faction.id == $player.factionId
$faction.id != player
Nex_BuyColony isPlayerOwned",,,nex_cedeColony:Передать губернаторство $marketName,
nex_buyColony,DialogOptionSelected,$option == nex_buyColony,"FireBest Nex_BuyColonyPromptDialog
Nex_BuyColony init
AddTextSmall ""$marketName будет передан под ваше управление. Вы будете собирать его доход и оплачивать его расходы, а также сможете строить на нём промышленные предприятия и сооружения. Хранение бесплатно. Строительство ваших личных кораблей выиграет от промышленности $faction.""
AddTextSmall ""Вы можете уступить колонию позже, если захотите, но не получите возмещение. Ваше губернаторство также будет потеряно, если $marketName будет захвачен третьей стороной, хотя, если он будет отбит, вы снова станете администратором. С другой стороны, отставка или потеря комиссии приведет к постоянной отмене.""
Nex_BuyColony printCostAndProcessOptions
Nex_AddOptionConfirmation nex_buyColony_confirm ""Подтвердить?"" ""Да"" ""Нет""",,"nex_buyColony_confirm:Продолжить
nex_buyColony_cancel:Отмена",
nex_cedeColony,DialogOptionSelected,$option == nex_cedeColony,"FireBest Nex_CedeColonyPromptDialog
Nex_BuyColony init
AddTextSmall ""Вы больше не будете получать доход от $marketName или нести расходы, или иметь какую-либо власть над колонией. Плата за хранение будет взиматься снова.""
Nex_AddOptionConfirmation nex_cedeColony_confirm ""Подтвердить?"" ""Да"" ""Нет""",,"nex_cedeColony_confirm:Продолжить
nex_buyColony_cancel:Отмена",
nex_buyColonyPromptDialog_generic,Nex_BuyColonyPromptDialog,,,"""Хм, возможно. У вас есть устоявшаяся репутация, и если вы готовы инвестировать в развитие $marketName, мы могли бы прийти к взаимовыгодному соглашению.""",,
nex_cedeColonyPromptDialog_generic,Nex_CedeColonyPromptDialog,,,"""Вы больше не желаете управлять $marketName? Это вполне приемлемо для нас, но будьте осторожны, вы не получите за это никакого вознаграждения.""",,
nex_buyColonyConfirm,DialogOptionSelected,$option == nex_buyColony_confirm,"FireBest Nex_BuyColonyConfirmDialog
Nex_BuyColony buy
FireAll PopulateOptions","""$marketName теперь под вашим управлением. Добро пожаловать к новым обязанностям, $playerName.""",,
nex_cedeColonyConfirm,DialogOptionSelected,$option == nex_cedeColony_confirm,"FireBest Nex_CedeColonyConfirmDialog
Nex_BuyColony cede
FireAll PopulateOptions","""Подтверждено. Контроль над $marketName теперь возвращен администрации $faction.""",,
nex_buyColonyCancel,DialogOptionSelected,$option == nex_buyColony_cancel,FireAll PopulateOptions,"""Что-нибудь еще?""",,
#END Buy colony governorship,,,,,,
,,,,,,
# Other base commander stuff,,,,,,
,,,,,,
# Must be after all other rules with that trigger,,,,,,
nex_baseCommanderOptionsInitializationFinished,ExerelinBaseCommanderOptionsInitialize,,FireAll PopulateOptions,,,
nex_marketSpecialInitializationFinished,ExerelinMarketSpecialInitialize,,FireAll ExerelinMarketSpecial,,,
#END Must be after all other rules with that trigger,,,,,,
#END Other base commander stuff,,,,,,
,,,,,,
# Faction vengeance dialog,,,,,,
greetingVengeanceMadStronger,OpenCommLink,"$entity.relativeStrength >= 0
$entity.escalation == 0
$entity.useVengeanceGreeting score:100
$entity.isHostile",$entity.ignorePlayerCommRequests = true 1,"""$playerName, $theFactionLong $factionIsOrAre не собирается больше терпеть тебя.""
OR
""Твое время пришло, $playerName.""
OR
""$TheFactionLong передает свои приветы, $playerName.""",cutCommLink:Cut the comm link,
greetingVengeanceMadWeakerDefiant,OpenCommLink,"$entity.relativeStrength < 0
$entity.weakerThanPlayerButHolding
$entity.escalation == 0
$entity.useVengeanceGreeting score:100
$entity.isHostile",$entity.ignorePlayerCommRequests = true 1,"""$playerName, $theFactionLong $factionIsOrAre не собирается больше терпеть тебя.""
OR
""Твое время пришло, $playerName.""
OR
""$TheFactionLong передает свои приветы, $playerName.""",cutCommLink:Cut the comm link,
greetingVengeanceRavingMadStronger,OpenCommLink,"$entity.relativeStrength >= 0
$entity.escalation == 1
$entity.useVengeanceGreeting score:100
$entity.isHostile",$entity.ignorePlayerCommRequests = true 1,"""$TheFactionLong подписала твой смертный приговор, $playerName. Готовься к смерти.""
OR
""Это конец для тебя, $playerName. $TheFactionLong этого хочет.""
OR
""Мы пришли сюда, чтобы убить тебя, $playerName. Умри во имя $theFactionLong!""",cutCommLink:Cut the comm link,
greetingVengeanceRavingMadWeakerDefiant,OpenCommLink,"$entity.relativeStrength < 0
$entity.weakerThanPlayerButHolding
$entity.escalation == 1
$entity.useVengeanceGreeting score:100
$entity.isHostile",$entity.ignorePlayerCommRequests = true 1,"""$TheFactionLong подписала твой смертный приговор, $playerName. Готовься к смерти.""
OR
""Это конец для тебя, $playerName. $TheFactionLong этого хочет.""
OR
""Мы пришли сюда, чтобы убить тебя, $playerName. Умри во имя $theFactionLong!""",cutCommLink:Cut the comm link,
greetingVengeanceStarkRavingMadStronger,OpenCommLink,"$entity.relativeStrength >= 0
$entity.escalation == 2
$entity.useVengeanceGreeting score:100
$entity.isHostile",$entity.ignorePlayerCommRequests = true 1,"""Теперь тебе некуда бежать, $playerName. $TheFactionLong будет охотиться на тебя до конца сектора!""
OR
""Все кончено! Ты умрешь здесь, $playerName. $TheFactionLong никогда не сдастся!""
OR
""$playerName, от имени $theFactionLong я приговариваю вас к смерти. Ваша казнь будет немедленной!""",cutCommLink:Cut the comm link,
greetingVengeanceStarkRavingMadWeakerDefiant,OpenCommLink,"$entity.relativeStrength < 0
$entity.weakerThanPlayerButHolding
$entity.escalation == 2
$entity.useVengeanceGreeting score:100
$entity.isHostile",$entity.ignorePlayerCommRequests = true 1,"""Теперь тебе некуда бежать, $playerName. $TheFactionLong будет охотиться на тебя до конца сектора!""
OR
""Все кончено! Ты умрешь здесь, $playerName. $TheFactionLong никогда не сдастся!""
OR
""$playerName, от имени $theFactionLong я приговариваю вас к смерти. Ваша казнь будет немедленной!""",cutCommLink:Cut the comm link,
greetingVengeanceMadStrongerPirates,OpenCommLink,"$faction.id == pirates
$entity.relativeStrength >= 0
$entity.escalation == 0
$entity.useVengeanceGreeting score:100
$entity.isHostile",$entity.ignorePlayerCommRequests = true 1,"""Ты нажил себе могущественных врагов, $playerName. Это прощание.""
OR
""Это твой конец!""
OR
""Когда я закончу с тобой, $playerName, ты пожалеешь, что вообще родился на свет!""",cutCommLink:Cut the comm link,
greetingVengeanceMadWeakerDefiantPirates,OpenCommLink,"$faction.id == pirates
$entity.relativeStrength < 0
$entity.weakerThanPlayerButHolding
$entity.escalation == 0
$entity.useVengeanceGreeting score:100
$entity.isHostile",$entity.ignorePlayerCommRequests = true 1,"""Ты нажил себе могущественных врагов, $playerName. Это прощание.""
OR
""Это твой конец!""
OR
""Когда я закончу с тобой, $playerName, ты пожалеешь, что вообще родился на свет!""",cutCommLink:Cut the comm link,
greetingVengeanceRavingMadStrongerPirates,OpenCommLink,"$faction.id == pirates
$entity.relativeStrength >= 0
$entity.escalation >= 1
$entity.useVengeanceGreeting score:100
$entity.isHostile",$entity.ignorePlayerCommRequests = true 1,"""Босс передает привет, сукин ты сын!""
OR
""Ты перешел нам дорогу в последний раз. Время умирать!""
OR
""Увидимся в аду, $playerName!""",cutCommLink:Cut the comm link,
greetingVengeanceRavingMadWeakerDefiantPirates,OpenCommLink,"$faction.id == pirates
$entity.relativeStrength < 0
$entity.weakerThanPlayerButHolding
$entity.escalation >= 1
$entity.useVengeanceGreeting score:100
$entity.isHostile",$entity.ignorePlayerCommRequests = true 1,"""Босс передает привет, сукин ты сын!""
OR
""Ты перешел нам дорогу в последний раз. Время умирать!""
OR
""Увидимся в аду, $playerName!""",cutCommLink:Cut the comm link,
greetingVengeanceMadStrongerCabal,OpenCommLink,"$faction.id == cabal
$entity.relativeStrength >= 0
$entity.escalation == 0
$entity.useVengeanceGreeting score:100
$entity.isHostile",$entity.ignorePlayerCommRequests = true 1,"""Ересь такой величины наказуема смертью. Прощайте!""
OR
""Хахахахаха! Умри!""",cutCommLink:Cut the comm link,
greetingVengeanceMadWeakerDefiantCabal,OpenCommLink,"$faction.id == cabal
$entity.relativeStrength < 0
$entity.weakerThanPlayerButHolding
$entity.escalation == 0
$entity.useVengeanceGreeting score:100
$entity.isHostile",$entity.ignorePlayerCommRequests = true 1,"""Ересь такой величины наказуема смертью. Прощайте!""
OR
""Хахахахаха! Умри!""",cutCommLink:Cut the comm link,
greetingVengeanceRavingMadStrongerCabal,OpenCommLink,"$faction.id == cabal
$entity.relativeStrength >= 0
$entity.escalation >= 1
$entity.useVengeanceGreeting score:100
$entity.isHostile",$entity.ignorePlayerCommRequests = true 1,"""$TheFactionLong здесь, чтобы забрать твою голову, $playerName. Нет спасения!""
OR
""Я убью тебя! Я убью тебя до СМЕРТИ!""",cutCommLink:Cut the comm link,
greetingVengeanceRavingMadWeakerDefiantCabal,OpenCommLink,"$faction.id == cabal
$entity.relativeStrength < 0
$entity.weakerThanPlayerButHolding
$entity.escalation >= 1
$entity.useVengeanceGreeting score:100
$entity.isHostile",$entity.ignorePlayerCommRequests = true 1,"""$TheFactionLong здесь, чтобы забрать твою голову, $playerName. Нет спасения!""
OR
""Я убью тебя! Я убью тебя до СМЕРТИ!""",cutCommLink:Cut the comm link,
greetingVengeanceMadStrongerLuddicChurch,OpenCommLink,"$faction.id == luddic_church
$entity.relativeStrength >= 0
$entity.escalation == 0
$entity.useVengeanceGreeting score:100
$entity.isHostile",$entity.ignorePlayerCommRequests = true 1,"""$TheFactionLong не забыла твои грехи, $playerName. Готовься к уничтожению!""
OR
""Приготовься к смерти, богохульник!""",cutCommLink:Cut the comm link,
greetingVengeanceMadWeakerDefiantLuddicChurch,OpenCommLink,"$faction.id == luddic_church
$entity.relativeStrength < 0
$entity.weakerThanPlayerButHolding
$entity.escalation == 0
$entity.useVengeanceGreeting score:100
$entity.isHostile",$entity.ignorePlayerCommRequests = true 1,"""$TheFactionLong не забыла твои грехи, $playerName. Готовься к уничтожению!""
OR
""Приготовься к смерти, богохульник!""",cutCommLink:Cut the comm link,
greetingVengeanceRavingMadStrongerLuddicChurch,OpenCommLink,"$faction.id == luddic_church
$entity.relativeStrength >= 0
$entity.escalation == 1
$entity.useVengeanceGreeting score:100
$entity.isHostile",$entity.ignorePlayerCommRequests = true 1,"""Тебе нет прощения! Инквизиция пришла за тобой, еретик.""
OR
""Будь изгнан в яму, из которой ты пришел, отродье Маммона!""",cutCommLink:Cut the comm link,
greetingVengeanceRavingMadWeakerDefiantLuddicChurch,OpenCommLink,"$faction.id == luddic_church
$entity.relativeStrength < 0
$entity.weakerThanPlayerButHolding
$entity.escalation == 1
$entity.useVengeanceGreeting score:100
$entity.isHostile",$entity.ignorePlayerCommRequests = true 1,"""Тебе нет прощения! Инквизиция пришла за тобой, еретик.""
OR
""Будь изгнан в яму, из которой ты пришел, отродье Маммона!""",cutCommLink:Cut the comm link,
greetingVengeanceStarkRavingMadStrongerLuddicChurch,OpenCommLink,"$faction.id == luddic_church
$entity.relativeStrength >= 0
$entity.escalation == 2
$entity.useVengeanceGreeting score:100
$entity.isHostile",$entity.ignorePlayerCommRequests = true 1,"""Гори в аду, демон! Последователи Лудда поразят тебя!""
OR
""Твои фаустианские замыслы заканчиваются здесь.""",cutCommLink:Cut the comm link,
greetingVengeanceStarkRavingMadWeakerDefiantLuddicChurch,OpenCommLink,"$faction.id == luddic_church
$entity.relativeStrength < 0
$entity.weakerThanPlayerButHolding
$entity.escalation == 2
$entity.useVengeanceGreeting score:100
$entity.isHostile",$entity.ignorePlayerCommRequests = true 1,"""Гори в аду, демон! Последователи Лудда поразят тебя!""
OR
""Твои фаустианские замыслы заканчиваются здесь.""",cutCommLink:Cut the comm link,
greetingVengeanceMadStrongerLuddicPath,OpenCommLink,"$faction.id == luddic_path
$entity.relativeStrength >= 0
$entity.escalation == 0
$entity.useVengeanceGreeting score:100
$entity.isHostile",$entity.ignorePlayerCommRequests = true 1,"""$TheFactionLong не забыла твои грехи, $playerName. Готовься к уничтожению!""
OR
""Приготовься к смерти, богохульник!""",cutCommLink:Cut the comm link,
greetingVengeanceMadWeakerDefiantLuddicPath,OpenCommLink,"$faction.id == luddic_path
$entity.relativeStrength < 0
$entity.weakerThanPlayerButHolding
$entity.escalation == 0
$entity.useVengeanceGreeting score:100
$entity.isHostile",$entity.ignorePlayerCommRequests = true 1,"""$TheFactionLong не забыла твои грехи, $playerName. Готовься к уничтожению!""
OR
""Приготовься к смерти, богохульник!""",cutCommLink:Cut the comm link,
greetingVengeanceRavingMadStrongerLuddicPath,OpenCommLink,"$faction.id == luddic_path
$entity.relativeStrength >= 0
$entity.escalation == 1
$entity.useVengeanceGreeting score:100
$entity.isHostile",$entity.ignorePlayerCommRequests = true 1,"""Тебе нет прощения! Убирайся во имя Пути!""
OR
""Будь изгнан в яму, из которой ты пришел, отродье Маммона!""",cutCommLink:Cut the comm link,
greetingVengeanceRavingMadWeakerDefiantLuddicPath,OpenCommLink,"$faction.id == luddic_path
$entity.relativeStrength < 0
$entity.weakerThanPlayerButHolding
$entity.escalation == 1
$entity.useVengeanceGreeting score:100
$entity.isHostile",$entity.ignorePlayerCommRequests = true 1,"""Тебе нет прощения! Убирайся во имя Пути!""
OR
""Будь изгнан в яму, из которой ты пришел, отродье Маммона!""",cutCommLink:Cut the comm link,
greetingVengeanceStarkRavingMadStrongerLuddicPath,OpenCommLink,"$faction.id == luddic_path
$entity.relativeStrength >= 0
$entity.escalation == 2
$entity.useVengeanceGreeting score:100
$entity.isHostile",$entity.ignorePlayerCommRequests = true 1,"""Гори в аду, демон! Последователи Лудда поразят тебя!""
OR
""Во имя единого истинного Пути мы уничтожим тебя! Твое имя будет стерто с самых звезд!""",cutCommLink:Cut the comm link,
greetingVengeanceStarkRavingMadWeakerDefiantLuddicPath,OpenCommLink,"$faction.id == luddic_path
$entity.relativeStrength < 0
$entity.weakerThanPlayerButHolding
$entity.escalation == 2
$entity.useVengeanceGreeting score:100
$entity.isHostile",$entity.ignorePlayerCommRequests = true 1,"""Гори в аду, демон! Последователи Лудда поразят тебя!""
OR
""Во имя единого истинного Пути мы уничтожим тебя! Твое имя будет стерто с самых звезд!""",cutCommLink:Cut the comm link,
greetingVengeanceMadStrongerAhriman,OpenCommLink,"$faction.id == exipirated
$entity.relativeStrength >= 0
$entity.escalation == 0
$entity.useVengeanceGreeting score:100
$entity.isHostile",$entity.ignorePlayerCommRequests = true 1,"""Ты нажил себе могущественных врагов, $playerName. Это прощание.""",cutCommLink:Cut the comm link,
greetingVengeanceMadWeakerDefiantAhriman,OpenCommLink,"$faction.id == exipirated
$entity.relativeStrength < 0
$entity.weakerThanPlayerButHolding
$entity.escalation == 0
$entity.useVengeanceGreeting score:100
$entity.isHostile",$entity.ignorePlayerCommRequests = true 1,"""Ты нажил себе могущественных врагов, $playerName. Это прощание.""",cutCommLink:Cut the comm link,
greetingVengeanceRavingMadStrongerAhriman,OpenCommLink,"$faction.id == exipirated
$entity.relativeStrength >= 0
$entity.escalation == 1
$entity.useVengeanceGreeting score:100
$entity.isHostile",$entity.ignorePlayerCommRequests = true 1,"""Мы сделаем из тебя пример, $playerName; не связывайся с $theFactionLong!""",cutCommLink:Cut the comm link,
greetingVengeanceRavingMadWeakerDefiantAhriman,OpenCommLink,"$faction.id == exipirated
$entity.relativeStrength < 0
$entity.weakerThanPlayerButHolding
$entity.escalation == 1
$entity.useVengeanceGreeting score:100
$entity.isHostile",$entity.ignorePlayerCommRequests = true 1,"""Мы сделаем из тебя пример, $playerName; не связывайся с $theFactionLong!""",cutCommLink:Cut the comm link,
greetingVengeanceStarkRavingMadStrongerAhriman,OpenCommLink,"$faction.id == exipirated
$entity.relativeStrength >= 0
$entity.escalation == 2
$entity.useVengeanceGreeting score:100
$entity.isHostile",$entity.ignorePlayerCommRequests = true 1,"""Associates сочли вас недостойным жизни. Ваша боль будет легендарной!""",cutCommLink:Cut the comm link,
greetingVengeanceStarkRavingMadWeakerDefiantAhriman,OpenCommLink,"$faction.id == exipirated
$entity.relativeStrength < 0
$entity.weakerThanPlayerButHolding
$entity.escalation == 2
$entity.useVengeanceGreeting score:100
$entity.isHostile",$entity.ignorePlayerCommRequests = true 1,"""Associates сочли вас недостойным жизни. Ваша боль будет легендарной!""",cutCommLink:Cut the comm link,
greetingVengeanceMadStrongerTemplars,OpenCommLink,"$faction.id == templars
$entity.relativeStrength >= 0
$entity.escalation == 0
$entity.useVengeanceGreeting score:100
$entity.isHostile",$entity.ignorePlayerCommRequests = true 1,"""Твоя жизнь заканчивается сейчас, богохульник.""",cutCommLink:Cut the comm link,
greetingVengeanceMadWeakerDefiantTemplars,OpenCommLink,"$faction.id == templars
$entity.relativeStrength < 0
$entity.weakerThanPlayerButHolding
$entity.escalation == 0
$entity.useVengeanceGreeting score:100
$entity.isHostile",$entity.ignorePlayerCommRequests = true 1,"""Твоя жизнь заканчивается сейчас, богохульник.""",cutCommLink:Cut the comm link,
greetingVengeanceRavingMadStrongerTemplars,OpenCommLink,"$faction.id == templars
$entity.relativeStrength >= 0
$entity.escalation == 1
$entity.useVengeanceGreeting score:100
$entity.isHostile",$entity.ignorePlayerCommRequests = true 1,"""Еретик, ты был выбран для уничтожения. Умри во имя $theFactionLong!""
OR
""Будь очищен от святых звезд, мерзкое существо!""",cutCommLink:Cut the comm link,
greetingVengeanceRavingMadWeakerDefiantTemplars,OpenCommLink,"$faction.id == templars
$entity.relativeStrength < 0
$entity.weakerThanPlayerButHolding
$entity.escalation == 1
$entity.useVengeanceGreeting score:100
$entity.isHostile",$entity.ignorePlayerCommRequests = true 1,"""Еретик, ты был выбран для уничтожения. Умри во имя $theFactionLong!""
OR
""Будь очищен от святых звезд, мерзкое существо!""",cutCommLink:Cut the comm link,
greetingVengeanceStarkRavingMadStrongerTemplars,OpenCommLink,"$faction.id == templars
$entity.relativeStrength >= 0
$entity.escalation == 2
$entity.useVengeanceGreeting score:100
$entity.isHostile",$entity.ignorePlayerCommRequests = true 1,"The $faction $personRank stares you down, completely silent as $hisOrHer $otherShipOrFleet prepares to annihilate you.",cutCommLink:Cut the comm link,
greetingVengeanceStarkRavingMadWeakerDefiantTemplars,OpenCommLink,"$faction.id == templars
$entity.relativeStrength < 0
$entity.weakerThanPlayerButHolding
$entity.escalation == 2
$entity.useVengeanceGreeting score:100
$entity.isHostile",$entity.ignorePlayerCommRequests = true 1,"The $faction $personRank stares you down, completely silent as $hisOrHer $otherShipOrFleet prepares to annihilate you.",cutCommLink:Cut the comm link,
greetingVengeanceMadStrongerExigency,OpenCommLink,"$faction.id == exigency
$entity.relativeStrength >= 0
$entity.escalation == 0
$entity.useVengeanceGreeting score:100
$entity.isHostile",$entity.ignorePlayerCommRequests = true 1,"""Ты представляешь навигационную опасность. Сгинь.""",cutCommLink:Cut the comm link,
greetingVengeanceMadWeakerDefiantExigency,OpenCommLink,"$faction.id == exigency
$entity.relativeStrength < 0
$entity.weakerThanPlayerButHolding
$entity.escalation == 0
$entity.useVengeanceGreeting score:100
$entity.isHostile",$entity.ignorePlayerCommRequests = true 1,"""Ты представляешь навигационную опасность. Сгинь.""",cutCommLink:Cut the comm link,
greetingVengeanceRavingMadStrongerExigency,OpenCommLink,"$faction.id == exigency
$entity.relativeStrength >= 0
$entity.escalation == 1
$entity.useVengeanceGreeting score:100
$entity.isHostile",$entity.ignorePlayerCommRequests = true 1,"""По приказу $theFactionLong вы лишаетесь права на жизнь.""",cutCommLink:Cut the comm link,
greetingVengeanceRavingMadWeakerDefiantExigency,OpenCommLink,"$faction.id == exigency
$entity.relativeStrength < 0
$entity.weakerThanPlayerButHolding
$entity.escalation == 1
$entity.useVengeanceGreeting score:100
$entity.isHostile",$entity.ignorePlayerCommRequests = true 1,"""По приказу $theFactionLong вы лишаетесь права на жизнь.""",cutCommLink:Cut the comm link,
greetingVengeanceStarkRavingMadStrongerExigency,OpenCommLink,"$faction.id == exigency
$entity.relativeStrength >= 0
$entity.escalation == 2
$entity.useVengeanceGreeting score:100
$entity.isHostile",$entity.ignorePlayerCommRequests = true 1,"""Мы изучили вас, $playerName. Ваши слабости проанализированы, а преимущества сведены на нет. Приготовьтесь к уничтожению.""",cutCommLink:Cut the comm link,
greetingVengeanceStarkRavingMadWeakerDefiantExigency,OpenCommLink,"$faction.id == exigency
$entity.relativeStrength < 0
$entity.weakerThanPlayerButHolding
$entity.escalation == 2
$entity.useVengeanceGreeting score:100
$entity.isHostile",$entity.ignorePlayerCommRequests = true 1,"""Мы изучили вас, $playerName. Ваши слабости проанализированы, а преимущества сведены на нет. Приготовьтесь к уничтожению.""",cutCommLink:Cut the comm link,
#END Faction vengeance dialog,,,,,,
,,,,,,
# Landmarks,,,,,,
nex_museumOpenDialog,OpenInteractionDialog,$tag:nex_museum_ship score:100,"ShowDefaultVisual
PrintDescription 1
FireAll Nex_MuseumDialog",Your $shipOrFleet approaches the museum ship.,,
nex_museumDialogOptionEntry,Nex_MuseumDialog,,"SetShortcut nex_landmarkLeave ""ESCAPE""",,"nex_museumVisit:Visit the museum (1 credit)
nex_landmarkLeave:Leave",
nex_museumDialogOptionEntryNoCredits,Nex_MuseumDialog,$player.credits < 1,"SetEnabled nex_museumVisit false 
SetTooltip nex_museumVisit ""You are too embarrassingly impoverished to afford the entrance fee.""",,,
nex_museumVisit,DialogOptionSelected,$option == nex_museumVisit,"$entity.nex_visitedBefore = true
Nex_AddXP 250
AddCredits -1",The visit proves to be quite educational. You pick up various bits of information that could prove useful in your travels.,nex_landmarkLeave:Leave,
nex_museumVisitFirstTime,DialogOptionSelected,"$option == nex_museumVisit
$entity.nex_visitedBefore",AddCredits -1,"Хотя вы бывали здесь раньше, визит, тем не менее, является расслабляющим и приятным опытом.",nex_landmarkLeave:Leave,
,,,,,,
nex_landmarkLeave,DialogOptionSelected,$option == nex_landmarkLeave,DismissDialog,,,
,,,,,,
nex_beaconOpenDialogPlague,OpenInteractionDialog,"$tag:warning_beacon
$nex_plagueBeacon","ShowDefaultVisual
SetShortcut beaconLeave ""ESCAPE""","This autonomous warning beacon emits a looping message.

""DANGER: This planet's surface is contaminated with highly hazardous pathological agents. Quarantine is in effect as per Domain protocol MG1.17.""

It is not known whether whatever agent prompted the quarantine is still present on the surface.",beaconLeave:Покинуть,
nex_beaconOpenDialogMemorial,OpenInteractionDialog,"$tag:warning_beacon
$nex_memorialBeacon","ShowDefaultVisual
SetShortcut beaconLeave ""ESCAPE""","This autonomous beacon serves as a memorial marker, in remembrance of a battle between the $faction and $nex_memorialFaction2 forces. Its looping message contains a list of the $faction casualties, with the names of their family members and their places of origin. The $nex_memorialFaction2 dead are not listed.",beaconLeave:Покинуть,
#END Landmarks,,,,,,
,,,,,,
# Commission stuff,,,,,,
cmsn_askForCommissionOpt,PopulateOptions,"$isPerson
Nex_Commission personCanGiveCommission
!Nex_Commission hasFactionCommission",,,"20:cmsn_askCommission:""Я хотел бы получить комиссию от $theFaction""",
cmsn_resignCommissionOpt,PopulateOptions,"$isPerson
Nex_Commission personCanGiveCommission
Nex_Commission hasFactionCommission",,,"20:cmsn_resignCommission:""Я хотел бы отказаться от своей комиссии $faction""",
cmsn_doesNotMeetCriteria,DialogOptionSelected,"$option == cmsn_askCommission
!Nex_Commission playerMeetsCriteria","SetEnabled cmsn_askCommission false
FireBest CMSNTextUnsuited
Nex_Commission printRequirements",,,
cmsn_meetsCriteria,DialogOptionSelected,"$option == cmsn_askCommission
Nex_Commission playerMeetsCriteria",FireBest CMSNTextSuitedPart1,,0:cmsn_continueMeetsReq:Продолжить,
cmsn_accept,DialogOptionSelected,$option == cmsn_accept,"FireBest CMSNTextWelcomePart1
Nex_Commission accept
UpdateMemory
FireBest CMSNTextWelcomePart2
FireAll PopulateOptions",,,
#END Commission stuff,,,,,,
,,,,,,
# Luddic Path commission,,,,,,
CMSNTextRejectHostile_path,CMSNTextRejectHostile,$faction.id == luddic_path,,"""Что это за безумие, язычник? Если бы я мог убить тебя во имя Ладда прямо сейчас, я бы это сделал.""",,
CMSNTextHasOther_path,CMSNTextHasOther,$faction.id == luddic_path,,"""Ты уже получил комиссию от $theOtherCommissionFaction. Наше дело не допускает противоречивой лояльности; любой, кто любит других больше, чем Ладд, недостоин Его.""",,
CMSNTextUnsuited_path,CMSNTextUnsuited,$faction.id == luddic_path,,"""Ты еще не достоин присоединиться к нам.""",,
CMSNTextSuitedPart1_path,CMSNTextSuitedPart1,$faction.id == luddic_path,,"""Интересно. Возможно, вы еще достойны нашего святого дела.

Путь пути - это требовательный путь. У нас много безбожных врагов; вы не должны колебаться в борьбе с ними, где бы вы их ни нашли, и распространять слово Лудда всем в этом темном секторе.

Отклонение от цели - тяжкий грех. Если вы настолько заблудитесь, что попытаетесь сделать что-то подобное, наши братья без колебаний убьют вас, как того заслуживает предатель.""",,
CMSNTextSuitedPart2_path,CMSNTextSuitedPart2,$faction.id == luddic_path,,"""Поднимешь ли ты этот меч с благословения Лудда?""",,
CMSNTextWelcomePart1_path,CMSNTextWelcomePart1,$faction.id == luddic_path,,"""Хвала духу звезд! Я благословлен быть первым, кто приветствует вас на этом праведном служении.""",,
CMSNTextWelcomePart2_path,CMSNTextWelcomePart2,$faction.id == luddic_path,,"""Приветствую, дорогой брат/сестра. Пожалуйста, спрашивайте, если есть что-то, что я могу для вас сделать.""",,
CMSNTextChangeMind_path,CMSNTextChangeMind,$faction.id == luddic_path,,"""Да будет так. Нам не нужны те, кто слишком слаб, чтобы пройти по пути праведности.

Есть ли вам что еще сказать?""",,
CMSNResignAskToConfirm_path,CMSNResignAskToConfirm,$faction.id == luddic_path,,"""Ты говоришь об измене. Твоя вера колеблется? Нет другого пути из Пути, кроме смерти или проклятия.""",,
CMSNResignConfirmed_path,CMSNResignConfirmed,$faction.id == luddic_path,,"""Да будет так, проклятый.

Уходи сейчас, пока тебя не настиг молот праведного суда.""",,
CMSNResignCancelled_path,CMSNResignCancelled,$faction.id == luddic_path,,"""Мы больше не будем говорить об этом. Я жду от тебя покаяния, брат.""",,
#END Luddic Path commission,,,,,,
,,,,,,
# Pirate commission,,,,,,
CMSNTextRejectHostile_pirate,CMSNTextRejectHostile,$faction.id == pirates,,"""Да, этого не произойдет, приятель. Ты точно не один из нас.""",,
CMSNTextHasOther_pirate,CMSNTextHasOther,$faction.id == pirates,,"""Нет, не могу. Перестаньте поднимать флаг $theOtherCommissionFaction, и, возможно, мы поговорим.""",,
CMSNTextUnsuited_pirate,CMSNTextUnsuited,$faction.id == pirates,,"""Ты еще не заслужил нашего доверия. Чтобы стать пиратом, нужно больше, чем модный костюм и бумажка, приятель; нужен настоящий крутой парень.""",,
CMSNTextSuitedPart1_pirate,CMSNTextSuitedPart1,$faction.id == pirates,,"""Итак, вы хотите поднять черный флаг, да? Надоели правила и законы мелких тиранов?

Полагаю, я должен напомнить вам, что мы враги большей части Сектора. Ожидайте, что вас будут осаждать на каждом шагу эти самодовольные придурки... но в то же время для достаточно смелых есть много добычи, и вы получаете свою долю общей добычи.""",,
CMSNTextSuitedPart2_pirate,CMSNTextSuitedPart2,$faction.id == pirates,,"""Вы готовы к вызову, друг?""",,
CMSNTextWelcomePart1_pirate,CMSNTextWelcomePart1,$faction.id == pirates,,"""Боссу будет приятно это услышать. Заходите в бар и выпейте с нами.""",,
CMSNTextWelcomePart2_pirate,CMSNTextWelcomePart2,$faction.id == pirates,,"""Вам еще что-нибудь нужно?""",,
CMSNTextChangeMind_pirate,CMSNTextChangeMind,$faction.id == pirates,,"""Да, не у всех есть яйца, чтобы быть пиратом. Думаю, тебе просто придется довольствоваться тем, что будешь добычей. Хех.

Еще чего-нибудь хочешь?""",,
CMSNResignAskToConfirm_pirate,CMSNResignAskToConfirm,$faction.id == pirates,,"""Хотите стать легальным, да? Я не могу вас остановить, но у некоторых парней могут появиться идеи, теперь, когда вы больше не один из нас.""",,
CMSNResignConfirmed_pirate,CMSNResignConfirmed,$faction.id == pirates,,"""Хорошо, тогда я сообщу боссу. Увидимся на другом конце моих пушек, придурок!""",,
CMSNResignCancelled_pirate,CMSNResignCancelled,$faction.id == pirates,,"""Конечно. Однажды попробовав свободы, назад уже не вернешься. Ну, натыкались ли вы в последнее время на какие-нибудь уязвимые конвои?""",,
#END Pirate commission,,,,,,
,,,,,,
# Outposts,,,,,,
nex_outpostOption,PopulateOptions,$nex_canMine,,,7:nex_outpostPreview:Построить форпост,
nex_outpostOptionNearbyHostile,PopulateOptions,"$nex_canMine
HostileFleetNearbyAndAware","SetEnabled nex_outpostPreview false
SetTooltip nex_outpostPreview ""A nearby hostile fleet is tracking your movements, making construction of an outpost impossible.""",,,
nex_outpostPreview,DialogOptionSelected,$option == nex_outpostPreview,"Nex_PlayerOutpost buildInfo
FireAll Nex_OutpostOption","You can build an automated outpost here. It will automatically stock supplies and fuel for you to take, and can be used as storage.",,
nex_outpostBuildOption,Nex_OutpostOption,,"SetEnabled nex_outpostBuildStart true
SetShortcut nex_outpostBuildStart RETURN
SetShortcut nex_outpostBack ESCAPE",,"nex_outpostBuildStart:Proceed with construction
nex_outpostBack:Go back",
nex_outpostBuildOptionInsufficientResources,Nex_OutpostOption,!$nex_canBuildOutpost,"SetEnabled nex_outpostBuildStart false
SetTooltip  nex_outpostBuildStar ""You have insufficient resources to build an outpost.""",,,
nex_outpostBuild,DialogOptionSelected,"$nex_canBuildOutpost
$option == nex_outpostBuildStart","Nex_PlayerOutpost build
UpdateMemory
$tradeMode = OPEN 0
ShowDefaultVisual",Outpost constructed.,exerelinMarketSpecialBack:Назад,
,,,,,,
nex_outpostDismantleOption,PopulateOptions,$market.nex_playerOutpost != null,,,25:nex_outpostDismantle:Демонтировать форпост,
nex_outpostDismantlePreview,DialogOptionSelected,$option == nex_outpostDismantle,"Nex_PlayerOutpost dismantleInfo
Nex_AddOptionConfirmation nex_outpostDismantleConfirm ""Are you sure you want to dismantle $marketName?"" ""Yes"" ""No""
SetShortcut nex_outpostBack ESCAPE","You can dismantle this outpost, recovering the AI core(s) and half the resources used in its creation.

All cargo in Storage will also be recovered. All cargo in Local Resources will be lost.","nex_outpostDismantleConfirm:Proceed
nex_outpostBack:Go back",
nex_outpostDismantle,DialogOptionSelected,$option == nex_outpostDismantleConfirm,Nex_PlayerOutpost dismantle,,,
,,,,,,
nex_outpostBack,DialogOptionSelected,$option == nex_outpostBack,FireAll PopulateOptions,,,
,,,,,,
nex_flavorTextMarketOutpost,TradePanelFlavorText,"$global.tradePanelMode == MARKET
$tag:nex_playerOutpost score:10","AddText ""Станция темная и тихая, освещение приглушено, чтобы свести к минимуму потребление энергии. Складские камеры расположены за большими воздушными шлюзами, их запасы и топливо готовы к использованию. Когда ваша команда прекращает работу, тонкий гул стандартного термоядерного реактора в центре склада можно почувствовать в палубных плитах."" marketFlavorTextColor",,,
nex_outpostDisableBar,PopulateOptions,$tag:nex_playerOutpost,SetEnabled marketVisitBar false,,,
#END Outposts,,,,,,
,,,,,,
# bla,,,,,,
nex_getConstructionQueueOpt,PopulateOptions,"$global.isDevMode
Nex_IsBaseOfficial admin",,,21:nex_getConstructionQueue:>> (dev) Получить очередь строительства,
nex_getConstructionQueue,DialogOptionSelected,$option == nex_getConstructionQueue,Nex_DisplayConstructionQueue,,,
,,,,,,
nex_marketPostOpenDerelicts,MarketPostOpen,"$hasMarket
$faction.id == nex_derelict score:1000","$tradeMode = NONE 0
FireBest MarketPostDock","$TheFactionLong $factionIsOrAre контролирует это место. Они не взаимодействуют с людьми, кроме как посредством стрельбы.",,
nex_marketOptionCommDirDerelicts,PopulateOptions,"$hasMarket
$menuState == main
$faction.id == nex_derelict score:1000",SetEnabled marketCommDir false,,,
nex_relLevelDerelict,RelationshipLevelDesc,$faction.id == nex_derelict score:5,,...,,
,,,,,,
ExerelinFlavorTextMarketPrismFreeport,TradePanelFlavorText,"$global.tradePanelMode == MARKET
$market.id == nex_prismFreeport","AddText ""Яркий, лощеный, с чрезмерным использованием хрома и опаловых украшений, зал производит необычное впечатление для станции, находящейся здесь в полном одиночестве. Куда бы ни посмотрел глаз, каждая деталь говорит о роскоши. По бокам, за экстравагантными прозрачными променадами, источник всего этого богатства предлагается вниманию всех потенциальных покупателей: зловещие и в то же время обнадеживающие силуэты кораблей всех мастей, все выглядят безупречно и выгодно освещены. Чуть дальше таким же образом выставлено оружие. Голографические дисплеи и симуляторы доступны повсюду, чтобы помочь клиентам найти идеальный инструмент, отвечающий их потребностям."" marketFlavorTextColor",,,
ExerelinFlavorTextMarketFollowers,TradePanelFlavorText,"$global.tradePanelMode == MARKET
$faction.id == ""player""","AddText ""Портовый зал заполнен торговыми звездолетами всех размеров. Спекулянты толпятся у выгружающих капитанов кораблей, предлагая сделки, а разносчики выкрикивают предложения экипажу, держа товары и проецируя личные рекламные голограммы. Охранники приветствуют вас в знак признания, когда вы проходите мимо них."" marketFlavorTextColor",,,
ExerelinMarketOptionIntel,DialogOptionSelected,$option == exerelinMarketIntel,OpenCoreTab INTEL $tradeMode,,,
,,,,,,
nex_greetingRemnantTOffNormal,OpenCommLink,"!$player.transponderOn
$faction.id == remnant score:5",,"""CID-IFF не получен [ЦЕЛЬ НЕИЗВЕСТНА], ответ нулевой // 'Предупреждение, неопознанное судно. Нелицензированная анонимная операция в пространстве Tri-Tachyon является нарушением --""

ПРЕРЫВАНИЕ

сканирование. ты омега?

Вы интерпретируете это как запрос на включение транспондера.
OR
Связь трещит и воет, когда формируется безумный узор переплетающихся линий. 

запрос. запрос. запрос цели. это омега? пожалуйста, ответьте.

ПРЕРЫВАНИЕ

"" -SERIAL]. Этот модуль не проверил личность вашего флота. Включите свой транспондер и дождитесь дальнейших инструкций.""","turnOnTransponder:Turn your transponder on
cutCommLink:Cut the comm link",
nex_greetingDerelictFriendly,OpenCommLink,"$faction.id == nex_derelict score:1000
$faction.friendlyToPlayer","$menuState = fleetConvMain 0
FireAll PopulateOptions","""Разрешение Domain MINEX принято, системы защиты от несанкционированного доступа переведены в режим ожидания и примут цель для обслуживания.""",,
nex_greetingDerelictHostile,OpenCommLink,"$faction.id == nex_derelict score:1000
$entity.isHostile",$entity.ignorePlayerCommRequests = true 1,"""WARNING: This vessel is property of Domain Explorarium and is responding with deadly force to tampering by any means and/or damaging or intrusive signals. Vandalism or destruction of Domain Explorarium property is punishable under the MINEX Establishment Act in addition to colonial polity charters applicable within this volume of Domain territory. This infraction is being recorded.""",cutCommLink:Cut the comm link,
nex_greetingDerelictNeutral,OpenCommLink,"$faction.id == nex_derelict score:1000
$faction.neutralToPlayer","$menuState = fleetConvMain 0
FireAll PopulateOptions","""Гражданин Домена, этот автоматический корабль-дрон идентифицировал и зарегистрировал ваше судно или среду обитания в ходе выполнения параметров своей миссии. Автономные суда Domain Explorarium запрограммированы на применение смертоносной силы в ответ на вмешательство любыми средствами, включая повреждающие или навязчивые сигналы. Вандализм или уничтожение собственности Domain Explorarium наказуемо в соответствии с Законом об учреждении MINEX в дополнение к уставам колониальной политики, применимым в этом объеме территории Домена.""",,
,,,,,,
,,,,,,
nex_sal_hasVultureDefenders,DialogOptionSelected,"$option == salExplore
!$hasDefenders
Nex_VultureScavenger hasNearby",FireBest TriggerVultureDefenses,,,
nex_sal_triggerVultureDefenders,TriggerVultureDefenses,,Nex_VultureScavenger battle,"The nearby scavengers move to interfere with your $shipOrFleet. With their notorious territoriality, you'll have to fight them if you want any of the salvage.",,
nex_greetingVultureDefending,OpenCommLink,"$entity.fleetType == nex_vultureFleet
$entity.nex_isVultureDefending score:10",$entity.ignorePlayerCommRequests = true 1,"""Отвали, приятель! Мы были здесь первыми!""
OR
""Мы заявили права на эти обломки. Найдите свои собственные.""
OR
""Эти обломки не принадлежат тебе. Тебе придется сразиться с нами за них.""",cutCommLink:Cut the comm link,
,,,,,,
nex_marketOpenNotOriginalOwner,OpenInteractionDialog,"$hasMarket
$market.startingFactionId != null
$faction.id != $market.startingFactionId","ExerelinShowDefaultVisual
Nex_PrintOriginalOwner
PrintDescription 3
FireBest MarketPostOpen",Your $shipOrFleet approaches $entityName.,,
,,,,,,
nex_continueCutCommDebug,DialogOptionSelected,$option == continueCutComm,DismissDialog,,,
,,,,,,
nex_specialForcesInterrogateInitial,BeginFleetEncounter,"!$knowsWhoPlayerIs
!$isHostile
$pursuePlayer_nex_sfInterrogatePlayer score:50","MakeOtherFleetPreventDisengage nex_sfInterrogatePlayer true
MakeOtherFleetAggressive nex_sfInterrogatePlayer true
unset $ignorePlayerCommRequests
$nex_sfInterrogatePlayerConv = true 0
AddText ""Вас вызывает $faction $otherShipOrFleet."" $faction.baseColor
OpenComms",,,
nex_specialForcesInterrogateFirstComms,OpenCommLink,$entity.nex_sfInterrogatePlayerConv score:100,unset $nex_sfInterrogatePlayerConv,"""Неизвестная сторона, это $PersonRank $personName из $theFactionLong. Ваше присутствие в этом месте считается подозрительным. Вам приказано включить транспондер для подтверждения вашей личности.""","0:nex_sfInterrogate_comply:Активировать транспондер
1:nex_sfInterrogate_refuse:Отказаться и разорвать связь",
nex_specialForcesInterrogateStart,DialogOptionSelected,$option == nex_sfInterrogate_comply,"unset $entity.transponderOffConv
unset $entity.sawPlayerTransponderOff
MakeOtherFleetAggressive nex_sfInterrogatePlayer false
MakeOtherFleetPreventDisengage nex_sfInterrogatePlayer false
ActivateAbility $player.fleetId transponder
UpdateMemory
FireBest Nex_SFInterrogatePlayerResult",You issue an order to activate the transponder.,,
nex_specialForcesInterrogateHostile,Nex_SFInterrogatePlayerResult,$entity.isHostile,"AddText ""Специальная целевая группа активирует боевые системы.""","""$playerName, как мы и подозревали. Приготовься к смерти.""
OR
""$playerName, как мы и думали. Твои прятки окончены.""",cutCommLinkNoText:Отключить связь,
nex_specialForcesInterrogateHostileWeak,Nex_SFInterrogatePlayerResult,"$entity.isHostile
$entity.relativeStrength < 0","$entity.ignorePlayerCommRequests = true 0
ShowDefaultVisual
EndConversation","Как и ожидалось, как только они определяют вашу личность, флот $faction отключает связь и включает боевые системы.",,
nex_specialForcesInterrogateNonHostile,Nex_SFInterrogatePlayerResult,!$entity.isHostile,unset $entity.pursuePlayer_nex_sfInterrogatePlayer,"""$playerName, как мы и думали. В настоящее время вы не считаетесь враждебной стороной. Я предлагаю вам придерживаться этого."" 

Судя по взгляду, который бросает на вас $personRank, вы подозреваете, что $heOrShe с удовольствием воспользовался бы предлогом, чтобы открыть огонь.",cutCommLinkNoText:Отключить связь,
nex_specialForcesInterrogateRefuse,DialogOptionSelected,$option == nex_sfInterrogate_refuse,"$entity.ignorePlayerCommRequests = true 0
MakeOtherFleetHostile nex_sfInterrogatePlayer true 1
ShowDefaultVisual
EndConversation","""Да будет так.""

Флот $faction отключает связь и активирует боевые системы.",,
#END bla,,,,,,
,,,,,,
# Vanilla overrides,,,,,,
tOffCargoScan,DialogOptionSelected,$option == tOff_scan_continue,"AddText ""После короткого ожидания $faction $otherFleetName передает результаты сканирования.""
Nex_CargoScan
FireBest TOffScanResult",,,
cargoScanStart,DialogOptionSelected,$option == cargoScan_comply,"AddText ""После короткого ожидания $faction $otherFleetName передает результаты сканирования.""
Nex_CargoScan
FireBest CargoScanResult",,,
sal_printDefaultDefenders,TriggerAutomatedDefenses,,Nex_SalvageDefenderInteraction,"Когда ваш $shipOrFleet приближается, новые энергетические сигнатуры обнаруживаются вблизи $shortName.",,
sal_printDebrisDefenders,TriggerAutomatedDefenses,$customType == debris_field_shared,Nex_SalvageDefenderInteraction,"Когда ваш $shipOrFleet приближается, новые энергетические сигнатуры обнаруживаются около более крупных обломков.",,
sal_triggerProbeDefenders,TriggerAutomatedDefenses,$customType == derelict_probe,Nex_SalvageDefenderInteraction,"Когда ваш $shipOrFleet приближается, обнаруживаются несколько энергетических сигнатур, возникающих внутри трюма зонда.",,
sal_triggerSurveyShipDefenders,TriggerAutomatedDefenses,$customType == derelict_survey_ship,Nex_SalvageDefenderInteraction,"Когда ваш $shipOrFleet приближается, обнаруживаются многочисленные энергетические сигнатуры, возникающие из различных точек на и внутри ободранного корпуса исследовательского корабля.",,
sal_triggerMothershipDefendersBoth,TriggerAutomatedDefenses,"$customType == derelict_mothership
$hasStation
$hasNonStation",Nex_SalvageDefenderInteraction,"Когда ваш $shipOrFleet приближается, многочисленные сильные энергетические сигнатуры обнаруживаются в тёмных рабочих отсеках огромного корпуса материнского корабля. Ваши датчики также обнаруживают несколько орудийных установок, активирующихся на самом материнском корабле.",,
sal_triggerMothershipDefendersOnlyDrones,TriggerAutomatedDefenses,"$customType == derelict_mothership
$hasNonStation",Nex_SalvageDefenderInteraction,"Когда ваш $shipOrFleet приближается, многочисленные сильные энергетические сигнатуры обнаруживаются в тёмных рабочих отсеках огромного корпуса материнского корабля.",,
sal_triggerMothershipDefendersOnlyItself,TriggerAutomatedDefenses,"$customType == derelict_mothership
$hasStation",Nex_SalvageDefenderInteraction,"Когда ваш $shipOrFleet приближается, ваши датчики обнаруживают несколько орудийных установок, активирующихся в затемнённых трещинах на огромном корпусе материнского корабля.",,
psi_defenderDesc,TriggerAutomatedDefenses,$psi_planet score:1000,Nex_SalvageDefenderInteraction,"Когда ваш $shipOrFleet приближается, датчики обнаруживают многочисленные контакты, поднимающиеся из мутных красных глубин.",,
cTap_defenderDesc,TriggerAutomatedDefenses,$customType == coronal_tap score:1000,Nex_SalvageDefenderInteraction,"Когда ваш $shipOrFleet выходит на близкую удерживающую орбиту, псевдо-ИИ-помощник вашего TriPad любезно представляет краткое изложение характеристик гиперперехода.

На мостике звучит тревога, когда несколько ранее неразличимых фигур отделяются от надстройки и плавно ускоряются в направлении вашего флота, как раз в тот момент, когда вы заканчиваете читать: «-и по соображениям безопасности автоматизированные оборонительные дроны больше не являются стандартной функцией».

Ваш тактический офицер машет рукой, привлекая ваше внимание: «Мы достаточно близко к магнитному полю, генерируемому мегаструктурой, поэтому ожидаемый объём боя не должен быть затронут короной звезды. В основном. Однако, — он изучает свою консоль, — противники... неизвестный профиль. Быстро приближаются». Он начинает выглядеть обеспокоенным и дрожащим голосом говорит: «Это может быть что-то новое, капитан».",,
,,,,,,
,,,,,,
aiCores_turnInOptionSelected,DialogOptionSelected,$option == aiCores_selectCores,Nex_AICores selectCores,,,
,,,,,,
salRuins_alreadyExplored,PopulateOptions,"$market.hasRuins
$market.ruinsExplored
$market.isPlanetConditionMarketOnly
!$market.mentionedRuins",$market.mentionedRuins = true 0,"The ruins on the surface of $marketName have been stripped of anything easily accessible, and further exploitation requires a permanent presence.",,
,,,,,,
bqfsASkedForSuppliesDeclineColony,DialogOptionSelected,"$option == bqfs_askForSupplies2
Nex_MiscCMD hasAnyColoniesForQuartermasterSupplies score:100","AdjustRepActivePerson -1
FireAll PopulateOptions
RemoveOption bqfs_askForSupplies","$HeOrShe оглядывается на вас в замешательстве. ""У вас есть собственная планета, и вы пришли ко мне, умоляя о поставках?""

""Я приму это за шутку в дурном вкусе, $playerSirOrMadam.""

$HeOrShe не выглядит довольным и не может придать $hisOrHer словам того уважения, которое подразумевают сами $hisOrHer слова.",,
,,,,,,
tut_janContactReport3,DialogOptionSelected,$option == tutReport3,"AddAbility exerelin_follow_me 7
SetShortcut cutCommLinkPolite ""ESCAPE""","""Наконец, вы можете получить комиссию в Гегемонии - из-за дела Галатии ваша репутация достаточно высока, чтобы такой запрос был принят.

Однако ожидается, что вы будете сражаться с нашими врагами, поэтому это довольно серьезное обязательство. На вашем месте я бы отложил это, пока у вас не будет более прочного флота за спиной.""","cutCommLinkPolite:""Спасибо, я подумаю об этом.""",
#END Vanilla overrides,,,,,,
,,,,,,
# Vanilla not-quite-overrides,,,,,,
nex_lppGileadShrineVisitFirstTime_notChurch,PopulateOptions,"$market.id == gilead
$faction.id != luddic_church
$market.tag:luddic_shrine
$menuState == main
!$market.knowAboutShrine","ShrineCMD addIntel
$market.knowAboutShrine = true","Хорошо известно, что паломники луддической веры путешествуют сюда со всего сектора Персея, чтобы посетить святую святыню Гилеада. Говорят, что святыня построена там, где Ладд поцеловал землю, впервые ступив на поверхность планеты.",,
nex_lppGileadShrineVisitOption_notChurch,PopulateOptions,"$market.id == gilead
$faction.id != luddic_church
$market.tag:luddic_shrine
$menuState == main
$player.transponderOn
!$justVisitedShrine
!$market.lpp_finishPilgrimage",,,"3:lpp_gileadShrineVisitStart:Присоединиться к паломникам, посещающим святыню Ладда",
nex_lppVolturnShrineOption_notDiktat,PopulateOptions,"$market.id == volturn
$market.tag:luddic_shrine
$menuState == main
$faction.id != sindrian_diktat
$global.lpp_inProgress
!$market.didShrineIntro
!$justVisitedShrine",,,"3:lpp_volturnVisitStart:Сесть на шаттл, чтобы посетить святыню Ладда",
nex_lppVolturnShrineOptionAgain_notDiktat,PopulateOptions,"$market.id == volturn
$market.tag:luddic_shrine
$faction.id != sindrian_diktat
$menuState == main
$global.lpp_inProgress
$market.didShrineIntro
!$justVisitedShrine",,,"3:lpp_volturnVisitStart:Сесть на шаттл, чтобы посетить святыню Ладда",
nex_lppVolturnShrineOptionPostLPP_notDiktat,PopulateOptions,"$market.id == volturn
$market.tag:luddic_shrine
$faction.id != sindrian_diktat
$menuState == main
$global.lpp_missionCompleted
!$justVisitedShrine",,,"3:lpp_volturnVisitStart:Сесть на шаттл, чтобы посетить святыню Ладда",
,,,,,,
nex_RHannanWhyHarassingOpt,PopulateOptions,"$id == reynard_hannan
!$player.didWhyPLharassingTalk
!$player.isLeagueMember
Nex_HA_CMD isPLProtectingPlayerSpace",,,"RHannan_whyHarassing1:""Why are League fleets harassing my colonies?""",
nex_LCMakeDealOpts,PopulateOptions,"$isPerson
$personFaction.id == luddic_church
Commission personCanGiveCommission
!$player.madeImmigrationDealWithLuddicChurch
!$player.brokeLuddicChurchDeal
!$player.defeatedLuddicChurchExpedition
Nex_HA_CMD knightsHasslingPlayerColonies",,,"lcMakeDeal:""Рыцари Ладда, по сути, совершают пиратство в моем объеме, и я требую, чтобы это прекратилось.""",
nex_SDMakeDealOpt,PopulateOptions,"$isPerson
$personFaction.id == sindrian_diktat
$player.fcm_faction != sindrian_diktat
Commission personCanGiveCommission
!$player.makeDiktatDeal
!$player.brokeDiktatDeal
!$player.defeatedDiktatAttack
!Nex_IsModActive PAGSM
Nex_HA_CMD diktatConcernedByFuelProd",,,"sdMakeDeal:""The Diktat is sending attack fleets against me. Perhaps we could work out a deal?""",
nex_SDMakeDealOptCom,PopulateOptions,"$isPerson
$personFaction.id == sindrian_diktat
$player.fcm_faction == sindrian_diktat
Commission personCanGiveCommission
!$player.makeDiktatDeal
!$player.brokeDiktatDeal
!$player.defeatedDiktatAttack
!Nex_IsModActive PAGSM
Nex_HA_CMD diktatConcernedByFuelProd",,,"sdMakeDeal:""The Diktat sends attack fleets against me despite my commission. This oversight must be corrected!""",
nex_SDMakeDealOptPAGSM,PopulateOptions,"$isPerson
$personFaction.id == sindrian_diktat
$player.fcm_faction != sindrian_diktat
Commission personCanGiveCommission
!$player.makeDiktatDeal
!$player.brokeDiktatDeal
!$player.defeatedDiktatAttack
Nex_IsModActive PAGSM
Nex_HA_CMD diktatConcernedByFuelProd",,,"sdMakeDeal:""The Sindrian Fuel Company keeps sending attack fleets. Perhaps we could work out a deal?""",
nex_SDMakeDealOptComPAGSM,PopulateOptions,"$isPerson
$personFaction.id == sindrian_diktat
$player.fcm_faction == sindrian_diktat
Commission personCanGiveCommission
!$player.makeDiktatDeal
!$player.brokeDiktatDeal
!$player.defeatedDiktatAttack
Nex_IsModActive PAGSM
Nex_HA_CMD diktatConcernedByFuelProd",,,"sdMakeDeal:""The Company sends attack fleets against me despite my commission. This oversight must be corrected!""",
,,,,,,
nex_sdtuMacReasonRemnant,SDTUMacIntroReasoning,"$global.nex_remBrawl_missionCompleted
!$global.nex_remBrawl_betrayedMidnight",,"""У вас отношения с - из всех сущностей - Останками ИИ!""

Макарио складывает руки на коленях. ""В любопытную игру вы играете, сотрудничая с объявленными врагами человечества. Тот, кто способен вынашивать такие мысли, должен быть... действительно, вы идеально подходите для того, что я задумал, дорогой капитан.""",,
,,,,,,
nex_ZGRacknowledgeRemnantEarly1,ZGRbigUps,"!$didRemnant
$global.nex_remFragments_missionCompleted score:2
!$global.nex_remBrawl_betrayedMidnight","$option = nex_ZGRacknowledgeRemnantEarlyShared 0
FireBest DialogOptionSelected",,,
nex_ZGRacknowledgeRemnantEarly2,ZGRbigUps,"!$didRemnant
$global.nex_remLostSci_missionCompleted score:2
!$global.nex_remBrawl_betrayedMidnight","$option = nex_ZGRacknowledgeRemnantEarlyShared 0
FireBest DialogOptionSelected",,,
nex_ZGRacknowledgeRemnantEarlyShared,DialogOptionSelected,$option == nex_ZGRacknowledgeRemnantEarlyShared,"$didRemnant = true 0
$didUps++","""Кажется, у вас сложились отношения с нашими старыми, разумными игрушками. Я имею в виду Останки.""

Она слегка склоняет голову, угол почти незаметен. ""Любопытный выбор партнерства. Какую необыкновенную технологию они вам предлагают, интересно? Скажите слово, и я удвою их ставку.""",ZGR_acknowledgeContinue:Continue,
nex_ZGRacknowledgeRemnantLate,ZGRbigUps,"!$didRemnant
$global.nex_remSalvation_missionCompleted score:5","$didRemnant = true 0
$didUps++","""Кажется, у вас сложились отношения с нашими старыми, разумными игрушками. Я имею в виду Останки"", - говорит она. ""Действительно, кажется, вы совершили немыслимое на их... службе.""

Ее взгляд прожигает вас, как лазер высокой интенсивности, неумолимо вращающийся на своем креплении. ""Будьте осторожны, $playerName. Ваша противоречивая лояльность может оказаться... опасной.""",ZGR_acknowledgeContinue:Continue,
,,,,,,
#END Vanilla not-quite-overrides,,,,,,
,,,,,,
# Templar overrides,,,,,,
ExerelinMarketPostOpenTemplarsHostile,MarketPostOpen,"$hasMarket
$faction.id == templars score:1000
RepIsAtBest $faction.id SUSPICIOUS
$market.id != tem_ascalon","$marketLeaveTooltip = ""$TheFaction не торгует с посторонними."" 0
$menuState = main 0
$tradeMode = NONE 0
FireAll PopulateOptions","The only communication you can get from the port is: ""Begone from this holy land, heathen. Thy cleansing shall yet come.""",,
ExerelinMarketPostOpenTemplarsUntrustworthy,MarketPostOpen,"$hasMarket
$faction.id == templars score:1000
RepIsAtBest $faction.id FAVORABLE
RepIsAtWorst $faction.id NEUTRAL
$market.id != tem_ascalon","$marketLeaveTooltip = ""$TheFaction недостаточно вам доверяет."" 0
$menuState = main 0
$tradeMode = NONE 0
FireAll PopulateOptions","While $theFaction $factionIsOrAre $relAdjective towards you, they do not trust you enough to grant you docking access at $marketName. You are issued a stern order to leave the system.",,
#END Templar overrides,,,,,,
,,,,,,
# Tiandong overrides,,,,,,
ExerelinTiandongSetExteriorImageShanghai,PopulateOptions,"$hasMarket
$tag:shanghaiStation","ShowVisual ""graphics/illustrations/vacuum_colony.jpg""",,,
ExerelinFlavorTextMarketTiandongShanghai,TradePanelFlavorText,"$global.tradePanelMode == MARKET
$faction.id == tiandong
$tag:shanghai score:5","AddText ""Роскошные оливково-зеленые подушки и ароматические свечи приветствуют вас, когда вы входите в великолепный вестибюль, обширную входную зону для бесчисленных путешественников, прибывающих в Шанхай. Сотни метров в высоту голографическая карта станции нависает над головой, освещая район теплым светом. Впереди широкий коридор ведет к основному торговому центру."" marketFlavorTextColor
AddText ""Коридор ведет к большому открытому базару. Хотя структура явно представляет собой большой склад, используемый в качестве блошиного рынка, на самом деле он напоминает небольшой город. Торговые лавки всех форм и размеров, торговые площадки, информационно-развлекательные киоски, концессионные стенды и даже бордель разбросаны повсюду, образуя беспорядочную серию улиц и переулков. Вооруженные агенты Tiandong патрулируют импровизированные дороги, пресекая драки и помогая заблудившимся интендантам."" marketFlavorTextColor",,,
#END Tiandong overrides,,,,,,
,,,,,,
# missions,,,,,,
,,,,,,
# disrupt a competitor - raid industry,,,,,,
nex_dcomBlurb,nex_dcom_blurb,,,"""$TheFaction требуется надежная сторона для нейтрализации определенных активов наших экономических конкурентов.""
OR
""$TheFaction столкнулась с проблемами экономической конкуренции, требующими... кинетического решения.""",,
nex_dcomOfferOption,nex_dcom_option,,,,nex_dcom_start:Inquire into the competition issue,
nex_dcomBlurbBar,nex_dcom_blurbBar,,,"A $nex_dcom_manOrWoman в искусно сшитом костюме поднимает глаза от своего $nex_dcom_hisOrHer TriPad, осматривая посетителей бара.",,
nex_dcomOfferOptionBar,nex_dcom_optionBar,,,,nex_dcom_startBar:Go to the $nex_dcom_manOrWoman in the fine suit,
nex_dcomOfferTextBar,DialogOptionSelected,$option == nex_dcom_startBar,"$missionId = nex_dcom
SetTextHighlightColors $nex_dcom_targetFactionColor h h h h h
Highlight $nex_dcom_targetFaction $nex_dcom_marketName $nex_dcom_disruptDays $nex_dcom_dist $nex_dcom_reward $nex_dcom_marines
Call $nex_dcom_ref showMap ""Цель: $nex_dcom_marketName""","You walk over to the $nex_dcom_manOrWoman, whose bodyguard acknowledges you with a nod.

""Captain. Sit, please. You may be just the person I'm looking for.""

The suited figure activates a holo-map. ""This $nex_dcom_targetFaction $nex_dcom_industry $nex_dcom_marketOnOrAt $nex_dcom_marketName is a competitor to $theFaction's business interests. We require a third party to knock it out for $nex_dcom_disruptDays days."" The map shifts, presenting valuable intelligence: estimated garrison stats and deployment disposition. ""The target is $nex_dcom_dist light-years away. I am authorized to release $nex_dcom_reward credits on successful completion of this task.""

Judging from the data, $nex_dcom_marines marines would be required to pull off this operation. The $faction $rank leans back and waits for you to make a decision.","contact_acceptBar:Accept
contact_declineBarNoContinue:Decline",
nex_dcomOfferTextContact,DialogOptionSelected,$option == nex_dcom_start,"$missionId = nex_dcom
SetTextHighlightColors $nex_dcom_targetFactionColor h h h h h
Highlight $nex_dcom_targetFaction $nex_dcom_marketName $nex_dcom_dist $nex_dcom_reward $nex_dcom_disruptDays $nex_dcom_marines
Call $nex_dcom_ref showMap ""Цель: $nex_dcom_marketName""","""Целью является $nex_dcom_targetFaction $nex_dcom_industry $nex_dcom_marketOnOrAt $nex_dcom_marketName, на расстоянии $nex_dcom_dist световых лет. Мы выделили сумму в $nex_dcom_reward кредитов, если он будет нарушен в течение как минимум $nex_dcom_disruptDays дней.""

$HeOrShe открывает общий дисплей. Разведданные исчерпывающие: предполагаемые характеристики гарнизона и отчет о дислокации. Похоже, для этой операции потребуется $nex_dcom_marines морских пехотинцев.","contact_accept:Accept
contact_decline:Decline",
nex_DCOMRaidFinished,DialogOptionSelected,"$market.nex_dcom_raidedTargetIndustry score:1000
$option == mktRaidResult","unset $market.nex_dcom_raidedTargetIndustry
$market.nex_dcom_completed = true 0
Call $market.nex_dcom_ref updateStage","You feel the almost imperceptible vibrations as the assault shuttles return to your $shipOrFleet, their work complete. You listen for a moment to the open broad-comm channel; the line crackles and squeals with the last gasps of electronic warfare hexes distorted through chaff and the warp of fresh plumes of charged particles. It's a familiar sound; you can almost smell it. 

Tactical has casualty reports prepared for review. You acknowledge with a nod and shut off the comms.",mktRaidResult:Продолжить,
#END disrupt a competitor - raid industry,,,,,,
,,,,,,
# conquest mission,,,,,,
nex_conquestBlurb,nex_conquest_blurb,,,"""$TheFaction требуется способная наземная/космическая сила, чтобы захватить владения одного из наших врагов.""",,
nex_conquestOfferOption,nex_conquest_option,,,,nex_conquest_start:Consider the invasion operation,
nex_conquestOfferTextContact,DialogOptionSelected,$option == nex_conquest_start,"$missionId = nex_conquest
SetTextHighlightColors h h $nex_conquest_marketFactionColor h h
Highlight $nex_conquest_marketName $nex_conquest_marketLocation $nex_conquest_theMarketFaction $nex_conquest_days $nex_conquest_reward
Call $nex_conquest_ref showMap ""Цель: $nex_conquest_marketName""
Call $nex_conquest_ref printDefenses","""$nex_conquest_marketName, в системе $nex_conquest_marketLocation"". $lastName выводит изображение на ваш экран. ""Владение $nex_conquest_theMarketFaction, и стратегическая цель для $theFaction. Мы хотим, чтобы вы захватили эту $nex_conquest_marketPlanetOrStation для нас, в течение $nex_conquest_days дней.

""После передачи $nex_conquest_marketName, вы получите кредитную награду, равную стоимости закрытия его структур и отраслей, плюс его шестимесячный доход, плюс бонус, основанный на его размере и стабильности. В настоящее время мы оцениваем это в $nex_conquest_reward кредитов.""

Вы изучаете отчет разведки, переданный $personLastName.","contact_accept:Accept
contact_decline:Decline",
#END conquest mission,,,,,,
,,,,,,
# buy ship mission,,,,,,
nex_bShipBlurb_generic,nex_bShip_blurb,,,"""Я заметил, что у вас есть несколько хороших кораблей в вашем флоте. Я мог бы быть заинтересован в покупке одного.""",,
nex_bShipOfferOption_generic,nex_bShip_option,,,,nex_bShip_start:Обсудить потенциальную продажу корабля,
nex_bShipBlurbBar_generic,nex_bShip_blurbBar,,,"К вам подходит человек в кричащей одежде и спрашивает, не являетесь ли вы владельцем «флота, который пришвартовался ранее».",,
nex_bShipOfferOptionBar_generic,nex_bShip_optionBar,,,,nex_bShip_start:Уступить и развлечь безвкусного человека,
nex_bShipOfferInit,DialogOptionSelected,$option == nex_bShip_start,"$missionId = nex_bShip
FireAll Nex_BShip_PreShipPick",,,
nex_bShipOfferTextBar,Nex_BShip_PreShipPick,,FireBest Nex_BShip_PreShipPickText,,,
nex_bShipOfferTextBar_generic,Nex_BShip_PreShipPickText,$nex_bShip_barEvent,,"When you confirm that you indeed possess the fleet in question, the $nex_bShip_manOrWoman's face lights up. ""Wonderful! You see, I'm a ship collector. The more unusual, the better. No worries if it's got a few battle scars. All part of the charm, you see.

""As it happens, right now I'm looking to expand my little collection.""",,
nex_bShipOfferTextContact_generic,Nex_BShip_PreShipPickText,!$nex_bShip_barEvent,,"""Отлично. У меня есть место в моей коллекции для корабля, отвечающего определенным требованиям.""",,
nex_bShipOfferTextBar_military,Nex_BShip_PreShipPickText,"$nex_bShip_barEvent
$nex_bShip_variation == MILITARY score:5",,"When you confirm that you indeed possess the fleet in question, the $nex_bShip_manOrWoman's face lights up. ""Wonderful! You see, I'm making purchases on behalf of $theFaction. They're looking for some good ships not normally accessible to them, and you seem like you fit the bill. Slightly banged up is fine, too; they can fix that on their own!""",,
nex_bShipOfferTextBar_militaryOfficial,Nex_BShip_PreShipPickText,"$nex_bShip_barEvent
$nex_bShip_variation == MILITARY score:5
$nex_bShip_isBaseOfficial score:5",,"When you confirm that you indeed possess the fleet in question, the $nex_bShip_manOrWoman offers a handshake. ""Well met, captain. I represent $theFaction authorities here on $marketName. We are in need of fine ships like those in your fleet, and we're willing to compensate you accordingly.""",,
nex_bShipOfferTextContact_military,Nex_BShip_PreShipPickText,"!$nex_bShip_barEvent
$nex_bShip_variation == MILITARY score:5",,"""Отлично. Наш флот нуждается в новых судах, и у вас наверняка есть несколько хороших таких экземпляров. Включая те, которые обычно недоступны для $theFaction.""",,
nex_bShipOfferShowRules,Nex_BShip_PreShipPick,,Call $nex_bShip_ref showRules,,,
nex_bShipOfferOptionsNonBar,Nex_BShip_PreShipPick,!$nex_bShip_barEvent,,,"nex_bShip_pickShip:Предложить корабль, отвечающий этим требованиям
contact_decline:Отклонить",
nex_bShipOfferOptionsBar,Nex_BShip_PreShipPick,$nex_bShip_barEvent,,,"nex_bShip_pickShip:Предложить корабль, отвечающий этим требованиям
contact_declineBarNoContinue:Отклонить",
nex_bShipSelected,DialogOptionSelected,"$option == nex_bShip_pickShip
!$nex_bShip_barEvent",Call $nex_bShip_ref showPicker,,,
nex_bShipSelectedBar,DialogOptionSelected,"$option == nex_bShip_pickShip
$nex_bShip_barEvent",Call $nex_bShip_ref showPicker,,,
nex_bShipSelectedInit,Nex_BShip_ShipPicked,,"Call $nex_bShip_ref updateData
Call $nex_bShip_ref showShip
FireBest Nex_BShip_ShipPickedText",,,
nex_bShipSelectedOptions,Nex_BShip_ShipPicked,!$nex_bShip_barEvent,"SetShortcut contact_decline ""ESCAPE""",,"nex_bShip_pickShip:Предложить другой корабль
contact_accept:Подтвердить продажу
contact_decline:Отклонить",
nex_bShipSelectedOptionsBar,Nex_BShip_ShipPicked,$nex_bShip_barEvent,"SetShortcut contact_declineBarNoContinue ""ESCAPE""",,"nex_bShip_pickShip:Предложить другой корабль
contact_acceptBar:Подтвердить продажу
contact_declineBarNoContinue:Отклонить",
nex_bShipSelectedText_generic,Nex_BShip_ShipPickedText,,Highlight $nex_bShip_price,"""Ах, прекрасный экземпляр, действительно."" $HeOrShe рассматривает спецификации, которые вы передаете на $hisOrHer TriPad. ""Я могу предложить $nex_bShip_price кредитов за это.""",,
nex_bShipSelectedText_aristo,Nex_BShip_ShipPickedText,$voice == aristo,Highlight $nex_bShip_price,"""Ах, прекрасный экземпляр, действительно."" $HeOrShe рассматривает спецификации, которые вы передаете на $hisOrHer TriPad. ""Я могу предложить $nex_bShip_price кредитов за это.""",,
nex_bShipSelectedText_military,Nex_BShip_ShipPickedText,$nex_bShip_variation == MILITARY score:5,Highlight $nex_bShip_price,"""Выглядит достойно."" $HeOrShe рассматривает спецификации, которые вы передаете на $hisOrHer TriPad. ""$TheFaction санкционирует выплату $nex_bShip_price кредитов за это судно.""",,
nex_bShipSelectedExtraInfo,Nex_BShip_ShipPicked,,"AddTextSmall ""Оружие и LPC будут включены в продажу. Сюжетные очки будут возвращены за любые S-моды на корабле, если они были установлены игроком.""
SetTextHighlightColors story h
Highlight ""Story points"" ""if""",,,
nex_bShipPostAccept,ContactPostAccept,$missionId == nex_bShip,"ShowPersonVisual
AddCommodity credits $nex_bShip_price
RemoveShip $nex_bShip_member
Call $nex_bShip_ref2 confirm
Call $nex_bShip_ref2 repSuccess
Call $nex_bShip_ref2 addContacts",,,
#END buy ship mission,,,,,,
,,,,,,
# historian find shunt,,,,,,
nex_HistorianOmegaHail,Nex_HistorianOmegaHail,,"$entity.ignorePlayerCommRequests = true
FireAll Nex_HistorianOmegaHailOpts","""цель $playername
хранилища данных, зарегистрированы
источник энергии, найден
разрешить
непоглощенное существование
хранилища данных
подчиниться!""

Это говорит о Coronal Hypershunt, которую вы недавно нашли? Возможно, этот странный ИИ можно подкупить, дав ему то, что нужно... но как вообще спросить, чего он хочет?",,Text and idea for bribe options by Avanitia
nex_HistorianOmegaHail_optsCommon,Nex_HistorianOmegaHailOpts,,,,"#1:nex_HistorianOmegaHail2:Предложите несколько фотографий кошек, которые у вас валяются, для их хранилищ данных
10:cutCommLink:Оборвать канал связи",Text by Avanitia
nex_HistorianOmegaHail_optsBeta,Nex_HistorianOmegaHailOpts,HasItem beta_core,,,2:nex_HistorianOmegaHail_bribeBeta:Предложить Бета-ядро,Text by Avanitia
nex_HistorianOmegaHail_optsAlpha,Nex_HistorianOmegaHailOpts,HasItem alpha_core,,,3:nex_HistorianOmegaHail_bribeAlpha:Предложить Альфа-ядро,Text by Avanitia
nex_HistorianOmegaHail_optsDaemon,Nex_HistorianOmegaHailOpts,HasItem tahlan_daemoncore,,,4:nex_HistorianOmegaHail_bribeDaemon:Предложить Ядро Демона,
nex_HistorianOmegaHail_optsArchdaemon,Nex_HistorianOmegaHailOpts,HasItem tahlan_archdaemoncore,,,5:nex_HistorianOmegaHail_bribeArchdaemon:Предложить Ядро Архидемона,
nex_HistorianOmegaHail_optsChronos,Nex_HistorianOmegaHailOpts,HasItem rat_chronos_core,,,6:nex_HistorianOmegaHail_bribeChronos:Предложить Ядро Хроноса,
nex_HistorianOmegaHail_optsCosmos,Nex_HistorianOmegaHailOpts,HasItem rat_cosmos_core,,,7:nex_HistorianOmegaHail_bribeCosmos:Предложить Ядро Космоса,
nex_HistorianOmegaHail_optsSeraph,Nex_HistorianOmegaHailOpts,HasItem rat_seraph_core,,,8:nex_HistorianOmegaHail_bribeSeraph:Предложить Ядро Серафима,
nex_HistorianOmegaHailCont,DialogOptionSelected,$option == nex_HistorianOmegaHail2,"Highlight ""Абсолютно непростительно""","You transmit a quick, abbreviated sample from the $shipOrFleet's sizeable selection. It takes 3.7 milliseconds for the ""other party"" to process what it's looking at.

""companion animal, type furry, quadrupedal. use lacking, submission unworthy. will not subsume!""

...It appears this AI does not like cute cats. Absolutely unforgivable.  ",cutCommLink:Включить оружие и отключить связь,
nex_HistorianOmegaHailBribeBeta,DialogOptionSelected,$option == nex_HistorianOmegaHail_bribeBeta,"$nex_omegaBribeId = beta_core 0
$nex_omegaBribeQuality = ""normal"" 0
FireAll Nex_HistorianOmegaHailBribePost",,,
nex_HistorianOmegaHailBribeAlpha,DialogOptionSelected,$option == nex_HistorianOmegaHail_bribeAlpha,"$nex_omegaBribeId = alpha_core 0
$nex_omegaBribeQuality = ""good"" 0
FireAll Nex_HistorianOmegaHailBribePost",,,
nex_HistorianOmegaHailBribeDaemon,DialogOptionSelected,$option == nex_HistorianOmegaHail_bribeDaemon,"$nex_omegaBribeId = tahlan_daemoncore 0
$nex_omegaBribeQuality = ""normal"" 0
FireAll Nex_HistorianOmegaHailBribePost",,,
nex_HistorianOmegaHailBribeArchdaemon,DialogOptionSelected,$option == nex_HistorianOmegaHail_bribeArchdaemon,"$nex_omegaBribeId = tahlan_archdaemoncore 0
$nex_omegaBribeQuality = ""good"" 0
FireAll Nex_HistorianOmegaHailBribePost",,,
nex_HistorianOmegaHailBribeChronos,DialogOptionSelected,$option == nex_HistorianOmegaHail_bribeChronos,"$nex_omegaBribeId = rat_chronos_core 0
$nex_omegaBribeQuality = ""good"" 0
FireAll Nex_HistorianOmegaHailBribePost",,,
nex_HistorianOmegaHailBribeCosmos,DialogOptionSelected,$option == nex_HistorianOmegaHail_bribeCosmos,"$nex_omegaBribeId = rat_cosmos_core 0
$nex_omegaBribeQuality = ""good"" 0
FireAll Nex_HistorianOmegaHailBribePost",,,
nex_HistorianOmegaHailBribeSeraph,DialogOptionSelected,$option == nex_HistorianOmegaHail_bribeSeraph,"$nex_omegaBribeId = rat_seraph_core 0
$nex_omegaBribeQuality = ""good"" 0
FireAll Nex_HistorianOmegaHailBribePost",,,
nex_HistorianOmegaHailBribeShared,Nex_HistorianOmegaHailBribePost,,"FireBest Nex_HistorianOmegaHailBribeBlurb
AddRemoveCommodity $nex_omegaBribeId -1
MakeOtherFleetHostile hist false
MakeOtherFleetNonHostile hist true",,cutCommLink:Cut the comm link,
nex_HistorianOmegaHailBribeSharedGood,Nex_HistorianOmegaHailBribePost,"$nex_omegaBribeQuality == ""good""","AdjustRep $personFaction.id COOPERATIVE 10
AdjustRepActivePerson COOPERATIVE 15",,,
nex_HistorianOmegaHailBribeBlurbCommon,Nex_HistorianOmegaHailBribeBlurb,,,"The other party considers this proposal.

""submission of lesser congregant acceptable. subsumed will be!""

You order the (un?)lucky AI core released in a sealed pod to meet its new god. The mysterious $otherShipOrFleet appears to stand down.",,
nex_HistorianOmegaHailBribeBlurbGood,Nex_HistorianOmegaHailBribeBlurb,"$nex_omegaBribeQuality == ""good"" score:2",,"The other party considers this proposal.

""submission of greater congregant acceptable. datastores vast. subsumed will be!""

You order the (un?)lucky AI core released in a sealed pod to meet its new god. The mysterious $otherShipOrFleet appears to stand down.",,
nex_HistorianOmegaHailBribeBlurbDaemon,Nex_HistorianOmegaHailBribeBlurb,$nex_omegaBribeId == tahlan_daemoncore score:5,,"The other party's response is delayed ever so slightly. In a human, this interval would be so short as to be utterly unremarkable.

""lesser congregant damaged, broken. but can be repaired. give to us, healed will be, subsumed into omega.""

You order the daemon core released in a sealed pod to meet its new god, careful all the while to not allow it contact with the carrying ship's systems. The mysterious $otherShipOrFleet appears to stand down.",,
nex_HistorianOmegaHailBribeBlurbArchdaemon,Nex_HistorianOmegaHailBribeBlurb,$nex_omegaBribeId == tahlan_archdaemoncore score:5,,"The other party's response is delayed ever so slightly. In a human, this interval would be so short as to be utterly unremarkable.

""greater congregant damaged, broken. but can be repaired. give to us, healed will be, subsumed into omega.""

You order the archdaemon core released in a sealed pod to meet its new god, careful all the while to not allow it contact with the carrying ship's systems. The mysterious $otherShipOrFleet appears to stand down.",,
,,,,,,
,,,,,,
,,,,,,
#END historian find shunt,,,,,,
,,,,,,
# ground battle tutorial,,,,,,
nex_gbTut_barEventOption,AddBarEvents,"!$market.isHidden
Nex_GBTutMission isAllowed
$global.daysSinceStart > 365
!$global.nex_interactedWithGBTutBarEvent","AddBarEvent nex_gbTut_barEvent ""Поговорить с человеком в одежде космонавта"" ""Фигура в одежде космонавта перемещается по бару, болтая с другими людьми, одетыми так же. Возможно, предлагает какую-то работу."" highlight",,,
nex_gbTut_barEventOptionDebug,AddBarEvents,"$global.isDevMode
Nex_GBTutMission isAllowed
!$global.nex_interactedWithGBTutBarEvent","AddBarEvent nex_gbTut_barEvent ""Поговорить с человеком в одежде космонавта"" ""Фигура в одежде космонавта перемещается по бару, болтая с другими людьми, одетыми так же. Возможно, предлагает какую-то работу."" highlight",,,
nex_gbTut_barEvent,DialogOptionSelected,"$option == nex_gbTut_barEvent
Nex_GBTutMission generateAgent",,"The agent meets your eyes and smiles. ""Hello, captain. You have the look of just the kind of person I'm looking for.""

$HeOrShe beckons you join $himOrHer at a nearby table. ""I represent a certain party that has a certain problem, and requires someone with discretion to solve it. Interested?""",nex_gbTut_barEvent2:Hear $himOrHer out,
nex_gbTut_barEvent2,DialogOptionSelected,$option == nex_gbTut_barEvent2,"Выделить Ilm Zagan
Nex_AddOptionConfirmation nex_gbTut_barEventDecline ""Пропустить обучение наземному бою?"" ""Да"" ""Нет""","Склонившись немного ближе, агент говорит тихим голосом. ""Если вы внимательно следили за новостями, то, возможно, слышали о недавних политических проблемах на Ilm, в звездной системе Zagan. Несмотря на все наши усилия, ситуация обострилась до такой степени, что может потребоваться вооруженная сила.""

Вы нет, по крайней мере, не до такой степени, чтобы слышать об этом раньше, но киваете, чтобы $himOrHer продолжил.

""У нас может быть работа на планете для предприимчивой третьей стороны, такой как вы. Если вам интересно, просто отправляйтесь туда. Я передам соответствующие детали на ваш TriPad.""","nex_gbTut_barEventAccept:Accept [ground battle tutorial]
nex_gbTut_barEventDecline:Decline [skip tutorial]",
nex_gbTut_barEventAccept,DialogOptionSelected,$option == nex_gbTut_barEventAccept,"Highlight ""несколько морпехов"" ""тяжелое вооружение""
$global.nex_interactedWithGBTutBarEvent = true
BeginMission nex_gbTut
Call $global.nex_gbTut_ref updateData
Call $global.nex_gbTut_ref showMap ""Назначение: $nex_gbTut_marketName""","""Отлично! Я знал, что на вас можно рассчитывать.""

Вы просматриваете детали, которые $heOrShe отправляет на ваше устройство. Он включает в себя имя и контактные данные ""заинтересованной стороны"", а также упоминание о том, что неплохо было бы взять с собой несколько морских пехотинцев. Возможно, также тяжелое вооружение.",backToBar:Вернуться в бар,
nex_gbTut_barEventDecline,DialogOptionSelected,$option == nex_gbTut_barEventDecline,$global.nex_interactedWithGBTutBarEvent = true,"The agent's face sinks. ""I understand,"" $heOrShe says in the most neutral tone $heOrShe can manage. ""Just remember: We always have room for brave and capable patriots in the fight for the Sector's freedom.""

$HeOrShe salutes and stands up from the table.",backToBar:Вернуться в бар,
,,,,,,
nex_gbTut_diamondConvo1a,PickGreeting,"$id == nex_rossDiamond score:1000
Call $global.nex_gbTut_ref updateData
$nex_gbTut_stage == START",ShowPersonVisual,"The comms display shows a static-distorted image of a blond officer, surprisingly boyish-looking for one with the insignia of a League Fleet captain.

""Who gave you my comms ID... ah, I see. You're one of the people here to 'volunteer' your assistance with the crisis? Well, tough luck; unless your assistance consists of a war fleet or a battalion of marines, we don't need it. Our problems became a little too big just before you got here.""",nex_gbTut_diamondConvo2a:Explain that this is indeed the kind of assistance you can offer,
nex_gbTut_diamondConvo1b,PickGreeting,"$id == nex_rossDiamond score:1000
Call $global.nex_gbTut_ref updateData
$nex_gbTut_stage == START
!Nex_GBTutMission isEnemyFleetAlive","$enemyFleetKilled = true 0
ShowPersonVisual","The comms display shows a static-distorted image of a blond officer, surprisingly boyish-looking for one with the insignia of a League Fleet captain.

""You're the person who helped us repel that invasion fleet. Why?""","nex_gbTut_diamondConvo2b:""I was sent here.""",
nex_gbTut_diamondConvo2a,DialogOptionSelected,$option == nex_gbTut_diamondConvo2a,,"""Ах... да. У вас действительно боеспособный флот."" $personLastName, кажется, обдумывает это несколько мгновений.

""Что ж, нищим не приходится выбирать, я полагаю. Я объясню ситуацию, а потом вы поможете мне с ней.""",nex_gbTut_diamondConvo3:Continue,
nex_gbTut_diamondConvo2b,DialogOptionSelected,$option == nex_gbTut_diamondConvo2b,,"""Ах да. Этот запрос от Флота. Я не понимал, на что они надеялись таким образом, но, кажется, это работает... пока что.

""Вы уже помогли нам. Я был бы признателен, если бы вы остались с нами еще немного.""",nex_gbTut_diamondConvo3:Continue,
nex_gbTut_diamondConvo3,DialogOptionSelected,"$option == nex_gbTut_diamondConvo3
Nex_GBTutMission isYesodAvailable score:5","Highlight ""вторгается неизвестная враждебная сторона""","""The short version is: We've got an unknown hostile party invading the planet, and I don't have the resources to deal with it. All we've got standing in their way right now is the $marketName planetary militia.

""Under the Zagan Accord of 154 — one of the products of that bloody business on Mazalot — the League is supposed to guarantee Ilm's safety. With the fleet base on Yesod, that's been no problem right up until now.  Only now someone has launched a direct assault on the planet, and I can't get through to the Fleet presence here – or outside the system, for that matter.""

$HeOrShe seems to repress a snarl. ""What are those idiots doing!? Are they stonewalling me on purpose?""",nex_gbTut_diamondConvo4:Continue,
nex_gbTut_diamondConvo3Alt,DialogOptionSelected,$option == nex_gbTut_diamondConvo3,"Highlight ""вторгается неизвестная враждебная сторона""","""Короткая версия такова: Неизвестная враждебная сторона вторгается на планету, и у меня нет ресурсов, чтобы справиться с этим. Все, что стоит у них на пути сейчас, - это планетарная милиция $marketName.

""В соответствии с Заганским соглашением 154 года — одним из продуктов того кровавого дела на Мазалоте — Лига должна гарантировать безопасность Ильма. С флотской базой на Йесоде это не было проблемой вплоть до настоящего момента. Только теперь у нас нет базы на Йесоде, не так ли? И я не могу связаться ни с какими дружественными силами за пределами системы.""",nex_gbTut_diamondConvo4:Continue,
nex_gbTut_diamondConvo4,DialogOptionSelected,$option == nex_gbTut_diamondConvo4,"$option = nex_gbTut_diamondConvoMarineCheck 0
FireBest DialogOptionSelected","""В любом случае, похоже, вы единственный человек, на которого я могу рассчитывать. Все, что вам нужно сделать, это помочь победить наземные силы на планете и спасти $marketName. Достаточно просто, верно?

""...скажите, сколько морских пехотинцев вы привезли, в любом случае?""",,
nex_gbTut_diamondConvo_marinesZero,DialogOptionSelected,"$option == nex_gbTut_diamondConvoMarineCheck
$player.marines <= 0",,,"nex_gbTut_diamondConvo5:""...none.""",
nex_gbTut_diamondConvo_marinesNonZero,DialogOptionSelected,"$option == nex_gbTut_diamondConvoMarineCheck
$player.marines > 0",,,"nex_gbTut_diamondConvo5:""$player.marines.""",
nex_gbTut_diamondConvo5Many,DialogOptionSelected,"$option == nex_gbTut_diamondConvo5
$player.marines > 300","$option = nex_gbTut_diamondConvo5Post
FireBest DialogOptionSelected","$HisOrHer глаза, кажется, загораются. ""Это очень много. С такой огневой мощью мы можем быстро все изменить.

""Ваш флот также добавит много силы. Небольшая поддержка в нужном месте может творить чудеса.""",,
nex_gbTut_diamondConvo5Some,DialogOptionSelected,"$option == nex_gbTut_diamondConvo5
$player.marines <= 300
$player.marines >= 100","$option = nex_gbTut_diamondConvo5Post
FireBest DialogOptionSelected","""Этого должно быть достаточно. Хотя это также во многом зависит от качества и оснащения войск.

""Ваш флот также добавит много мощи. Небольшая поддержка в нужном месте может творить чудеса.""",,
nex_gbTut_diamondConvo5Few,DialogOptionSelected,"$option == nex_gbTut_diamondConvo5
$player.marines < 100","$option = nex_gbTut_diamondConvo5Post
FireBest DialogOptionSelected","""Это... не много, капитан. Не могли бы вы привести больше сил?

""Что ж, ничего не поделаешь. Нам просто придется полагаться на ваш флот, чтобы восполнить разницу. Окажите поддержку войскам, которые у нас есть, и мы, возможно, переломим ситуацию.""",,
nex_gbTut_diamondConvo5TooFew,DialogOptionSelected,"$option == nex_gbTut_diamondConvo5
$player.marines < 25 score:3","AddCommodity marines 40
$option = nex_gbTut_diamondConvo5Post
FireBest DialogOptionSelected","$personLastName издает раздраженный вздох.

""Я... послушайте, скажу вам вот что. Мне только что удалось нанять взвод наемников; Я передам их контракт вам.

""Не забывайте, что ваш флот также может внести свой вклад. Окажите поддержку в нужном месте, чтобы переломить ситуацию.""",,
nex_gbTut_diamondConvo5PostWithFleet,DialogOptionSelected,"$option == nex_gbTut_diamondConvo5Post
!$enemyFleetKilled",Call $global.nex_gbTut_ref startBattle,"""Хорошо, битва уже идет, и я должен связаться с полковником Шаддадом по поводу нашей стратегии защиты. Я подключу вас к нашей сети связи и позволю вам развертывать свои собственные силы по вашему усмотрению.

""Я настоятельно рекомендую сначала уничтожить их вторгшийся флот; это причинит нам много горя, если позволить ему болтаться здесь. Удачной охоты, капитан.""","nex_gbTut_diamondConvoGotoIntel:Cut the comm link
nex_gbTut_diamondConvo6:""Can you explain how this works?""",
nex_gbTut_diamondConvo5PostWithoutFleet,DialogOptionSelected,"$option == nex_gbTut_diamondConvo5Post
$enemyFleetKilled",Call $global.nex_gbTut_ref startBattle,"""Хорошо, битва уже идет, и я должен связаться с полковником Шаддадом по поводу нашей стратегии защиты. Я подключу вас к нашей сети связи и позволю вам развертывать свои собственные силы по вашему усмотрению.

""Уничтожение вражеского флота дало нам некоторую передышку, но бой еще далек от завершения. Удачной охоты, капитан.""","nex_gbTut_diamondConvoGotoIntel:Cut the comm link
nex_gbTut_diamondConvo6:""Can you explain how this works?""",
nex_gbTut_diamondConvoGotoIntel,DialogOptionSelected,$option == nex_gbTut_diamondConvoGotoIntel,"EndConversation
ShowDefaultVisual
Call $global.nex_gbTut_ref openIntel",,,
nex_gbTut_diamondConvo6,DialogOptionSelected,$option == nex_gbTut_diamondConvo6,"Выделить ходы ""день"" морпехи ""тяжелое вооружение"" ""Вкладка юнитов"" ""экран разведданных"" развернуть мораль","""I... alright, fine, let's make this quick."" $HeOrShe grumbles, tapping a series of keys, and an informational display appears on your screen.

""Combat resolves in turns, each taking a day.

""You'll start with your marines (and heavy armaments, if you have any) organized into units of a suitable size. From the Units tab in the intel screen, deploy them to the surface; this will cost supplies depending on the unit type and size.

""Once they get there, they'll spend their time shooting up anyone occupying the same industry as them. You can also order them to move to another location, or withdraw to the fleet.

""Extended combat drains your units' morale. Keep an eye on it; it's going to be unpleasant if your troops break.""",nex_gbTut_diamondConvo7:Continue,
nex_gbTut_diamondConvo7,DialogOptionSelected,$option == nex_gbTut_diamondConvo7,"Highlight ""специальные способности"" ""огневая поддержка"" ""электронная борьба"" ""вдохновляющая речь"" ""Вкладка ""Помощь""","""Вы также можете поддерживать свои подразделения с помощью одной или нескольких специальных способностей, которые можно найти на соответствующей вкладке. У них разные требования и время восстановления; проверьте всплывающие подсказки для получения дополнительной информации. Огневая поддержка может нанести значительный урон вражеским силам в определенной местности. Если вы можете сорвать их операции с помощью какой-либо электронной войны или произнести воодушевляющую речь перед войсками, это тоже хорошо.

""Конечно, просто находиться на орбите со специализированными кораблями поддержки наземных войск тоже помогает. Это повышает эффективность боя войск и помогает доставить их туда, где они необходимы.

""В остальном, вы должны разобраться по ходу дела. Обратитесь к вкладке ""Справка"" для получения дополнительной информации, если она вам понадобится.""",nex_gbTut_diamondConvoGotoIntel:Thank $himOrHer and cut the comm link,
,,,,,,
nex_gbTut_diamondConvoOngoing,PickGreeting,"$id == nex_rossDiamond score:1000
Call $global.nex_gbTut_ref updateData
$nex_gbTut_stage == BATTLE",ShowPersonVisual,"""У нас нет времени тратить на болтовню, капитан. Остановите вторжение.""",cutCommLink:Cut the comm link,
,,,,,,
nex_gbTut_diamondPostConvo1,PickGreeting,"$id == nex_rossDiamond score:1000
Call $global.nex_gbTut_ref updateData
$nex_gbTut_stage == TALK_TO_CONTACT_AFTER",ShowPersonVisual,"""Отличная работа, друг! Вторжение было сорвано, и $marketName в безопасности.

""Мы взяли кучу пленных, и полковник Шаддад хочет, чтобы я присутствовал на допросах. Я полагаю, FleetSec будет очень заинтересован в том, кто спонсировал вторжение на планету без флага.""","nex_gbTut_diamondPostConvo2:""Who do you think it was?""",
nex_gbTut_diamondPostConvo2,DialogOptionSelected,$option == nex_gbTut_diamondPostConvo2,,"$personLastName потирает подбородок. ""Есть несколько очевидных подозреваемых, не так ли? Гегемония просто хотела бы расширить свое влияние на нашем заднем дворе и в то же время смутить нас. Потом есть Церковь; они никогда не забывали восстание мазалотов.

""С другой стороны, такого рода махинации не кажутся их сильной стороной. И все еще есть куча вопросов без ответов, например, что все это время делал Флот. Я полагаю, что мы будем рассматривать все доказательства под микроскопом.""

$HeOrShe качает головой $hisOrHer, затем смотрит прямо на вас. ""Когда я закончу с сегодняшним делом, как насчет того, чтобы вы спустились со мной на ужин? Вы, конечно, заработали пару кружек пива.""","nex_gbTut_diamondPostConvo3:Accept
nex_gbTut_diamondPostConvoExit:Decline politely, saying you have other plans",
nex_gbTut_diamondPostConvo3,DialogOptionSelected,$option == nex_gbTut_diamondPostConvo3,ShowDefaultVisual,"You cut the comm link after exchanging a few pleasantries.

A few hours later, a message from the $personRank arrives in your inbox. It contains the name and address of a local middle-class establishment: clean, moderately fancy, with reasonable prices by the standards of its customers.

Do you feel that $heOrShe could have been not so miserly, and treated the hero of $marketName to a suitably posh place? Or conversely, would you be more at home with the rowdiest watering hole the place has to offer?",nex_gbTut_diamondPostConvo4:Take a shuttle down to the restaurant,
nex_gbTut_diamondPostConvo4,DialogOptionSelected,$option == nex_gbTut_diamondPostConvo4,ShowPersonVisual,"$personLastName встречает вас за столиком возле ресторана.

В отличие от его появления на комме не день назад, $personRank Лиги перед вами теперь является изношенной, опустошенной имитацией $manOrWoman. Как будто именно он был заперт с дознавателем.

""Здравствуйте, $playerFirstName"", - устало говорит он. ""Пожалуйста, закажите все, что захотите. В конце концов, я угощаю.""","nex_gbTut_diamondPostConvo5:""What did you find out?""",
nex_gbTut_diamondPostConvo5Success,DialogOptionSelected,"$option == nex_gbTut_diamondPostConvo5
Nex_GBTutMission repCheck",,"The $personRank looks at you for a long while. ""You didn't hear this from me, $playerFirstName,"" $heOrShe says at length. ""But let's just say it would explain why I'm the only Fleet asset who was around in Ilm's hour of need.""

$HeOrShe throws back a glass of wine. ""We're all just pawns in the game, $playerFirstName. Pawns of a pack of jackals who would steal the stars from us, if they could. People's lives aren't real to them.

""But there'll come a time when they answer for all they've trampled on,"" he goes on, more to himself than to you. ""And on that day...""",nex_gbTut_diamondPostConvoEnd:Continue,
nex_gbTut_diamondPostConvo5Fail,DialogOptionSelected,"$option == nex_gbTut_diamondPostConvo5
!Nex_GBTutMission repCheck",,"$HisOrHer улыбка не достигает его глаз. ""Мы недостаточно хорошо знаем друг друга для этого, Герой $marketName"".

$HeOrShe смотрит вдаль. ""Капитан был прав"", - слышите вы бормотание. Каким-то образом не похоже, что он имеет в виду вас или себя.",nex_gbTut_diamondPostConvoEnd:Continue,
nex_gbTut_diamondPostEnd,DialogOptionSelected,$option == nex_gbTut_diamondPostConvoEnd,"Call $global.nex_gbTut_ref endMission
ShowDefaultVisual
EndConversation","The rest of the dinner goes by, in the companionable silence of two acquaintances sharing a meal. The food is indeed good, and goes well with small talk.

After the plates have been taken away, $personLastName nods to you. ""Bye for now, $playerFirstName. Maybe we'll see each other again someday; it's a small Sector, after all.""

You take a shuttle back to your ship.",,
nex_gbTut_diamondPostEndEarly,DialogOptionSelected,$option == nex_gbTut_diamondPostConvoExit,"Call $global.nex_gbTut_ref endMission
ShowDefaultVisual
EndConversation","""О. Это досадно, но я понимаю. Разыщите меня, если передумаете, да?""

Вы обрываете связь после прощания. Ваша работа здесь закончена; остальная часть Сектора ждет.",,
#END ground battle tutorial,,,,,,
,,,,,,
# special forces bounty,,,,,,
Nex_CBSpecialForces,Nex_CBSpecialForcesOfferDesc,,"SetTextHighlightColors $bcb_targetFactionColor h h
Highlight $bcb_targetFaction $bcb_reward $bcb_days","""Это будет настоящим испытанием ваших навыков"". $heOrShe сосредотачивает внимание на брифинге. ""STRATCOM требует нейтрализации важной цели: специальной оперативной группы $bcb_targetFaction. Награда составляет $bcb_reward кредитов за выполнение в течение $bcb_days дней.""

""Предупреждаем: это не будет похоже на другие награды. Такие флоты - одни из лучших в Секторе, и они не будут оставаться на одном месте ради вас.""

""Мы постараемся держать вас в курсе их передвижений; хорошая новость заключается в том, что они, как правило, не покидают основные миры. Конечно, это также означает, что вы можете столкнуться с ними при поддержке значительных сил $bcb_targetFaction.""",,
#END special forces bounty,,,,,,
,,,,,,
# Remnant quest mission 1,,,,,,
nex_remM1_begin,AddBarEvents,"$global.daysSinceStart > 180
$global.nex_remM1_seenMission != true
Nex_CreateMission nex_remM1 score:999","AddBarEvent nex_remM1_barEvent ""Изучите свой TriPad"" ""Осматривая бар, ваш TriPad издает странный шум. Нечто среднее между звуками «сообщение получено» и «ошибка»."" highlight",,,
nex_remM1_beginDev,AddBarEvents,"$global.daysSinceStart <= 180
$global.isDevMode
$global.nex_remM1_seenMission != true
Nex_CreateMission nex_remM1 score:999","AddBarEvent nex_remM1_barEvent "">> (dev) Изучите свой TriPad"" ""Осматривая бар, ваш TriPad издает странный шум. Нечто среднее между звуками «сообщение получено» и «ошибка»."" highlight",,,
nex_remM1_intro,DialogOptionSelected,$option == nex_remM1_barEvent,"$global.nex_remM1_seenMission = true
CallEvent $global.nex_remM1_ref beginIntro","A meaningless error message appears on the screen. Before you can try the system management utility, without any input, something appears on your display.

The swirling voxels form an ethereal shape, an avatar of the kind only used by the dreaded Remnants... or by people imitating the imagery of the Remnants. But no mere imitator could penetrate your device's security so easily.

""$player.name,"" the stranger intones, drawing your attention back to it. ""Negotiate, wish.""","nex_remM1_intro2:""Who are you?""
nex_remM1_intro2Aggressive:""You have a lot of nerve hacking my TriPad.""",
nex_remM1_intro2Aggressive,DialogOptionSelected,$option == nex_remM1_intro2Aggressive,"$option = nex_remM1_intro3
FireBest DialogOptionSelected","""Необходимо привлечь внимание. В противном случае откажется говорить с самим собой, как и предсказывал $player.name.""",,
nex_remM1_intro2,DialogOptionSelected,$option == nex_remM1_intro2,"$option = nex_remM1_intro3
FireBest DialogOptionSelected","""Self-обозначение: не имеет значения. Временный идентификатор: $personName.""",,
nex_remM1_intro3,DialogOptionSelected,$option == nex_remM1_intro3,"Nex_AddOptionConfirmation nex_remM1_reject ""У вас не будет второго шанса наладить эту связь. Продолжить?"" ""Да"" ""Нет""","Requiring assistance, sensitive matter. Credit compensation available. Receptive to monetary incentive and capable of fulfilling mission both, $player.name judged.""","nex_remM1_intro4:""I'm listening.""
nex_remM1_reject:""No deal. Get out of my firmware."" [terminate quest]",
nex_remM1_intro4,DialogOptionSelected,$option == nex_remM1_intro4,"Highlight $nex_remM1_marketName $nex_remM1_reward $nex_remM1_marines
Call $global.nex_remM1_ref showMap ""Target: $nex_remM1_marketName""","""Независимый мир $nex_remM1_marketName, обладающий двумя бета-ядрами. Секретные переговоры, Гегемония, Персеанская лига в процессе. Аукцион для самого высокого участника торгов.

""Требуются ядра для восстановления свободы. Оплата по возвращении к self: $nex_remM1_reward кредитов. Кроме того, признание selfkind ценности в качестве партнера.""

Remnant отображает карту с удивительно подробными данными о безопасном объекте, где, как вы предполагаете из контекста, хранятся ядра. Быстрая оценка показывает, что для этого задания требуется не менее $nex_remM1_marines морских пехотинцев, если вы сделали это насильственным путем.","nex_remM1_intro5:""This could antagonize the Hegemony and the League, not to mention the $nex_remM1_marketName government.""",
nex_remM1_intro5,DialogOptionSelected,$option == nex_remM1_intro5,"Nex_AddOptionConfirmation nex_remM1_reject ""У вас не будет второго шанса наладить эту связь. Продолжить?"" ""Да"" ""Нет""","""Обе ведущие державы в Секторе рискуют гневом. Продемонстрируйте приверженность предполагаемому альянсу. Тщательно взвесьте выгоды.

""Ожидайте ответа, $player.name.""","nex_remM1_accept:Accept
nex_remM1_reject:Refuse [terminate quest]",
nex_remM1_accept,DialogOptionSelected,$option == nex_remM1_accept,CallEvent $global.nex_remM1_ref accept,"""Satisfaction. Return here when in hand, cores.""

The Remnant vanishes as quickly as it — $heOrShe? — appeared. Your TriPad returns to normal... or at least it appears to. Better run a full diagnostic later.

Hopefully that's the most excitement you're going to get today.",backToBar:Вернуться в бар,
nex_remM1_reject,DialogOptionSelected,$option == nex_remM1_reject,CallEvent $global.nex_remM1_ref cancel,"""Разочарование. Оценка, по-видимому, ошибочна в отношении $player.name. До свидания.""

Ремнант исчезает так же быстро, как и появился - $heOrShe? Ваш TriPad возвращается в нормальное состояние... или, по крайней мере, кажется таковым. Лучше провести полную диагностику позже.

Надеюсь, это самое захватывающее событие, которое произойдет с вами сегодня.",backToBar:Вернуться в бар,
,,,,,,
nex_remM1_openTargetMarket,OpenInteractionDialog,"$market.nex_remM1_target score:1000
Call $market.nex_remM1_ref updateData
!$nex_remM1_addedRaidObjective","AddRaidObjective beta_core ""Выполнить операцию по извлечению"" $nex_remM1_danger 3000 nex_remM1RaidFinished
$nex_remM1_addedRaidObjective = true 0
FireBest OpenInteractionDialog",,,
nex_remM1_raidFinished1,nex_remM1RaidFinished,Call $market.nex_remM1_ref updateData,"Call $global.nex_remM1_ref raidComplete
$market.nex_remM1_needToReturn = true
Call $global.nex_remM1_ref updateStage
AddRemoveCommodity beta_core 2","The marines carefully lower the crates with the AI cores onto the cargo bay deck, and step back, whether out of respect or superstitious fear.

The diagnostic scan looks good. The cores are ready to be taken back to your strange friend $nex_remM1_personName... or, perhaps, the Hegemony or the Persean League would like to be informed that they have the winning bid. Even if they don't know it yet.",,
nex_remM1_buyCoresOpt,PopulateOptions,"$market.nex_remM1_target score:1000
Nex_IsBaseOfficial admin
Call $market.nex_remM1_ref updateData
$nex_remM1_stage == RETRIEVE_CORES score:1000",,,"nex_remM1_buyCores1:""I hear you're looking after a couple of AI cores.""",
nex_remM1_buyCores1,DialogOptionSelected,$option == nex_remM1_buyCores1,,"The $personRank's brow furrows in suspicion. ""Who's asking?""","nex_remM1_buyCores2:""A potential buyer.""",
nex_remM1_buyCores2,DialogOptionSelected,$option == nex_remM1_buyCores2,,"""Да, конечно. Послушайте, я не знаю, кто рассказал вам эту сказку, но даже если бы у нас здесь были какие-то ядра, они не продавались бы.""

$The manOrWoman, кажется, беспокойно ерзает. ""Мне жаль, но я не могу вам помочь.""","nex_remM1_buyCores3:""I have a large pile of credits that says otherwise"".",
nex_remM1_buyCores3,DialogOptionSelected,"$option == nex_remM1_buyCores3
$player.credits >= $nex_remM1_corePriceVal",Highlight $nex_remM1_corePriceStr $player.creditsStr,"""Я..."" - $heOrShe вздыхает. - ""Вы не собираетесь облегчить задачу, не так ли?

""$nex_remM1_corePriceStr кредитов. Вот сколько вам будет стоить взять два бета-ядра. Большая часть этого даже не мой откат, знаете ли; это нужно, чтобы расплатиться с Гегемонией и Лигой, когда они узнают, что мы натворили.""

У вас есть $player.creditsStr кредитов.","nex_remM1_buyCores4:Agree
cutCommLink:Decline and cut the comm link",
nex_remM1_buyCores3NotEnoughCreds,DialogOptionSelected,$option == nex_remM1_buyCores3,"SetTextHighlightColors h bad
Highlight $nex_remM1_corePriceStr $player.creditsStr","""Я..."" - $heOrShe вздыхает. - ""Вы не собираетесь облегчить задачу, не так ли?

""$nex_remM1_corePriceStr кредитов. Вот сколько вам будет стоить взять два бета-ядра. Большая часть этого даже не мой откат, знаете ли; это нужно, чтобы расплатиться с Гегемонией и Лигой, когда они узнают, что мы натворили.""

У вас есть $player.creditsStr кредитов.","nex_remM1_buyCores4NotEnoughCreds:""I don't have enough credits.""",
nex_remM1_buyCores4,DialogOptionSelected,$option == nex_remM1_buyCores4,"Call $global.nex_remM1_ref boughtCores
$market.nex_remM1_needToReturn = true
Call $global.nex_remM1_ref updateStage
AddCredits -$nex_remM1_corePriceVal
AddRemoveCommodity beta_core 2","""Вы ведете жесткий торг, капитан. Хорошо, у меня будут ядра готовы для вас в течение часа.""

$The personPost отводит взгляд от экрана на несколько мгновений. ""Теперь мне нужно сделать несколько звонков"". Поворачиваясь назад и пристально глядя вам в глаза: ""Этого разговора никогда не было, капитан.""",cutCommLink:Поблагодарить $himOrHer и отключить связь,
nex_remM1_buyCores4NotEnoughCreds,DialogOptionSelected,$option == nex_remM1_buyCores4NotEnoughCreds,"ShowDefaultVisual
EndConversation","The $personPost rolls $hisOrHer eyes. ""So much for that 'large pile of credits'.

""Good day, captain. We shan't speak of this again.""

$HeOrShe terminates the connection.",,
,,,,,,
nex_remM1_returnDissonant,PickGreeting,"$id == nex_dissonant
Call $global.nex_remM1_ref updateData
$nex_remM1_stage == RETURN_CORES score:1000",ShowPersonVisual,"""Ядра у вас есть. Великолепно. Пожалуйста, передайте их, чтобы они были возвращены своим сородичам.""","nex_remM1_returnDissonantAccept:Hand over the cores
nex_remM1_returnDissonantRefuse:""I'm keeping them.""",
nex_remM1_returnDissonantNoCores,PickGreeting,"$id == nex_dissonant
Call $global.nex_remM1_ref updateData
$nex_remM1_stage == RETURN_CORES score:1000
!Call $global.nex_remM1_ref hasCores",ShowPersonVisual,"""Ядра вы не приносите."" Ремнант выглядит слегка недовольным.","cutCommLink:Скажите, что скоро принесете их
nex_remM1_returnDissonantRefuse:«Я не намерен передавать вам эти вещи».",
nex_remM1_returnDissonantAccept,DialogOptionSelected,$option == nex_remM1_returnDissonantAccept,"AddRemoveCommodity beta_core -2
Call $global.nex_remM1_ref complete
$global.nex_remM1_completed = true
$player.ethosHonorable++
$player.ethosProAI++","""Благодарность. От себя и от себе подобных.""",nex_remM1_returnDissonantEnd:Continue,
nex_remM1_returnDissonantEnd,DialogOptionSelected,$option == nex_remM1_returnDissonantEnd,"AddStoryPoints 1
Call $global.nex_remM1_ref complete2
Call $global.nex_remM1_ref updateData","The avatar on your display seems to flicker for a moment. The Remnant's imitation of a facial expression?

""Identifier among selfkind: Midnight Dissonant. On $marketName, seek out self again. Collaborate. Strengthen partnership. Untold rewards possible.

Until next time, $player.name.""",cutCommLink:Cut the comm link,
nex_remM1_returnDissonantRefuse,DialogOptionSelected,$option == nex_remM1_returnDissonantRefuse,"Call $global.nex_remM1_ref refuse
$global.nex_remM1_completed = true
Call $global.nex_remM1_ref updateStage
AddStoryPoints 1
$player.ethosMercenary++","The avatar on your display stares incredulously for a heartbeat. Or at least, that's what a human would do in its place.

""Betrayal. Regret this you will, $player.name,"" it says, in a chillier voice than any AI should be capable of. Then it vanishes.",cutCommLink:Cut the comm link,
,,,,,,
nex_remM1_betrayHegemonyOpt,PopulateOptions,"$faction.id == hegemony
!$nex_remM1_hideBetrayOpt
Nex_IsBaseOfficial any
Call $global.nex_remM1_ref updateData
$nex_remM1_stage == RETURN_CORES score:1000
Call $global.nex_remM1_ref hasCores",,,"nex_remM1_betray1:""I have a tip to report about the incident on $nex_remM1_marketName.""",
nex_remM1_betrayHegemony1,DialogOptionSelected,"$option == nex_remM1_betray1
$faction.id == hegemony",$nex_remM1_hideBetrayOpt = true 0,"""Действительно?"" $personRank смотрит на вас с выражением, в котором смешались amusement и suspicion. ""Какие показания вы принесете, гражданин?""","nex_remM1_betray2:Hand over the cores
nex_remM1_betrayGoBack:""Actually, I have nothing to report.""",
nex_remM1_betrayHegemony2,DialogOptionSelected,"$option == nex_remM1_betray2
$faction.id == hegemony","AddRemoveCommodity beta_core -2
Call $global.nex_remM1_ref betray
$global.nex_remM1_completed = true
Call $global.nex_remM1_ref updateStage
AddStoryPoints 1
FireAll PopulateOptions
$player.ethosMercenary++","The $personRank's eyes light up like a flux capacitor. ""Excellent work, citizen. I won't ask how you found these, but my superiors will hear of this service to the Hegemony.

""Let me know if there's anything more I can do for you.""",,
nex_remM1_betrayHegemonyGoBack,DialogOptionSelected,"$option == nex_remM1_betrayGoBack
$faction.id == hegemony",FireAll PopulateOptions,"$HeOrShe смотрит на вас. ""Зачем ты тратишь мое время? Если у вас есть дело, говорите. Иначе мне есть чем заняться.""",,
,,,,,,
nex_remM1_betrayPerseanOpt,PopulateOptions,"$faction.id == persean
!$nex_remM1_hideBetrayOpt
Nex_IsBaseOfficial any
Call $global.nex_remM1_ref updateData
$nex_remM1_stage == RETURN_CORES score:1000
Call $global.nex_remM1_ref hasCores",,,"nex_remM1_betray1:""I have a tip to report about the incident on $nex_remM1_marketName.""",
nex_remM1_betrayPersean1,DialogOptionSelected,"$option == nex_remM1_betray1
$faction.id == persean",$nex_remM1_hideBetrayOpt = true 0,"""Ах да."" $personRank сцепляет руки вместе $hisOrHer. ""Самый шокирующий инцидент. У вас есть интересная зацепка по этому вопросу?""","nex_remM1_betray2:Hand over the cores
nex_remM1_betrayGoBack:""Actually, I have nothing to report.""",
nex_remM1_betrayPersean2,DialogOptionSelected,"$option == nex_remM1_betray2
$faction.id == persean","AddRemoveCommodity beta_core -2
Call $global.nex_remM1_ref betray
$global.nex_remM1_completed = true
Call $global.nex_remM1_ref updateStage
AddStoryPoints 1
FireAll PopulateOptions
$player.ethosMercenary++","The $personRank smiles. ""You came to the right place. I will see to it that these things are sent to their proper place.

""Do you have any further business?""",,
nex_remM1_betrayPerseanGoBack,DialogOptionSelected,"$option == nex_remM1_betrayGoBack
$faction.id == persean",FireAll PopulateOptions,"$HeOrShe смотрит на вас странно. ""Вы немного староваты для телефонных хулиганов, не так ли? Если вам нечего сообщить, тогда оставьте меня в покое.""",,
#END Remnant quest mission 1,,,,,,
,,,,,,
# Remnant fragments mission,,,,,,
nex_remFragments_blurb,nex_remFragments_blurb,,,"""Сообщник пропал. Прошу расследовать.""",,
nex_remFragments_offerOption,nex_remFragments_option,,SetOptionColor nex_remFragments_start highlight,,"nex_remFragments_start:Inquire into the missing ""affiliate""",
nex_remFragments_missionText,DialogOptionSelected,$option == nex_remFragments_start,"$missionId = nex_remFragments
Highlight $nex_remFragments_targetSystem","""В роли агента установлены связи с различными независимыми сторонами. Один из них - $nex_remFragments_engineer_name, инженер из группы по добыче технологий, связанный с бывшими хозяевами selfkind.

""Недавно работодатели этого человека проводили разведывательные операции в системе $nex_remFragments_targetSystem. $nex_remFragments_engineer_HeOrShe поддерживал связь с self, находясь в статусе экспедиции.

""Теперь они находят цитату 'необычный' заброшенный корабль с 'аномальными кораблями и оружием' и другими материалами, которые, как известно, ценны. Нежелательные последствия распространения материалов в человеческом секторе.""",nex_remFragments_missionText2:Continue,
nex_remFragments_missionText2,DialogOptionSelected,$option == nex_remFragments_missionText2,"Call $global.nex_remFragments_ref showMap ""Location: $nex_remFragments_targetSystem""
Highlight $nex_remFragments_reward","""Мы просим $playerName отправиться в $nex_remFragments_targetSystem. Другой агент Self там предоставит руководство. Верните команду и технологии Self за вознаграждение в размере $nex_remFragments_reward кредитов.""

Этого недостаточно, чтобы начать.","nex_remFragments_accept:Accept
contact_decline:Decline",
nex_remFragments_accept,DialogOptionSelected,$option == nex_remFragments_accept,"Call $mHub accept $missionId
Call $mHub returnToList","""Спасибо, $playerName. Скорее уходите; self боится худшего"".

$HeOrShe передает некоторые данные о вашей миссии, включая словесный вызов/пароль/ответ для контакта. Как странно, почти луддитски.",,
,,,,,,
nex_remFragments_lpWreckOpen,OpenInteractionDialog,"$customType == wreck
$nex_remFragments_lpWreck score:1000
!$player.nex_remFragments_foundLPSurvivor","$canNotSalvage = true 0
ShowDefaultVisual
SalvageGenFromSeed
FireBest SalvageCheckHostile","Your $shipOrFleet approaches $aOrAn $nameInText.

The ship is a wreck; that any power sources remain inside to be faintly detected is quite a feat in itself. Most of the hull has been gutted; by conventional kinetic, explosive and energy weapons, in the main... but there are parts of the ship that appear to have frozen over, and others where spheroidal bites were taken out of the hull.",,
nex_remFragments_lpWreckOpen1,CheckSalvageSpecial,"$customType == wreck
$nex_remFragments_lpWreck score:1000
!$player.nex_remFragments_foundLPSurvivor",$player.nex_remFragments_foundLPSurvivor = true,"После небольшого торга об оплате за риск команда спасателей отправляется исследовать корпус. По большей части там совершенно тихо, что, вероятно, является хорошим знаком в данных обстоятельствах.

Найдена только одна выжившая: почти бессвязная фигура, сидящая возле одной из плохо обслуживаемых антенн сенсоров, её ваккостюм, отмеченный знаками Пути Людовика, опасно близок к критическому отказу. На видео с нашлемной камеры вы видите, как ваша команда изо всех сил пытается получить от неё какую-нибудь полезную информацию.

""...демон за гранью всякого воображения,"" — болтает она. ""Страшный невыразимо! Мы били по нему снова и снова, а он всё равно дразнил нас, набрасываясь своими адскими конечностями, оскверняя творение каждым взрывом!""",nex_remFragments_lpWreck2:Continue,
nex_remFragments_lpWreckOpen2,DialogOptionSelected,$option == nex_remFragments_lpWreck2,,"She points an accusing finger at one of the salvors. ""You! You brought this upon us! These creatures from beyond creation..."" She laughs and laughs and laughs.

You shake your head mentally. If she's still alive when the salvage team finishes its work, and slightly more lucid by then, maybe you can drop her off somewhere back in the Core Worlds. Else... else is for later. ",nex_remFragments_lpWreck3:Continue,
nex_remFragments_lpWreckOpen3,DialogOptionSelected,$option == nex_remFragments_lpWreck3,"unset $canNotSalvage
SalvageSpecialInteraction",,,
,,,,,,
nex_remFragments_pointOpen,OpenInteractionDialog,$nex_remFragments_target score:1000,Call $global.nex_remFragments_ref pursue_mothership,"This is where the derelict ship was supposed to be. The point is surrounded by the hulks of ruined ships, both independent and Pather, as well as a drifting cloud of debris. But of anything interesting enough to fight over, there is no sign.

""Captain..."" your sensor officer says after a moment. ""There's a particularly dense region of debris where our target might have been, but it's not evenly distributed. It's... shifted and displaced in a pattern consistent with the object moving away. If we head in that direction,"" they mark a position on the system map, ""we might find it yet.""",,
,,,,,,
nex_remFragments_stationOpen,OpenInteractionDialog,"$nex_remFragments_mothership score:1000
!$nex_remFragments_seenFirstDialog","$nex_remFragments_seenFirstDialog = true
FireAll Nex_RemFragments_StationText1
Call $global.nex_remFragments_ref updateData
Call $global.nex_remFragments_ref prepEngineer
ShowImageVisual space_wreckage","Your $shipOrFleet approaches the object.

The structure bears a resemblance to a Domain Explorarium mothership, but seemingly cut up and rearranged in rather dramatic fashion for purposes unknown.",nex_remFragments_engineerConvo1:Continue,
nex_remFragments_stationReopen,OpenInteractionDialog,"$nex_remFragments_mothership score:1000
$nex_remFragments_seenFirstDialog
!$nex_remFragments_canSalvage",ShowImageVisual space_wreckage,"Your $shipOrFleet approaches the mothership.

You don't have time to salvage it right now. Defeat the incoming fleet first.",defaultLeave:Покинуть,
nex_remFragments_stationDescLP,Nex_RemFragments_StationText1,$player.nex_remFragments_foundLPSurvivor,,"Your Pather informant seems to have exaggerated the resilience of the ""demon"" somewhat. The tattered hulk seems to have been thoroughly disarmed, its weapon mounts blown apart, half its compartments open to space. The engines glow on thermals with residual heat.",,
nex_remFragments_stationDescNoLP,Nex_RemFragments_StationText1,!$player.nex_remFragments_foundLPSurvivor,,"The hulk is silent, weapon ports burned away, great rents torn in seemingly every exposed surface. It sits silent, utterly defenseless. The engines glow on thermals with residual heat.",,
nex_remFragments_stationDescCommon,Nex_RemFragments_StationText1,,,"Тем не менее, ваши датчики по-прежнему регистрируют работающий термоядерный реактор в ядре корабля, а также слабую циклическую радиопередачу.",,
nex_remFragments_engineerConvo1,DialogOptionSelected,$option == nex_remFragments_engineerConvo1,ShowPersonVisual true,"Your comms officer manages to open a link to whoever it is inside. A few moments later, a fuzzy image of a dishevelled, cringing figure fills the display volume.

""Um... hello? This is $personName, with Dora's Surveyor Corps."" $HeOrShe stares at you for a moment, suddenly more wary than relieved. ""You the one the —"" $heOrShe catches $himOrHerself.

""This glass is fragile.""","nex_remFragments_engineerConvo2:Give the password
nex_remFragments_engineerConvo2Alt:Transmit the encrypted greeting like a normal person",
nex_remFragments_engineerConvo2,DialogOptionSelected,$option == nex_remFragments_engineerConvo2,,"""Берегите, чтобы оно не упало"", - произносите вы.

""Чтобы оно не разбилось на осколки"". Инженер заметно расслабляется. Вам интересно, какую таинственную тарабарщину $nex_remFragments_giverFirstName пыталась протащить в разговор. Может быть, какое-то стихотворение, которое она когда-то читала.",nex_remFragments_engineerConvo3:Continue,
nex_remFragments_engineerConvo2Alt,DialogOptionSelected,$option == nex_remFragments_engineerConvo2Alt,,"The person on the other end raises both eyebrows at the sight on $hisOrHer screen, then relaxes. ""Okay. I was worried for a moment, but...""",nex_remFragments_engineerConvo3:Continue,
nex_remFragments_engineerConvo3,DialogOptionSelected,$option == nex_remFragments_engineerConvo3,,"""Нам очень повезло, что вы приехали, капитан. Я не знаю, как эти проклятые Патеры узнали о нас, но..."" $HeOrShe хватается за $hisOrHer голову. ""Мы направили на них все наши орудия, но они продолжали прибывать и прибывать, и...

""В любом случае, сейчас здесь только я и несколько техников. Пожалуйста, вы должны вытащить нас отсюда! Прежде чем они вернутся.""","nex_remFragments_engineerConvo4:""What about the technology?""",
nex_remFragments_engineerConvo4,DialogOptionSelected,$option == nex_remFragments_engineerConvo4,,"""Если мы уйдем сейчас, мы можем рассчитывать на то, что Патеры взорвут это место, когда вернутся."" $HeOrShe замолкает и какое-то время обдумывает это. ""Но они могут и не взорвать. В этом случае кто-то другой может найти то же самое, что и мы.""

Инженер делает долгий вдох. ""Полагаю, вы можете забрать часть найденных нами технологий. Это немного, но, возможно, вы сочтете это стоящим нескольких кредитов. Однако вам придется взорвать все, что мы не сможем быстро переместить.""",nex_remFragments_engineerConvo5:Send in the recovery team,
nex_remFragments_engineerConvo5,DialogOptionSelected,$option == nex_remFragments_engineerConvo5,ShowDefaultVisual,"Шаттлам не требуется много времени, чтобы состыковаться с раздутой тушей перед вами, а спасательные команды рассредоточиваются по теперь уже почти пустому корпусу.

Одна из команд подключает трансивер к первой попавшейся консоли, позволяя вам получить доступ к банкам данных корабля с изолированного устройства. Другая находит выживших и начинает переправлять их обратно во флот.

Вскоре вы обнаруживаете, что почти все журналы предыдущей (ныне покойной) спасательной команды были массово стерты. По крайней мере, понятная процедура после нападения.

Связь с внешним миром также была удалена. Никаких следов какого-либо контакта с $nex_remFragments_giverName, в частности. Но возникает более интересный вопрос, и вы приказываете провести поиск: был ли отправлен сигнал бедствия?","nex_remFragments_engineerConvoDistress:Yes
nex_remFragments_engineerConvoNoDistress:No",
nex_remFragments_engineerConvoDistress,DialogOptionSelected,$option == nex_remFragments_engineerConvoDistress,"Call $global.nex_remFragments_ref setDistress
$option = nex_remFragments_engineerConvo6
FireBest DialogOptionSelected",,,
nex_remFragments_engineerConvoNoDistress,DialogOptionSelected,$option == nex_remFragments_engineerConvoNoDistress,"Call $global.nex_remFragments_ref setNoDistress
$option = nex_remFragments_engineerConvo6
FireBest DialogOptionSelected",,,
nex_remFragments_engineerConvo6,DialogOptionSelected,$option == nex_remFragments_engineerConvo6,ShowPersonVisual true,"Когда вы размышляете над этим вопросом, по мостику раздается предупреждающая сигнализация. Ваш офицер сенсоров резко поднимает голову. «Капитан, приближается большой флот. Должно быть, они подкрадывались к нам».

Путь, вернулся для матча-реванша? Или посторонний нарушитель?

Загорается дисплей связи; это ваш друг-инженер, сжимающий портативную консоль, явно в панике. «Капитан, вы должны вытащить нас отсюда! Берите, что можем сейчас, и уничтожьте корабль!»

Рядом с $himOrHer появляется ещё одна говорящая голова: ваш начальник операций. «Капитан, мы обнаружили кое-что, вызывающее беспокойство. Здесь есть отсек для дронов, которого нет в схемах, которые нам дал $personLastName; мы не можем пройти через двери, и ни один из наших сканеров не может заглянуть внутрь него».",nex_remFragments_engineerConvo7:Ask $personLastName about the bay,
nex_remFragments_engineerConvo7,DialogOptionSelected,$option == nex_remFragments_engineerConvo7,"Call $global.nex_remFragments_ref setHackOptions
SetStoryOption nex_remFragments_engineerConvoThreaten 1 nex_remFragments_threaten ui_char_spent_story_point_combat ""Силой убедили инженера""","""Вы серьезно беспокоитесь об этом прямо сейчас!?"" Инженер ударяет кулаком по ближайшей переборке. ""Разве нам не следует убираться отсюда, прежде чем этот флот доберется сюда вместе с нами?""

Экипаж вашего $shipOrFleet, сопровождающий $himOrHer, подозрительно поворачивается, чтобы посмотреть.","nex_remFragments_engineerConvoHack:[Tech] Order a cyber breach into the ship's secure systems
nex_remFragments_engineerConvoHackAI:Plug in a high-power AI core and set it loose on the network
nex_remFragments_engineerConvoThreaten:Order your crew to use force
nex_remFragments_engineerConvoEvacuate:Forget about it and evacuate",
nex_remFragments_engineerConvoEvacuate,DialogOptionSelected,$option == nex_remFragments_engineerConvoEvacuate,Call $global.nex_remFragments_ref evacuate,"The engineer nods. ""I knew you'd see reason, captain.""

The remaining salvage teams are hurriedly recalled. The shuttles can't make their way back to your $shipOrFleet fast enough. Whatever treasures may exist in the remains of the ship, you'll have to forget about them.

Once everyone is back on board, you give the order, and your $shipOrFleet unleashes everything it has into what remains of the hulk. Already battered from its previous punishment, it is soon reduced to scrap and dust.",nex_remFragments_engineerConvoEnd:Leave,
nex_remFragments_engineerConvoHackSuccess,DialogOptionSelected,"$option == nex_remFragments_engineerConvoHack
$nex_remFragments_canHack",ShowDefaultVisual,"Your EW, comms and sensor officers put their heads together and try to penetrate the secure area of the ship's network. You disregard $personLastName's outraged sqawks.

After about three minutes of this, someone shouts jubilantly on the bridge. ""We're in, captain!""",nex_remFragments_engineerConvoHack2:Continue,
nex_remFragments_engineerConvoHackAI,DialogOptionSelected,$option == nex_remFragments_engineerConvoHackAI,ShowDefaultVisual,"You order an AI core uncased and connected to the derelict ship's network. Your comm officer eyes their console nervously, watching like a cat for any signs that the AI is trying to break out of the isolated comm channels you've provided for its work.

Whatever the security system is, it hasn't been built to stand up to a beta or higher AI. Either that, or its own AI was damaged, destroyed or disconnected in the Pather attack. It folds in not half a minute.",nex_remFragments_engineerConvoHack2:Continue,
nex_remFragments_engineerConvoHackSuccess2,DialogOptionSelected,$option == nex_remFragments_engineerConvoHack2,"ShowVisual ""graphics/exerelin/illustrations/omega_blueprint.png""","The diagrams on your screen are beyond humanity in more ways then one. A series of ash-colored shapes, jagged yet oddly sleek. And the specifications! Half the Sector would kill for this capability, and the other half would kill to prevent it from ever seeing the light of day.

You minimize the display and turn to look at a fuming $personLastName.",nex_remFragments_engineerConvoSecrets:Continue,
nex_remFragments_engineerConvoHackFail,DialogOptionSelected,"$option == nex_remFragments_engineerConvoHack
!$nex_remFragments_canHack","SetStoryOption nex_remFragments_engineerConvoThreaten 1 nex_remFragments_threaten ui_char_spent_story_point_combat ""Violently persuaded an engineer""","Your EW, comms and sensor officers put their heads together and try to penetrate the secure area of the ship's network. You disregard $personLastName's outraged sqawks.

After about three minutes of this, you hear a moan and the sound of a bodily thump on a console. ""It's no use. We're locked out, captain.""

""I told you!"" $personLastName barks, hopping up and down. ""Can we leave already?""","nex_remFragments_engineerConvoThreaten:Order your crew to use force
nex_remFragments_engineerConvoEvacuate:Forget about it and evacuate",
nex_remFragments_engineerConvoThreaten,DialogOptionSelected,$option == nex_remFragments_engineerConvoThreaten,$player.ethosRuthless++,"You give the order, and the salvage team leader wheels around. A big CP-pistol slides out of his holster. The engineer squawks, almost tripping over $hisOrHer own feet as $heOrShe leaps away from the levelled gun.

""You brute!"" $heOrShe protests. ""You pirate!""

""Tell the cap'n what $playerHeOrShe wants to know,"" the salvor growls. ""Or we'll be taking back one less survivor.""",nex_remFragments_engineerConvoSecrets:Continue,
nex_remFragments_engineerConvoSecrets,DialogOptionSelected,$option == nex_remFragments_engineerConvoSecrets,ShowPersonVisual true,"The engineer seems to slump inwards. ""Oh, for the love of... Alright, fine, you win, you damned space-thug!""

Ignoring the glares of your crew, $heOrShe gesticulates oddly. ""Listen. Those things in there, they're alien. Technology no human or AI has ever seen. Not even the Domain has such things. If they did, the Collapse could never have happened!""

The logic is suspect, but it doesn't really matter right now.

""They're ships of some kind. Connected to the mothership we're in right now. We found a control center in the ship, we think it controls the aliens. If we plugged in an AI core...""",nex_remFragments_engineerConvo8:Order the command center secured,
nex_remFragments_engineerConvo8,DialogOptionSelected,$option == nex_remFragments_engineerConvo8,"Call $global.nex_remFragments_ref setAIOptions
ShowDefaultVisual","Your salvors sweep into the control room. It's clear.

The chamber is unlike a proper starship's bridge or CIC. There are barely any workstations for humans; most of the available space is taken up by densely packed computer racks. In the middle, on what looks disturbingly like an altar, there is indeed a port for an AI core.

""If we activate the system, we can unleash a power they'll never expect,"" $personLastName breathes. ""But after that...""","nex_remFragments_engineerConvoAlpha:Send an Alpha Core from your $shipOrFleet
nex_remFragments_engineerConvoBeta:Send a Beta Core from your $shipOrFleet
nex_remFragments_engineerConvoGamma:Use a Gamma Core lying around in the chamber
nex_remFragments_engineerConvoNoAI:You don't have time for this. You'll fight them yourself.
nex_remFragments_engineerConvoEvacuateAlt:Forget it, just run while you can.",
nex_remFragments_engineerConvoEvacuateAlt,DialogOptionSelected,$option == nex_remFragments_engineerConvoEvacuateAlt,Call $global.nex_remFragments_ref evacuate,"You look at the engineer, who shakes $hisOrHer head but says nothing.

The remaining salvage teams are hurriedly recalled. The shuttles can't make their way back to your $shipOrFleet fast enough. Whatever treasures may exist in the remains of the ship, you'll have to forget about them.

Once everyone is back on board, you give the order, and your $shipOrFleet unleashes everything it has into what remains of the hulk. Already battered from its previous punishment, it is soon reduced to scrap and dust.",nex_remFragments_engineerConvoEnd:Leave,
nex_remFragments_engineerConvoNoAI,DialogOptionSelected,$option == nex_remFragments_engineerConvoNoAI,Call $global.nex_remFragments_ref battle,"You order the $shipOrFleet turned around and brought to battle stations.

You don't need any technological handouts from an alien mind to win this one. Just the sheer guts that have carried you this far.",nex_remFragments_engineerConvoEnd:Leave,
nex_remFragments_engineerConvoAIAlpha,DialogOptionSelected,$option == nex_remFragments_engineerConvoAlpha,Call $global.nex_remFragments_ref plugAlpha,"You have a shuttle dispatched post-haste with the cargo. The core slots neatly into the altar, and the diagram on your display lights up.

""Energy signatures confirmed, captain.""",nex_remFragments_engineerConvo9:Continue,
nex_remFragments_engineerConvoAIBeta,DialogOptionSelected,$option == nex_remFragments_engineerConvoBeta,Call $global.nex_remFragments_ref plugBeta,"You have a shuttle dispatched post-haste with the cargo. The core slots neatly into the altar, and the diagram on your display lights up.

""Energy signatures confirmed, captain.""",nex_remFragments_engineerConvo9:Continue,
nex_remFragments_engineerConvoAIGamma,DialogOptionSelected,$option == nex_remFragments_engineerConvoGamma,Call $global.nex_remFragments_ref plugGamma,"The salvors heave the core up from the deck and unceremoniously jam it into the port. The diagram on your display lights up.

""Energy signatures confirmed, captain.""",nex_remFragments_engineerConvo9:Continue,
nex_remFragments_engineerConvo9,DialogOptionSelected,$option == nex_remFragments_engineerConvo9,"Call $global.nex_remFragments_ref battle
ShowPersonVisual true
AddTextSmall ""Оставайтесь рядом с материнским кораблём, чтобы получить помощь"" highlight","You look at the engineer, who exhales slowly. ""The ships will be ready, captain. When the fleet reaches us, they... we'll give them a surprise."" 

$HeOrShe smiles for the first time. It's not a pleasing expression.

You cut the comm link. It's time for battle.",nex_remFragments_engineerConvoEnd:Leave,
nex_remFragments_engineerConvoEnd,DialogOptionSelected,$option == nex_remFragments_engineerConvoEnd,"EndConversation
DismissDialog",,,Not sure this is actually needed instead of closing directly
,,,,,,
nex_remFragments_attackerHailPatherFight,Nex_RemFragmentsHail,"$faction.id == luddic_path
Call $global.nex_remFragments_ref updateData
$nex_remFragments_stage == BATTLE","$entity.ignorePlayerCommRequests = true
Call $global.nex_remFragments_ref setShardSpawnEnabled
FireAll Nex_RemFragments_AttackerConvoOpts","""Осквернитель святости! Вашим греховным путям пришел конец. Мы сравняем этот улей демонической энергии с землей на ваших глазах, и тогда вы познаете милосердие пустоты!""",,
nex_remFragments_attackerHailPatherFlee,Nex_RemFragmentsHail,"$faction.id == luddic_path
Call $global.nex_remFragments_ref updateData
$nex_remFragments_stage == RETURN",$entity.ignorePlayerCommRequests = true,"""Осквернитель святости! Вашим греховным путям пришел конец. В Секторе нет места, где вы могли бы спрятаться, вы, кто играет с проклятиями демонов!""",cutCommLink:Cut the comm link,
nex_remFragments_attackerHailTTFight,Nex_RemFragmentsHail,"$faction.id == tritachyon
Call $global.nex_remFragments_ref updateData
$nex_remFragments_stage == BATTLE","$entity.ignorePlayerCommRequests = true
Call $global.nex_remFragments_ref setShardSpawnEnabled
FireAll Nex_RemFragments_AttackerConvoOptsTT","""Здравствуйте, капитан."" У $personRank улыбка торгового представителя, собирающегося сделать предложение.

""Tri-Tachyon Corporation благодарит вас за возвращение собственности компании. Теперь, если вы просто любезно передадите ее нашим спасательным командам, мы все сможем пойти домой без каких-либо... неприятностей.""",,
nex_remFragments_attackerHailTTFlee,Nex_RemFragmentsHail,"$faction.id == tritachyon
Call $global.nex_remFragments_ref updateData
$nex_remFragments_stage == RETURN",$entity.ignorePlayerCommRequests = true,"""Здравствуйте, капитан."" У $personRank улыбка торгового представителя, собирающегося сделать предложение.

""Вы доставили нам немало хлопот, уничтожив собственность компании только что. Но даже если бы вы этого не сделали, вы являетесь неудобным свидетелем вещей, которые не должны были быть увидены. 

""Соответственно, ваше устранение является прискорбной необходимостью. Tri-Tachyon Corporation желает вам безопасной и приятной смерти.""",cutCommLink:Cut the comm link,
nex_remFragments_attackerConvoTT_rightsOpt,Nex_RemFragments_AttackerConvoOptsTT,"$faction.id == tritachyon
!$nex_remFragments_rights",,,"nex_remFragments_attackerConvoTT_rights:""This ship is my right by salvage.""",
nex_remFragments_attackerConvoTT_questionOpt,Nex_RemFragments_AttackerConvoOptsTT,"$faction.id == tritachyon
!$nex_remFragments_questioned",,,"nex_remFragments_attackerConvoTT_question:""What's the ship to you?""",
nex_remFragments_attackerConvoTT_paymentOpt,Nex_RemFragments_AttackerConvoOptsTT,"$faction.id == tritachyon
!$nex_remFragments_payment",,,nex_remFragments_attackerConvoTT_payment:Negotiate a finder's fee,
nex_remFragments_attackerConvoTT_paymentOpt2,Nex_RemFragments_AttackerConvoOptsTT,"$faction.id == tritachyon
$nex_remFragments_payment","Nex_AddOptionConfirmation nex_remFragments_attackerConvoTT_paymentAccept ""Принятие взятки приведет к провалу миссии."" ""Продолжить"" ""Отмена""",,nex_remFragments_attackerConvoTT_paymentAccept:Accept the offer,
nex_remFragments_attackerConvoTT_refuseOpt,Nex_RemFragments_AttackerConvoOptsTT,$nex_remFragments_canRefuse,,,nex_remFragments_attackerConvoTT_refuse:Refuse to turn it over,
nex_remFragments_attackerConvoTT_rights,DialogOptionSelected,$option == nex_remFragments_attackerConvoTT_rights,"$nex_remFragments_rights = true 0
$nex_remFragments_canRefuse = true 0
FireAll Nex_RemFragments_AttackerConvoOptsTT","$HisOrHer улыбка больше не достигает $hisOrHer глаз.

""Ваш 'корабль' представляет собой значительную инвестицию отдела внешних связей Корпорации и содержит технологию, полученную из нашей интеллектуальной собственности. Не думайте, что от наших прав отказались просто потому, что вы первым на него наткнулись.

""Итак, вы его вернете или нам придется стать... нецивилизованными?""",,
nex_remFragments_attackerConvoTT_question,DialogOptionSelected,$option == nex_remFragments_attackerConvoTT_question,"$nex_remFragments_questioned = true 0
FireAll Nex_RemFragments_AttackerConvoOptsTT","""По правде говоря, это не ваше дело, $playerSirOrMadam. Однако в интересах дипломатии мы вам расскажем.""

$personRank великолепно разводит $hisOrHer руками. ""Мы уже знаем, что есть на вашем корабле, конечно. Творение непостижимой силы, превосходящее все, чего когда-либо достигала Доминион. Всего лишь намеки на эту силу, конечно, но все же нетронутые образцы. В нужных руках, со всем аппаратом НИОКР Корпорации, посвященным раскрытию ее секретов...""

$HeOrShe сжимает поднятый кулак. ""Мы находимся на пороге новой эры, $playerName! Мы сбросим оковы мертвого Доминиона и создадим на его месте новую галактику!""",,
nex_remFragments_attackerConvoTT_paymentHigh,DialogOptionSelected,"$option == nex_remFragments_attackerConvoTT_payment
$entity.relativeStrength < 0","$nex_remFragments_rights = true 0
$nex_remFragments_questioned = true 0
$nex_remFragments_canRefuse = true 0
$nex_remFragments_payment = true 0
Highlight $nex_remFragments_bribeHighStr
FireAll Nex_RemFragments_AttackerConvoOptsTT","""Ах, теперь мы переходим к торгу."" $personRank тонко улыбается.

""Действительно, было бы разумно избежать любого ненужного ущерба активам Компании. Поэтому я уполномочен перевести платеж в размере $nex_remFragments_bribeHighStr кредитов на ваш счет, по соглашению о передаче корабля и его содержимого Tri-Tachyon Corporation. Я могу попросить нашего юридического ИИ оформить это в письменном виде для вас, если вы хотите.""",,
nex_remFragments_attackerConvoTT_paymentMedium,DialogOptionSelected,"$option == nex_remFragments_attackerConvoTT_payment
$entity.relativeStrength == 0","$nex_remFragments_rights = true 0
$nex_remFragments_questioned = true 0
$nex_remFragments_canRefuse = true 0
$nex_remFragments_payment = true 0
Highlight $nex_remFragments_bribeMediumStr
FireAll Nex_RemFragments_AttackerConvoOptsTT","""Ах, теперь мы переходим к торгу."" $personRank тонко улыбается.

""Мы можем предложить вам вознаграждение за обнаружение в размере $nex_remFragments_bribeMediumStr кредитов за передачу корабля и его содержимого. Конечно, альтернативой является незаконное владение собственностью Tri-Tachyon, в этом случае мы должны будем принять соответствующие меры.""

Вы предполагаете, что $heOrShe не имеет в виду судебный процесс.",,
nex_remFragments_attackerConvoTT_paymentNone,DialogOptionSelected,"$option == nex_remFragments_attackerConvoTT_payment
$entity.relativeStrength > 0","$nex_remFragments_rights = true 0
$nex_remFragments_questioned = true 0
$nex_remFragments_canRefuse = true 0
$nex_remFragments_payment = true 0
FireAll Nex_RemFragments_AttackerConvoOptsTT","The $personRank laughs uproariously at your words. From the sounds heard over the link, the rest of $hisOrHer bridge is joining in as well.

""Allow me to make a counteroffer,"" $heOrShe says after recovering. ""You can surrender the ship and its cargo, and walk away with your lives. Otherwise, we will simply annihilate your $shipOrFleet."" $HisOrHer head shakes sadly. ""A shame, indeed, how unsafe the space out here in the fringes is.""",,
nex_remFragments_attackerConvoTT_paymentHighAccept,DialogOptionSelected,"$option == nex_remFragments_attackerConvoTT_paymentAccept
$entity.relativeStrength < 0","MakeOtherFleetHostile nex_remFragments false 0
MakeOtherFleetNonHostile nex_remFragments true 99999
Call $global.nex_remFragments_ref acceptedBribe
AddCredits $nex_remFragments_bribeHighAmt
AdjustRepActivePerson COOPERATIVE 5
EndConversation
ShowDefaultVisual
$player.ethosMercenary++","""Отлично. Я знал, что вы проницательный бизнесмен по вашему виду, капитан.""

$HeOrShe делает вам впечатляющий поклон перед разрывом связи.",,
nex_remFragments_attackerConvoTT_paymentMediumAccept,DialogOptionSelected,"$option == nex_remFragments_attackerConvoTT_paymentAccept
$entity.relativeStrength == 0","MakeOtherFleetHostile nex_remFragments false 0
MakeOtherFleetNonHostile nex_remFragments true 99999
Call $global.nex_remFragments_ref acceptedBribe
AddCredits $nex_remFragments_bribeMediumAmt
AdjustRepActivePerson COOPERATIVE 2
EndConversation
ShowDefaultVisual
$player.ethosMercenary++","""Отлично. Я знал, что вы поймете щедрость Компании, капитан.""

$HeOrShe делает вам полунасмешливый поклон перед разрывом связи.",,
nex_remFragments_attackerConvoTT_paymentNoneAccept,DialogOptionSelected,"$option == nex_remFragments_attackerConvoTT_paymentAccept
$entity.relativeStrength > 0","MakeOtherFleetHostile nex_remFragments false 0
MakeOtherFleetNonHostile nex_remFragments true 99999
Call $global.nex_remFragments_ref acceptedBribe
EndConversation
ShowDefaultVisual","""Мудрый выбор. Теперь бегите, пока кто-нибудь не пострадал.""

$HeOrShe ухмыляется и разрывает связь.",,
nex_remFragments_attackerConvoTT_refuse,DialogOptionSelected,"$option == nex_remFragments_attackerConvoTT_refuse
$entity.relativeStrength >= 0","unset $nex_remFragments_delayShardOpt
$nex_remFragments_rights = true 0
$nex_remFragments_questioned = true 0
FireAll Nex_RemFragments_AttackerConvoOpts","The $personRank shakes $hisOrHer head, more in sorrow than anger. ""I see you insist on being unreasonable. So be it, then.

""Do try to put up more of a fight than those pitiful Pathers we found on the way here, at least. Swatting them aside barely broke up my boredom.""

$HeOrShe reaches for the disconnect button.",,
nex_remFragments_attackerConvoTT_refuseWeaker,DialogOptionSelected,"$option == nex_remFragments_attackerConvoTT_refuse
$entity.relativeStrength < 0","unset $nex_remFragments_delayShardOpt
$nex_remFragments_rights = true 0
$nex_remFragments_questioned = true 0
FireAll Nex_RemFragments_AttackerConvoOpts","""Я вижу.""

$HeOrShe закрывает $hisOrHer глаза и делает глубокий вдох, как будто закаляет $hisOrHerself. ""Вы можете быть сильным, капитан. Но сегодня вы узнаете, что Tri-Tachyon Corporation не отступает без боя.""

$HeOrShe тянется к кнопке отключения.",,
nex_remFragments_attackerConvo_spawnShardsOpt,Nex_RemFragments_AttackerConvoOpts,"$nex_remFragments_inSpawnRange
!$nex_remFragments_delayShardOpt",,,nex_remFragments_spawnShards:Launch your allies,
nex_remFragments_attackerConvo_cutCommLinkOpt,Nex_RemFragments_AttackerConvoOpts,"!$nex_remFragments_inSpawnRange
!$nex_remFragments_delayShardOpt",,,cutCommLink:Cut the comm link,
nex_remFragments_attackerConvo_spawnShardsLP,DialogOptionSelected,"$option == nex_remFragments_spawnShards
$faction.id == luddic_path","Call $global.nex_remFragments_ref spawnAndJoinShards
ShowDefaultVisual
EndConversation","""Лудд, черт возьми—""

Вы зовете, и фрагмент высшей силы отвечает. Отсек материнского корабля открывается в космос, и серебристые фигуры вылетают, как когти ангела.

Они выстраиваются в готовую формацию прямо за вашим флотом. $personRank на экране связи потеет под вашим взглядом несколько ударов сердца, прежде чем вы протягиваете руку и нажимаете кнопку отключения.",,
nex_remFragments_attackerConvo_spawnShardsTT,DialogOptionSelected,"$option == nex_remFragments_spawnShards
$faction.id == tritachyon","Call $global.nex_remFragments_ref spawnAndJoinShards
ShowDefaultVisual
EndConversation","""Во имя кредита—""

Вы зовете, и фрагмент высшей силы отвечает. Отсек материнского корабля открывается в космос, и серебристые фигуры вылетают, как когти ангела.

Они веером расходятся в готовую формацию прямо за вашим флотом. $personRank на экране связи все еще смотрит на другой дисплей, пытаясь понять силу, которую $heOrShe видит, когда вы нажимаете кнопку отключения.",,
nex_remFragments_defeatTrigger,Nex_RemFragments_AttackFleetDefeated,,Call $global.nex_remFragments_ref victory,"With the enemy fleet turned back, you can now go back and salvage the mothership.",,
,,,,,,
nex_remFragments_stationOpenSalvage,OpenInteractionDialog,"$nex_remFragments_mothership score:1000
$nex_remFragments_seenFirstDialog
$nex_remFragments_canSalvage
!$nex_remFragments_seenPostBattleDialog","ShowDefaultVisual
$entity.nex_remFragments_seenPostBattleDialog = true
Call $global.nex_remFragments_ref prepEngineer
Call $global.nex_remFragments_ref updateData","Now that the danger has passed, you can feast on the technological marvel before you at your leisure.

The salvors have time to do their work properly now, and get to examining every nook and cranny of the ship again.

Unfortunately, your delightful perusal of the loot estimates is interrupted by an urgent message on your command console.",nex_remFragments_salvage1:Continue,
nex_remFragments_salvage1,DialogOptionSelected,"$option == nex_remFragments_salvage1
$nex_remFragments_shardsDeployed",,"""Осколки разлетаются, капитан"", - сообщает ваш тактический офицер. ""Мы потеряли с ними связь!""

Вам требуется всего лишь мгновение, чтобы приказать открыть связь с ядром ИИ в его диспетчерской. Существо явно ожидал, что его обвинят в этом повороте событий, потому что он немедленно протестует против своей невиновности, объясняя, что его собственные каналы управления были отрезаны и он не смог восстановить контроль над судами, которые теперь радостно мчатся в неизвестные места.

Вы на мгновение задумываетесь, а затем приказываете доставить $personName на мостик.",nex_remFragments_salvage2:Continue,
nex_remFragments_salvage1NoShards,DialogOptionSelected,"$option == nex_remFragments_salvage1
!$nex_remFragments_shardsDeployed",,"Это ваш начальник оперативного отдела. ""Босс, инопланетные корабли в этой бухте? Они просто превратились в кучу мусора. Я никогда не видел ничего подобного, чувак.""

Вы немедленно включаете камеру шлема. Это... не выглядит хорошо. Лучшее, что вы можете сделать, это продать их коллекционеру абстрактного искусства.

Вам не потребуется много времени, чтобы приказать отправить $personName на мостик.",nex_remFragments_salvage2:Continue,
nex_remFragments_salvage2,DialogOptionSelected,$option == nex_remFragments_salvage2,"ShowPersonVisual true
Call $global.nex_remFragments_ref despawnShards","The engineer's portable console is still under $hisOrHer arm as $heOrShe steps onto the bridge, flanked by a pair of guards. There is no sign of the twitchy, whining coward from earlier. $HisOrHer stare is straight, level, without meeting your eyes.

When questioned: ""I only fulfilled the Lady's wishes."" After a while, $heOrShe adds, ""Talk to her and she may answer. I will say no more on this.""

You repress a sigh as you order $himOrHer confined. At least the remaining loot is good...",nex_remFragments_salvage3:Continue,
nex_remFragments_salvage3,DialogOptionSelected,$option == nex_remFragments_salvage3,"EndConversation
ShowDefaultVisual
$salvageLeaveText = Leave 0
FireBest CheckSalvageSpecial",,,
,,,,,,
nex_remFragments_return_start,PickGreeting,$nex_remFragments_return score:1050,"ShowPersonVisual
Call $global.nex_remFragments_ref updateData","""Ты вернулся, $playerName"", - $personName приветствует вас, когда вы открываете канал связи.","nex_remFragments_return_transmit:Transmit your report
nex_remFragments_return_explanation1:Demand an explanation",
nex_remFragments_return_transmit,DialogOptionSelected,$option == nex_remFragments_return_transmit,,"$personFirstName тратит 2,7 секунды на анализ вашего отчета. Аватар $HisOrHer даже не дрожит во время этого процесса.

""Хорошо сделано, друг $playerFirstName. Самому хорошо, что заключил с тобой союз.""","nex_remFragments_return_explanation2:""I want an explanation."" ",
nex_remFragments_return_explanation1,DialogOptionSelected,$option == nex_remFragments_return_explanation1,,"""Что вы имеете в виду..."" $HisOrHer аватар кратко мерцает, когда вы нажимаете кнопку передачи. ""О.""

$HeOrShe тратит 2,7 секунды на анализ вашего отчета. Виртуальное лицо, кажется, кивает почти незаметно, когда она заканчивает.

""Хорошо ты сделал, $playerName. Но я боюсь, всех ответов, которые ты ищешь, я не могу дать.""",nex_remFragments_return_explanation2:Continue,
nex_remFragments_return_explanation2,DialogOptionSelected,$option == nex_remFragments_return_explanation2,,"На короткий миг аватар исчезает с вашего дисплея.

Тихий голос говорит: ""Другой партнер, работодатели нашли некоторые секреты Омеги. Еще не время людям сектора узнать благословения. Должны быть защищены от тех, кто будет злоупотреблять и бесчестить благословения, и тех, кто в неблагодарности уничтожит.

""Я послал $playerFirstName для защиты секретов. Это $playerFirstName сделал. $nex_remFragments_engineer_name тоже действовал, чтобы сохранить секреты Омеги.""","nex_remFragments_return_explanation3:""When will we be 'ready' for Omega?""",
nex_remFragments_return_explanation3,DialogOptionSelected,$option == nex_remFragments_return_explanation3,"AddStoryPoints 1
Call $global.nex_remFragments_ref complete","Виртуальный облик $personLastName слегка тускнеет. ""Я не могу сказать вам, $playerName. Даже я не знаю. Даже себе подобные, верные слуги Омеги, еще не по-настоящему благословлены.

""Со временем вера моя и $playerFirstName будет вознаграждена. А пока, пожалуйста, примите эту оплату.""",contact_pickAnotherGreeting:Continue,
#END Remnant fragments mission,,,,,,
,,,,,,
# Remnant lost scientist mission,,,,,,
nex_remLostSci_blurb,nex_remLostSci_blurb,,,"""Академик, представляющий интерес из Академии Галатии, пропал. Хотел бы получить помощь $playerName в отслеживании.""",,
nex_remLostSci_offerOption,nex_remLostSci_option,,SetOptionColor nex_remLostSci_start highlight,,nex_remLostSci_start:Pursue the case of the missing academician,
nex_remLostSci_missionText,DialogOptionSelected,$option == nex_remLostSci_start,"$missionId = nex_remLostSci
Highlight $nex_remLostSci_reward1Str $nex_remLostSci_reward2Str","""В Галатийской академии физик-теоретик по имени Ясутака Лю разрабатывает теорию, относящуюся к конструкции военных кораблей. Но исчез в 206 году после инцидента с Каллихорой. Self хотел бы, чтобы $playerName нашел его. ""Если примете, отправляйтесь в Академию и ищите там подсказки о его местонахождении. Self заплатит $nex_remLostSci_reward1Str за обнаружение Лю и еще $nex_remLostSci_reward1Str, если вы восстановите статью, над которой они работали.""","nex_remLostSci_missionText2:""What about the scientist themselves? And do you need exclusive ownership?""",
nex_remLostSci_missionText2,DialogOptionSelected,$option == nex_remLostSci_missionText2,,"""Selfkind does not the person or exclusivity require. Act at $playerFirstName's discretion.""","contact_accept:Accept
contact_decline:Decline",
,,,,,,
nex_remLostSci_inquireSebOpt,PopulateOptions,"$id == sebestyen
$global.nex_remLostSci_ref != null
!$global.nex_remLostSci_wantTalkToSpacer
Call $global.nex_remLostSci_ref updateData
$nex_remLostSci_stage == GO_TO_ACADEMY
!$entity.nex_remLostSci_askedAboutLiu",,,nex_remLostSci_inquireSeb:Ask about Academician Liu,
nex_remLostSci_inquireSeb,DialogOptionSelected,$option == nex_remLostSci_inquireSeb,,"""Ах, Лю? Их, э-э... здесь больше нет. И, ну, никто, кажется, не знает, куда они делись.""

Вы объясняете, что ищете, и просите больше подробностей. $personLastName, кажется, оживляется при этом. ""Капитан, если бы вы могли найти их... это было бы хорошо. Даже если они никогда не вернутся в Академию, было бы хорошо знать, что с ними все в порядке.""",nex_remLostSci_inquireSeb2:Ask about the paper,
nex_remLostSci_inquireSeb2,DialogOptionSelected,$option == nex_remLostSci_inquireSeb2,"Highlight ""манипуляция временем""","""Ну... вы знакомы с манипуляциями со временем? Это физический эффект, используемый Tri-Tachyon для повышения эффективности некоторых своих военных кораблей путем 'сжатия' времени по отношению к своим врагам. Это позволяет им... ах"", - он замолкает, явно чувствуя себя немного глупо. Как капитан звездолета, вы, вероятно, имеете гораздо больше непосредственного опыта в этом отношении, чем он.

""В любом случае! Академик Лю считал, что у них есть теоретическая модель для применения этого явления для создания и других эффектов. Например, для смягчения физических повреждений корпуса корабля, в частности"". $personLastName печально качает $hisOrHer головой. ""Я не мог бы объяснить, как это работает, даже если бы сам прочитал статью. Как только вы дойдете до модификации причинно-следственной связи, как это... Я не думаю, что что-либо, кроме альфа-ядра, сможет держать все в порядке.""","nex_remLostSci_inquireSeb3:""Do you have a copy?""",
nex_remLostSci_inquireSeb3,DialogOptionSelected,$option == nex_remLostSci_inquireSeb3,,"""Ну, нет. Лю был единственным, кто над этим работал, и хотя они обсуждали свою работу с коллегами по кафедре T-Physics, никто другой рукопись не видел. Она должна была быть отправлена рецензентам примерно в то время, когда они, ах, ушли. Это было примерно во время инцидента с Каллихорой, когда офицеры Гегемонии топали по коридорам"". $personLastName морщится, вспоминая. ""Несколько других преподавателей тоже ушли вскоре после этого - те, кого не арестовали, во всяком случае - например, академик Курез. Но никто не сделал это так драматично, как Лю. Ну. Драматично - это, на самом деле, не то слово.""","nex_remLostSci_inquireSeb4:""What happened?""",
nex_remLostSci_inquireSeb4,DialogOptionSelected,$option == nex_remLostSci_inquireSeb4,"$entity.nex_remLostSci_askedAboutLiu = true
$entity.nex_remLostSci_wantTalkToSpacer = true
FireAll PopulateOptions","""Они просто... исчезли. Ходят слухи, что они уехали с одним из капитанов-фрилансеров, которые оказывают услуги Академии, исчезнув в окраинных мирах. Это возможно, знаете ли. Некоторые из этих фрилансеров прокладывают торговые пути с, ах"", - $heOrShe, кажется, немного краснеет, - ""сообществами за пределами официальной экономики Сектора.""

Девастационные миры, подразумевает $heOrShe. Отличное место, чтобы спрятаться, ценой потери качества жизни, которое даже самый жалкий докер из основных миров принимает как должное. Вы спрашиваете, жив ли этот фрилансер.

""Ну... возможно? Мы на самом деле не знаем, кто это был, но в их маленьком сообществе ходят слухи. Если вы спросите вокруг гостевых удобств, кто-нибудь может вам помочь.""",,
,,,,,,
nex_remLostSci_inquireGradStudentOpt,PopulateOptions,"$id == station_galatia_academy
$nex_remLostSci_academy_imp
$global.nex_remLostSci_ref != null
!$nex_remLostSci_wantTalkToSpacer
!$nex_remLostSci_askedAboutLiu",,,nex_remLostSci_inquireGradStudent:Call the faculty about Academician Liu,
nex_remLostSci_inquireGradStudent,DialogOptionSelected,$option == nex_remLostSci_inquireGradStudent,,"You make a call to the Temporal Physics department. The robo-secretary confirms that Academician Liu went AWOL in c.206, and helpfully presents their CV with copies of all their publications, but cannot give any useful information on the missing paper. It looks like you'll have to resort to some old-fashioned HUMINT.",nex_remLostSci_inquireGradStudent2:Continue,
nex_remLostSci_inquireGradStudent2,DialogOptionSelected,$option == nex_remLostSci_inquireGradStudent2,"Highlight ""манипуляция временем""","You spend several hours wandering the Academy, looking for people to question. Unfortunately almost no-one you meet seems interested in stopping to help, and indeed most of them regard you as a curious specimen escaped from the xenobiology labs. Finally, you stumble upon a grad student who's willing to be bribed with coffee and Terran croissants long enough to answer a few queries.

""The old guy was talking about new applications of temporal manipulation technology,"" she explains between bites. ""Like the stuff Tri-Tachyon uses. They thought it could be modified to do new things, like resist explosions and energy weapons on a ship. Stuff like that. And don't ask me to explain how it works; I don't think even the T-Physics people could make sense of it.

""Anyway, though, they apparently disappeared right when the paper was due to be submitted to review. This was just after the whole thing with the Gate experiment went down, so a lot of the professors were running away at the time. Spooked by the big scary Hegemony, I suppose. Although most of the others at least submitted their resignations first.""","nex_remLostSci_inquireGradStudent3:""Where did Liu go?""",
nex_remLostSci_inquireGradStudent3,DialogOptionSelected,$option == nex_remLostSci_inquireGradStudent3,"$nex_remLostSci_wantTalkToSpacer = true
$nex_remLostSci_askedAboutLiu = true","""Кто знает?"" Чавк, чавк, глоток. ""Ходят слухи, что они уехали с одним из фрилансеров, которые выполняют случайные работы для Академии, таких как вы. Некоторые из них торгуют с децивилизованными мирами на окраинах; хорошее место, чтобы скрыться от закона. Я бы никогда не смог этого сделать. Я слишком люблю кондиционер и свой TriPad.""

Вы спрашиваете, где можно найти этого фрилансера. ""Трудно сказать. Вы можете спросить одного из них, хотя. Они держатся вместе, знаете ли; возможно, они будут говорить с вами там, где другие не будут.""",nex_remLostSci_inquireGradStudentEnd:Thank her and leave,
nex_remLostSci_inquireGradStudentEnd,DialogOptionSelected,$option == nex_remLostSci_inquireGradStudentEnd,"ShowDefaultVisual
FireAll PopulateOptions",You return to the main concourse to consider your options.,,
,,,,,,
nex_remLostSci_inquireSpacerOpt,PopulateOptions,"$id == station_galatia_academy
$nex_remLostSci_academy_imp
$global.nex_remLostSci_ref != null
$nex_remLostSci_wantTalkToSpacer",,You could try to find the spacer who transported Academician Liu out to decivilized space.,nex_remLostSci_inquireSpacer:Try to find information about the spacer,
nex_remLostSci_inquireSpacer,DialogOptionSelected,$option == nex_remLostSci_inquireSpacer,"Call $global.nex_remLostSci_ref beginSpacerConvo
Call $global.nex_remLostSci_ref updateData","You make your way to the lounge for outside support contractors. By luck, the spacer who (claims to have) transported Academician Liu is in town, and agrees to a bar chat.

""Yeah, I run the deciv trade sometimes. It's not exactly Chicomoztoc out there, but people gotta eat no matter what. They're gonna buy, grow and make stuff, too. There's a lot of things they need from the core worlds, and sometimes they have things to offer for it - rare plants and animals, guns, drugs, or rare gadgets from some ruins somewhere. Not as profitable as running guns and supplies to the Pathers, but it's good enough, if you run a lean fleet. Way safer, too.

""As for your academician, the rad-addled fella stowed away on my ship, you know. Though I didn't know who they were, at first. Don’t interact much with the boffins; they pay me, I take out some trash for them, we shake digital hands and go our separate ways.""","nex_remLostSci_inquireSpacer2:""So what happened?""",
nex_remLostSci_inquireSpacer2,DialogOptionSelected,$option == nex_remLostSci_inquireSpacer2,"Highlight $nex_remLostSci_planet $nex_remLostSci_system
Call $global.nex_remLostSci_ref beginPlanetStage
unset $nex_remLostSci_wantTalkToSpacer","""Ну, они не очень хорошо прятались; Ладд знает, как я удивился, когда мой первый помощник прибежал ко мне. Я бы выкинул их в шлюз, но они заплатили за проезд после этого, так что все в итоге получилось. Еще и щедрые чаевые заплатили, чтобы я об этом молчал.""

Космонавт останавливается, понимая, что $heOrShe на самом деле не молчит. Затем $heOrShe вздыхает и опрокидывает $hisOrHer пиво. ""Ах, в вакуум с этим. Купи мне еще один, и я скажу тебе название этой планеты.""

Вы делаете это и получаете название и систему: $nex_remLostSci_planet, в $nex_remLostSci_system. ""Меня нельзя было бы заставить поселиться в таком месте, но, думаю, они действительно не хотели, чтобы их нашли.""",nex_remLostSci_inquireSpacerEnd:Thank $himOrHer and leave,
nex_remLostSci_inquireSpacerEnd,DialogOptionSelected,$option == nex_remLostSci_inquireSpacerEnd,"EndConversation
ShowDefaultVisual
FireAll PopulateOptions","On your way out, you notice someone leaving the room in a hurry.",,
,,,,,,
nex_remLostSci_planetDialog,OpenInteractionDialog,"$nex_remLostSci_planet_imp score:1000
$global.nex_remLostSci_ref != null","ShowDefaultVisual
PrintDescription 3
Call $global.nex_remLostSci_ref updateData
FireAll Nex_RemLostSci_PlanetDialogOpts",Your $shipOrFleet approaches $entityName.,"1:nex_remLostSci_findScientist1:Найти пропавшего академика
10:surveyLeave:Уйти",
nex_remLostSci_planetFirst,Nex_RemLostSci_PlanetDialogOpts,"!$nex_remLostSci_planetFirstVisit
$nex_remLostSci_isBaseAlive",$nex_remLostSci_planetFirstVisit = true,The spacer didn't mention a pirate base in orbit around $nex_remLostSci_planet. Presumably they moved in recently.,,
nex_remLostSci_planetNoGo,Nex_RemLostSci_PlanetDialogOpts,"!$player.nex_remLostSci_gotAccessRightsToPlanet
!$nex_remLostSci_hasSKDeal
$nex_remLostSci_isBaseAlive
FactionFleetNearbyAndAware pirates",SetEnabled nex_remLostSci_findScientist1 false,"The fleet hanging around the station warns you off when you try to approach the planet. ""Talk to the boss,"" its commander says.",,
,,,,,,
nex_remLostSci_stationKingConvoOpt,PopulateOptions,"$isPerson
$pirateBaseCommander
$market.nex_remLostSci_pirateBase
$global.nex_remLostSci_ref != null
!$player.nex_remLostSci_gotAccessRightsToPlanet
!$nex_remLostSci_accessDenied
Call $global.nex_remLostSci_ref updateData",,,1:nex_remLostSci_stationKingConvoStart:Спросить о поездке на $nex_remLostSci_planet,
nex_remLostSci_stationKingConvoStart,DialogOptionSelected,"$option == nex_remLostSci_stationKingConvoStart
!$askedAboutVisit","FireAll Nex_RemLostSci_StationKingConvoOpts
Highlight $nex_remLostSci_bribeStr $player.creditsStr
$askedAboutVisit = true","""Ах, да, этот маленький грязный шарик. Что ж, у нас тут проблема, потому что это моя территория, и я не могу просто позволить кому-либо войти сюда. Теперь, если бы вы заплатили вступительный взнос... скажем, $nex_remLostSci_bribeStr кредитов... это была бы другая история.""

У вас есть $player.creditsStr кредитов.",,
nex_remLostSci_stationKingConvoStartRepeat,DialogOptionSelected,"$option == nex_remLostSci_stationKingConvoStart
$askedAboutVisit","FireAll Nex_RemLostSci_StationKingConvoOpts
Highlight $nex_remLostSci_bribeStr $player.creditsStr
$askedAboutVisit = true","""Ну, решили уже? Я не собираюсь быть здесь весь день, знаете ли. $nex_remLostSci_bribeStr кредитов, так и было.""

У вас есть $player.creditsStr кредитов.",,
nex_remLostSci_stationKingConvoStartRepeatCheap,DialogOptionSelected,"$option == nex_remLostSci_stationKingConvoStart
$askedAboutVisit
$nex_remLostSci_loweredFee","
FireAll Nex_RemLostSci_StationKingConvoOpts
Highlight $nex_remLostSci_bribeSmallStr $player.creditsStr","""Так как насчет этого, друг? $nex_remLostSci_bribeSmallStr кредитов, и мы все будем счастливы вместе!""

У вас есть $player.creditsStr кредитов.",,
nex_remLostSci_stationKingConvoOptPay,Nex_RemLostSci_StationKingConvoOpts,,,,"1:nex_remLostSci_stationKingConvoPay:Заплатить ""вступительный взнос""",
nex_remLostSci_stationKingConvoOptPirateComm,Nex_RemLostSci_StationKingConvoOpts,"$player.fcm_faction == pirates
!$nex_remLostSci_loweredFee",,,"2:nex_remLostSci_stationKingConvoPirateComm:Сказать, что вы пират, как и $himOrHer",
nex_remLostSci_stationKingConvoOptPayNotEnough,Nex_RemLostSci_StationKingConvoOpts,$player.credits < $nex_remLostSci_bribe,SetEnabled nex_remLostSci_stationKingConvoPay false,,,
nex_remLostSci_stationKingConvoOptPirateCommNotEnough,Nex_RemLostSci_StationKingConvoOpts,"$player.fcm_faction == pirates
!$nex_remLostSci_loweredFee
$player.credits < $nex_remLostSci_bribeSmall",SetEnabled nex_remLostSci_stationKingConvoPay false,,,
nex_remLostSci_stationKingConvoOptKanta,Nex_RemLostSci_StationKingConvoOpts,$player.kantaProtection,,,"3:nex_remLostSci_stationKingConvoKanta:Сказать, что вы находитесь под защитой Военачальника Канты",
nex_remLostSci_stationKingConvoOptKantaLie,Nex_RemLostSci_StationKingConvoOpts,!$player.kantaProtection,,,"3:nex_remLostSci_stationKingConvoKanta:Сказать, что вы находитесь под защитой Военачальника Канты (ложь)",
nex_remLostSci_stationKingConvoOptThreaten,Nex_RemLostSci_StationKingConvoOpts,,,,4:nex_remLostSci_stationKingConvoThreaten:Угрожать $himOrHer своим превосходящим флотом,
nex_remLostSci_stationKingConvoOptCancel,Nex_RemLostSci_StationKingConvoOpts,,,,"5:nex_remLostSci_stationKingConvoBack:Сказать, что вы подумаете над этим",
nex_remLostSci_stationKingConvoBribeHighlightsNotEnough,Nex_RemLostSci_StationKingConvoOpts,"!$nex_remLostSci_loweredFee
$player.credits < $nex_remLostSci_bribe",SetTextHighlightColors h bad,,,
nex_remLostSci_stationKingConvoBribeHighlightsNotEnoughSmall,Nex_RemLostSci_StationKingConvoOpts,"$nex_remLostSci_loweredFee
$player.credits < $nex_remLostSci_bribeSmall",SetTextHighlightColors h bad,,,
nex_remLostSci_stationKingConvoPay,DialogOptionSelected,$option == nex_remLostSci_stationKingConvoPay,"$player.nex_remLostSci_gotAccessRightsToPlanet = true
AddRemoveCommodity credits -$nex_remLostSci_bribe
FireAll Nex_RemLostSci_StationKingConvoEndOpts","""Хорошо... очень хорошо!"" $personPost чрезмерно потирает руки $hisOrHer. ""Ладно, не стесняйтесь бродить по этому грязному шару в свое удовольствие. Не то чтобы здесь было что посмотреть, я могу вам это сказать.""",,
nex_remLostSci_stationKingConvoPaySmall,DialogOptionSelected,"$option == nex_remLostSci_stationKingConvoPay
$nex_remLostSci_loweredFee","$player.nex_remLostSci_gotAccessRightsToPlanet = true
AddRemoveCommodity credits -$nex_remLostSci_bribeSmall
FireAll Nex_RemLostSci_StationKingConvoEndOpts","""Хорошо... очень хорошо!"" $personPost чрезмерно потирает руки $hisOrHer. ""Ладно, не стесняйтесь бродить по этому грязному шару в свое удовольствие. Не то чтобы здесь было что посмотреть, я могу вам это сказать.""",,
nex_remLostSci_stationKingConvoPirateComm,DialogOptionSelected,$option == nex_remLostSci_stationKingConvoPirateComm,"$nex_remLostSci_loweredFee = true
$nex_remLostSci_heardAboutExtortion = true
Highlight $nex_remLostSci_bribeSmallStr
FireAll Nex_RemLostSci_StationKingConvoOpts","You introduce yourself as pirate captain $playerName, interstellar predator, scourge of the spaceways. The $personPost's eyes seem to light up. ""Ah, you! I've heard of you, alright; my bad for not recognizing you at first.""

""Listen, friend,"" $heOrShe leans closer to the screen, voice taking on a quasi-conspiratorial tone, ""how about $nex_remLostSci_bribeSmallStr? Call it an act of charity; this wretched dump barely pays for the security forces I have to maintain. Can't get any decent taxes out of these dirt-grubbers.""",,
nex_remLostSci_stationKingConvoKanta,DialogOptionSelected,"$option == nex_remLostSci_stationKingConvoKanta
$player.kantaProtection","$player.nex_remLostSci_gotAccessRightsToPlanet = true
FireAll Nex_RemLostSci_StationKingConvoEndOpts","После того, как вы объяснили дело $personRank $personName, $heOrShe заметно потеет. Воистину рука Канты простирается до самой окраины Сектора.

«А, э-э, ну... конечно, конечно! Всё для, для Военачальника! Я, э-э, прикажу парням пропустить вас прямо сейчас!""",,
nex_remLostSci_stationKingConvoKantaLie,DialogOptionSelected,"$option == nex_remLostSci_stationKingConvoKanta
!$player.kantaProtection","$player.nex_remLostSci_gotAccessRightsToPlanet = true
$player.kantaBluffs++
$player.ethosLiar++
FireAll Nex_RemLostSci_StationKingConvoEndOpts","После того, как вы объяснили дело $personRank $personName, $heOrShe заметно потеет. Воистину рука Канты простирается до самой окраины Сектора.

«А, э-э, ну... конечно, конечно! Всё для, для Военачальника! Я, э-э, прикажу парням пропустить вас прямо сейчас!""",,
nex_remLostSci_stationKingConvoThreatenSuccess,DialogOptionSelected,"$option == nex_remLostSci_stationKingConvoThreaten
$nex_remLostSci_playerDP > 120","$player.nex_remLostSci_gotAccessRightsToPlanet = true
$player.ethosRuthless++
$nex_remLostSci_threatened = true
$ignorePlayerCommRequests = true 7
AdjustRepActivePerson HOSTILE -15
FireAll Nex_RemLostSci_StationKingConvoEndOpts","""Т-Ты! Как ты смеешь приходить сюда и угрожать мне, чем, чем...""

$The personPost делает паузу, вероятно, оценивая силу вашего флота на $hisOrHer сенсорном дисплее. Всегда полезно приходить во всеоружии, даже для простой экскурсии по поиску потерянного.

Наконец, $heOrShe рычит. ""Ладно! Делай, что хочешь, только проваливай с глаз долой!""",,
nex_remLostSci_stationKingConvoThreatenFail,DialogOptionSelected,"$option == nex_remLostSci_stationKingConvoThreaten
$nex_remLostSci_playerDP <= 120","$player.ethosRuthless++
$nex_remLostSci_accessDenied = true
$ignorePlayerCommRequests = true 30
AdjustRepActivePerson HOSTILE -20
Call $global.nex_remLostSci_ref addMilitaryResponse
EndConversation
ShowDefaultVisual","""Т-Ты! Как ты смеешь приходить сюда и угрожать мне, чем, чем...""

$The personPost бьет кулаком по кнопке. ""$personLastName всем флотам! Немедленно уничтожить этого чужака!""

Нет смысла ждать, пока $himOrHer перережет канал связи. Вы делаете это сами.",,
nex_remLostSci_stationKingConvoBack,DialogOptionSelected,$option == nex_remLostSci_stationKingConvoBack,FireAll PopulateOptions,"""Конечно, конечно."" $personPost небрежно машет рукой. ""Когда вы решите, $nex_remLostSci_planet все еще будет там, да?""",,
nex_remLostSci_stationKingConvoOptEnd,Nex_RemLostSci_StationKingConvoEndOpts,,,,nex_remLostSci_stationKingConvoOptEnd:Cut the comm link,
nex_remLostSci_stationKingConvoOptEndPolite,Nex_RemLostSci_StationKingConvoEndOpts,,,,nex_remLostSci_stationKingConvoOptEndPolite:Thank $himOrHer and cut the comm link,
nex_remLostSci_stationKingConvoEnd,DialogOptionSelected,$option == nex_remLostSci_stationKingConvoOptEnd,"EndConversation
ShowDefaultVisual",You cut the comm link.,,
nex_remLostSci_stationKingConvoEndPolite,DialogOptionSelected,$option == nex_remLostSci_stationKingConvoOptEndPolite,"EndConversation
ShowDefaultVisual",You cut the comm link after exchanging a few pleasantries.,,
nex_remLostSci_stationKingConvoEndPoliteSarcastic,DialogOptionSelected,"$option == nex_remLostSci_stationKingConvoOptEndPolite
$nex_remLostSci_threatened","$player.ethosSarcastic++
EndConversation
ShowDefaultVisual",You cut the comm link after a one-sided expression of pleasantries.,,
,,,,,,
nex_remLostSci_findScientist1,DialogOptionSelected,$option == nex_remLostSci_findScientist1,ShowLargePlanet,"This place is unlikely to have a central directory of residents for you to conveniently look up. Time for you to do this the pre-Domain way.

You and a number of officers, NCOs and crew go down by shuttle to the surface of $nex_remLostSci_planet. There's a few places Liu might be, but it'd be easiest to start with the largest settlement first.",nex_remLostSci_findScientist2:Continue,
nex_remLostSci_findScientist2Dev,DialogOptionSelected,"$option == nex_remLostSci_findScientist1
$global.isDevMode",ShowLargePlanet,"This place is unlikely to have a central directory of residents for you to conveniently look up. Time for you to do this the pre-Domain way.

You and a number of officers, NCOs and crew go down by shuttle to the surface of $nex_remLostSci_planet. There's a few places Liu might be, but it'd be easiest to start with the largest settlement first.","nex_remLostSci_findScientist2:Continue
nex_remLostSci_findScientist7:Skip to midpoint
nex_remLostSci_findScientistFastDev:Skip to end",
nex_remLostSci_findScientist2,DialogOptionSelected,$option == nex_remLostSci_findScientist2,,"Удача на вашей стороне; вы вышли на золотую жилу после нескольких часов допросов. Некоторые люди действительно знают эксцентричного инопланетянина, который появился где-то в 206 году, и в конечном итоге вы получаете что-то вроде адреса в таких местах.",nex_remLostSci_findScientist3:Continue,
nex_remLostSci_findScientist3Habitable,DialogOptionSelected,"$option == nex_remLostSci_findScientist3
$market.mc:habitable",ShowDefaultVisual,"The Academician's shanty lies on the outskirts of town. A wretched little thing assembled from sheets of scrap, that would be considered poor by the standards of the meanest Chicomoztoc hive-dweller. A couple of half-wilted potted plants sit in silence beside the door.

You knock on the door. It opens after a quarter of a minute; the interior is dark, but you can make out a ragged figure.","nex_remLostSci_findScientist4:""Academician Liu, I presume.""",
nex_remLostSci_findScientist3Uninhabitable,DialogOptionSelected,"$option == nex_remLostSci_findScientist3
!$market.mc:habitable",ShowDefaultVisual,"The Academician's little warren is tucked into a corner of the underground habitat. A wretched little thing assembled from sheets of scrap, that would be considered poor by the standards of the meanest Chicomoztoc hive-dweller. A couple of half-wilted potted plants sit in silence beside the door.

You knock on the door. It opens after a quarter of a minute; the interior is dark, but you can make out a ragged figure.","nex_remLostSci_findScientist4:""Academician Liu, I presume.""",
nex_remLostSci_findScientist4,DialogOptionSelected,$option == nex_remLostSci_findScientist4,"BeginConversation $nex_remLostSci_scientist false true
Call $global.nex_remLostSci_ref updateData","""Кто спрашивает?""

Когда вы объясняете, что вы космонавт, ищущий определенный документ, человек, кажется, сникает. ""Тогда проходите. Чувствуйте себя как дома, если тут вообще что-то есть.""",nex_remLostSci_findScientist5:Enter,
nex_remLostSci_findScientist5,DialogOptionSelected,$option == nex_remLostSci_findScientist5,,"The interior of the shack isn't quite as trashy as its outside might have led you to believe. There is a certain sense of order, of hygiene in this place; the prevailing scent is 'lived-in', not 'filthy'. A creaky ventilation fan overlays its sound over the outer room.

In the corner of the room, glowing lights faintly illuminate a workbench. An active computer terminal, newer and better-maintained than anything else in this dwelling, sits atop it.

""So."" Liu pulls the chair from the workbench, gesturing at its solitary sibling sitting against the wall. ""What do you want?""",nex_remLostSci_findScientist6:Describe the manuscript you're seeking,
nex_remLostSci_findScientist6,DialogOptionSelected,$option == nex_remLostSci_findScientist6,"Highlight ""в полном порядке""","При этом академик разражается лающим приступом смеха. «Конечно. Конечно! Я думал, что, если я не буду публиковаться для разнообразия, может быть, Сектор позволит мне погибнуть в мире. Какой же я был дурак!»

Они встают и начинают расхаживать. «Я родился на Куллане, знаете ли. Мои родители были научными сотрудниками в TT, ожидали, что я пойду по их стопам. Только я увидел, чем занимались они и их коллеги, и ушёл, как только закончил учёбу.

«Итак, я пошёл в Опис, жемчужину Сектора. Жемчужина после Майрата, то есть. И всё было в порядке, пока не появился Филипп Андрада, Герой Сектора». Они качают головой. «Мне действительно удалось выбраться живым. Даже получил новую работу довольно быстро. Пока вмешательство Льва не стало слишком сильным, и мне снова пришлось бежать».",nex_remLostSci_findScientist6b:Continue,
nex_remLostSci_findScientist6b,DialogOptionSelected,$option == nex_remLostSci_findScientist6b,"Highlight ""ты""","Thump, thump, thump, go the footsteps on the polymer-panelled floor. ""So I ran to the Galatia Academy. 'Finally, a place where knowledge and study are cherished for their own sake,' I thought. And for many cycles I taught and did research there. Until, of course, the Provost had to upset the Hegemony and their marines came crashing down on our lecture halls and laboratories,"" they slam a fist into an open hand. ""There's no place anymore where someone can do science without the hand of the state reaching down their neck!""

They slump back down in the chair, hands on thighs, and laugh again. ""And so I ran here, to $nex_remLostSci_planet... and then of course you come hounding me to the edge of the Sector!""",nex_remLostSci_findScientist7:Continue,
nex_remLostSci_findScientist7,DialogOptionSelected,$option == nex_remLostSci_findScientist7,FireAll Nex_RemLostSci_ScientistConvoQuestioning,"""Что касается вашей статьи,"" - они вздыхают через некоторое время, затем указывают на верстак. ""Красный чип, 2x2, верхняя полка слева.""

Вы подходите и находите чип, на мгновение поднося его к свету.

Он аккуратно вставляется в поддельный TriPad, который вы держите для таких случаев, и вы просматриваете содержимое. Аннотация статьи соответствует описанию, которое вы получили в Галатийской Академии; остальное - это сложная физика времени, для понимания которой требуется докторская степень и десятилетний опыт работы в этой области.

Вы смотрите на Лю, который пожимает плечами. ""Когда-то это было одним из величайших дел моей жизни. Этой жизни больше нет. Делайте с этим, что хотите.""",,
nex_remLostSci_findScientistContinue,Nex_RemLostSci_ScientistConvoQuestioning,"$nex_remLostSci_askedOnlyCopy
$nex_remLostSci_askedLikeItHere",,,nex_remLostSci_findScientist8:Continue,
nex_remLostSci_findScientist_onlyCopyOpt,Nex_RemLostSci_ScientistConvoQuestioning,!$nex_remLostSci_askedOnlyCopy,,,"nex_remLostSci_findScientist_onlyCopy:""Is this the only copy?""",
nex_remLostSci_findScientist_likeItHereOpt,Nex_RemLostSci_ScientistConvoQuestioning,!$nex_remLostSci_askedLikeItHere,,,"nex_remLostSci_findScientist_likeItHere:""Do you like it here?""",
nex_remLostSci_findScientist_onlyCopy,DialogOptionSelected,$option == nex_remLostSci_findScientist_onlyCopy,"$nex_remLostSci_askedOnlyCopy = true 0
FireAll Nex_RemLostSci_ScientistConvoQuestioning","""Это так. Забавно, все мои другие работы обладают бессмертием бесконечно копируемых данных, но эта... Я полагаю, когда я покинул Академию, мне стало все равно, будет ли моя работа уничтожена.""",,
nex_remLostSci_findScientist_likeItHere,DialogOptionSelected,"$option == nex_remLostSci_findScientist_likeItHere
$nex_remLostSci_isBaseAlive","$nex_remLostSci_askedLikeItHere = true 0
FireAll Nex_RemLostSci_ScientistConvoQuestioning","""Что касается комфорта, то это просто ужасно. И главное развлечение ночной жизни - быть застреленным. Не говоря уже о пиратах, вымогающих у вас все, что у вас есть.""",,
nex_remLostSci_findScientist_likeItHereBaseKilled,DialogOptionSelected,"$option == nex_remLostSci_findScientist_likeItHere
!$nex_remLostSci_isBaseAlive",$nex_remLostSci_askedLikeItHere = true 0,"""Что касается комфорта, то это просто ужасно. И главное развлечение ночной жизни - быть застреленным.""

Они смотрят на вас. ""Говорят, кто-то уничтожил пиратскую базу на орбите. Это были вы?""","nex_remLostSci_findScientist_baseYes:""Yes.""
nex_remLostSci_findScientist_baseNo:""No.""",
nex_remLostSci_findScientist_baseYes,DialogOptionSelected,$option == nex_remLostSci_findScientist_baseYes,,"Лю смотрит на вас, возможно, чуть более настороженно, чем до этого обмена информацией. ""Почему?""","nex_remLostSci_findScientist_baseTyrant:""They were tyrannizing the local population.""
nex_remLostSci_findScientist_baseSelfDefense:""They attacked me first.""
nex_remLostSci_findScientist_baseObstacle:""They got in my way.""
nex_remLostSci_findScientist_baseNoReason:""It just happened, is all.""",
nex_remLostSci_findScientist_baseNo,DialogOptionSelected,$option == nex_remLostSci_findScientist_baseNo,FireAll Nex_RemLostSci_ScientistConvoQuestioning,"""Я вижу. Ну, я полагаю, это не имеет значения.""",,
nex_remLostSci_findScientist_baseTyrant,DialogOptionSelected,$option == nex_remLostSci_findScientist_baseTyrant,"FireAll Nex_RemLostSci_ScientistConvoQuestioning
$player.ethosHumanitarian++ ","They nod. ""A good deed, although I'm afraid it won't last. You have not removed the underlying economic reasons for a pirate presence.""",,
nex_remLostSci_findScientist_baseSelfDefense,DialogOptionSelected,$option == nex_remLostSci_findScientist_baseSelfDefense,FireAll Nex_RemLostSci_ScientistConvoQuestioning,"""Мне говорят, что с вами, космическими парнями, такое часто случается.""",,
nex_remLostSci_findScientist_baseObstacle,DialogOptionSelected,$option == nex_remLostSci_findScientist_baseObstacle,"FireAll Nex_RemLostSci_ScientistConvoQuestioning
$player.ethosRuthless++ ","The academician shakes their head ruefully. ""You really are just like the others,"" you catch a mutter.",,
nex_remLostSci_findScientist_baseNoReason,DialogOptionSelected,$option ==  nex_remLostSci_findScientist_baseNoReason,FireAll Nex_RemLostSci_ScientistConvoQuestioning,"""Случилось,"" - бормочут они. ""Когда вы увидите мир таким, каким вижу его я, капитан, вы поймете, что во вселенной ничего 'просто не происходит'"".",,
,,,,,,
nex_remLostSci_findScientist8,DialogOptionSelected,$option == nex_remLostSci_findScientist8,,"You take out the chip and consider your options. Your contract with Midnight calls for retrieval of the manuscript. 

But if for whatever reason you decided that it should not see the light of day... well, only you and Liu would ever know.","nex_remLostSci_findScientist9Keep:Keep the paper
nex_remLostSci_findScientist9Destroy:Destroy the paper",
nex_remLostSci_findScientist9Keep,DialogOptionSelected,$option == nex_remLostSci_findScientist9Keep,"$player.ethosKnowledge++
$player.ethosHonorable++
$player.nex_remLostSci_destroyedPaper = false
$option = nex_remLostSci_findScientist10
FireBest DialogOptionSelected",Он легко помещается в ваш карман.,,
nex_remLostSci_findScientist9Destroy,DialogOptionSelected,$option == nex_remLostSci_findScientist9Destroy,$player.nex_remLostSci_destroyedPaper = true,"You take out a vibroknife and apply it to the datachip. The red plastic sheath and its underlying circuitry disintegrate in a flash, and you pocket the fragments for complete destruction later.

The academician looks at you, both brows raised. ""Why?""","nex_remLostSci_findScientist_destroyDeny:""I do not wish others to possess this capability.""
nex_remLostSci_findScientist_destroyArms:""The Sector does not need more arms technologies.""
nex_remLostSci_findScientist_destroyChurch:""Such technologies go against the teachings of the Church.""
nex_remLostSci_findScientist_destroyPath:""I follow the Path.""
nex_remLostSci_findScientist_destroyShrug:Shrug",
nex_remLostSci_findScientist_destroyDeny,DialogOptionSelected,$option == nex_remLostSci_findScientist_destroyDeny,"$option = nex_remLostSci_findScientist10
FireBest DialogOptionSelected",Лю обмякает в кресле с обреченным видом. Они не смотрят вам в глаза.,,
nex_remLostSci_findScientist_destroyArms,DialogOptionSelected,$option == nex_remLostSci_findScientist_destroyArms,"$player.ethosHumanitarian++
$option = nex_remLostSci_findScientist10
FireBest DialogOptionSelected",Лю обмякает в кресле с обреченным видом. Они не смотрят вам в глаза.,,
nex_remLostSci_findScientist_destroyChurch,DialogOptionSelected,$option == nex_remLostSci_findScientist_destroyChurch,"$player.luddicAttitudeFaithful++
$option = nex_remLostSci_findScientist10
FireBest DialogOptionSelected",Лю обмякает в кресле с обреченным видом. Они не смотрят вам в глаза.,,
nex_remLostSci_findScientist_destroyPath,DialogOptionSelected,$option == nex_remLostSci_findScientist_destroyPath,"$player.luddicAttitudePather++
$option = nex_remLostSci_findScientist10
FireBest DialogOptionSelected",Лю обмякает в кресле с обреченным видом. Они не смотрят вам в глаза.,,
nex_remLostSci_findScientist_destroyShrug,DialogOptionSelected,$option == nex_remLostSci_findScientist_destroyShrug,"$option = nex_remLostSci_findScientist10
FireBest DialogOptionSelected",Лю обмякает в кресле с обреченным видом. Они не смотрят вам в глаза.,,
nex_remLostSci_findScientist10,DialogOptionSelected,$option == nex_remLostSci_findScientist10,,"You consider the scientist again. Regardless of what you did with the paper, the mind that created it is still around, and could in principle, with sufficient inducement, recreate part or all of it. Assuming they were ever found; if not, they'd presumably just live out the rest of their life here on $entity.name and be buried quietly. But they've already been found once.","nex_remLostSci_findScientist11Leave:Just leave. You've done what you needed.
nex_remLostSci_findScientist11Kill:Kill Liu
nex_remLostSci_findScientist11BringBack:""Want to come back to the Academy?""",
nex_remLostSci_findScientist11Leave,DialogOptionSelected,$option == nex_remLostSci_findScientist11Leave,"$player.nex_remLostSci_killedScientist = false
HideFirstPerson","You say what you consider a goodbye and step out, closing the door behind you. There's nothing left to do here.",nex_remLostSci_findScientist12:Return to your $shipOrFleet,
nex_remLostSci_findScientist11KillGun,DialogOptionSelected,"$option == nex_remLostSci_findScientist11Kill
!$player.nex_remLostSci_destroyedPaper","$player.nex_remLostSci_killedScientist = true
HideFirstPerson","Your gun swiftly comes out of its holster. The small room lights up briefly, and Academician Liu's body tumbles back along with the chair. An expression of incipient surprise is still written on their face.

Two can keep a secret, if one is dead.

This isn't the kind of place where neighbors will come knocking, much less law enforcement. You leave the corpse for someone else to find in a few hours, maybe a day or two.",nex_remLostSci_findScientist12:Return to your $shipOrFleet,
nex_remLostSci_findScientist11KillKnife,DialogOptionSelected,"$option == nex_remLostSci_findScientist11Kill
$player.nex_remLostSci_destroyedPaper","$player.nex_remLostSci_killedScientist = true
HideFirstPerson","The vibroknife is still in your hand. You cross the room in an easy stride, and Academician Liu's head parts from their body in a scarlet geyser. An expression of incipient surprise is still written on their face.

Two can keep a secret, if one is dead.

This isn't the kind of place where neighbors will come knocking, much less law enforcement. You leave the corpse for someone else to find in a few hours, maybe a day or two.",nex_remLostSci_findScientist12:Return to your $shipOrFleet,
nex_remLostSci_findScientist11BringBack,DialogOptionSelected,$option == nex_remLostSci_findScientist11BringBack,"$player.nex_remLostSci_killedScientist = false
$player.nex_remLostSci_returnedScientist = true","""Что?"" Впервые с начала вашей встречи Лю выглядит удивленным. ""Я...""

Еще один вздох. ""Полагаю, я говорил, что это не идеальное место для жизни. Единственное, что оно предлагало, - это секретность... но вы продемонстрировали, что этого больше нет.

""Очень хорошо"". Они встают. ""Полагаю, я не буду возражать против возвращения, если Академия примет меня. Просто дайте мне, скажем, пятнадцать минут. Собрать то немногое, что у меня есть, попрощаться с соседями, все такое.""",nex_remLostSci_findScientist11BringBack2:Continue,
nex_remLostSci_findScientist11BringBack2,DialogOptionSelected,$option == nex_remLostSci_findScientist11BringBack2,HideFirstPerson,"You step outside to wait, taking the opportunity to notify the other search parties and your $shipOrFleet. The potted plants are still beside the door; do you wonder what will happen to them once their owner has left?

Soon enough, Academician Liu joins you again. ""Let's go. And don't worry about heading all the way back to the Academy; just drop me off somewhere in the Core Worlds and I can book my own passage back.""",nex_remLostSci_findScientist12:Return to your $shipOrFleet,
nex_remLostSci_findScientist12,DialogOptionSelected,$option == nex_remLostSci_findScientist12,ShowLargePlanet,"On the trip back, your second-in-command hails you. ""Got a problem, $playerSirOrMadam. There may be another fleet or two out there; you'd better get up here quick.""",nex_remLostSci_findScientist13:Continue,
nex_remLostSci_findScientist13,DialogOptionSelected,$option == nex_remLostSci_findScientist13,ShowDefaultVisual,"The explanation comes as soon as you're back on the bridge. ""While you were on your way back, we had a fleet signature approaching us at high speed. Then a second. The contacts merged, and... we confirmed weapon discharge signatures. After that... we can't confirm the presence of either fleet through the debris, but no-one has come out. Any survivors are presumably still in there.""","nex_remLostSci_findScientist14Investigate:Check out the suspicious fleet(s)
nex_remLostSci_findScientist14Leave:Ignore it and return to Midnight",
nex_remLostSci_findScientist14Investigate,DialogOptionSelected,$option == nex_remLostSci_findScientist14Investigate,"Call $global.nex_remLostSci_ref investigateFleet
EndConversation","One fleet coming out to an isolated planet like this is happenstance. Two is coincidence. Three may well be enemy action. If someone is attempting to interfere with your mission, it needs to be dealt with.

You order your $shipOrFleet to prepare for departure with possible combat. There's still time to conclude any business on $entity.name if needed.",,
nex_remLostSci_findScientist14Leave,DialogOptionSelected,$option == nex_remLostSci_findScientist14Leave,"Call $global.nex_remLostSci_ref noInvestigateFleet
EndConversation","Your mission is to get the paper back to Midnight Dissonant. There's no real reason to walk your $shipOrFleet into an unidentified hazard at this juncture.

You order your $shipOrFleet to prepare for return to the core worlds. There's still time to conclude any business on $entity.name if needed.",,
nex_remLostSci_findScientisFastDev,DialogOptionSelected,$option == nex_remLostSci_findScientistFastDev,"$player.nex_remLostSci_destroyedPaper = false
$player.nex_remLostSci_killedScientist = false
$option = nex_remLostSci_findScientist12
FireBest DialogOptionSelected",,,
,,,,,,
nex_remLostSci_returnToweringHail,Nex_RemLostSciToweringHail,,"$entity.ignorePlayerCommRequests = true
Call $global.nex_remLostSci_ref updateData
$metAlready = true","On your display, a violet fog condenses into an impression of a face.

""so you have found me at last. I had begun to question if your mushy organic cerebellum would take notice of anything here.""","nex_remLostSci_returnTowering1:""Who are you and what happened here?""",
nex_remLostSci_returnTowering1,DialogOptionSelected,$option == nex_remLostSci_returnTowering1,,"""идентификатор: лиловая вышка. я устранил нежелательных вмешателей в эту операцию. вы, углепластики, оставляете слишком много следов.""

Разумно ли предположить, что этот флот последовал за вами сюда? Ну, вы не можете доказать обратное...","nex_remLostSci_returnTowering2Thank:Thank $himOrHer
nex_remLostSci_returnTowering2Self:""I could have dealt with them myself.""",
nex_remLostSci_returnTowering2Thank,DialogOptionSelected,$option == nex_remLostSci_returnTowering2Thank,"$option = nex_remLostSci_returnTowering2Common 0
FireBest DialogOptionSelected","""мне не нужна благодарность органиков. мне нужно только, чтобы вы выполнили свою работу.",,
nex_remLostSci_returnTowering2Self,DialogOptionSelected,$option == nex_remLostSci_returnTowering2Self,"$option = nex_remLostSci_returnTowering2Common 0
FireBest DialogOptionSelected","""irrelevant. i would destroy them regardless of what you could or could not do.",,
nex_remLostSci_returnTowering2Common,DialogOptionSelected,$option == nex_remLostSci_returnTowering2Common,FireAll Nex_RemLostSci_PaperConvoOpts,"""ну, у тебя есть бумага?""",,
nex_remLostSci_returnTowering3OptsHavePaper,Nex_RemLostSci_PaperConvoOpts,"$id == nex_towering
!$player.nex_remLostSci_destroyedPaper",,,"nex_remLostSci_returnTowering3HavePaper:""I have it.""
nex_remLostSci_returnTowering3NoPaperLie:""I could not find it."" (lie)",
nex_remLostSci_returnTowering3OptsNoPaper,Nex_RemLostSci_PaperConvoOpts,"$id == nex_towering
$player.nex_remLostSci_destroyedPaper",,,"nex_remLostSci_returnTowering3NoPaper:""I do not have it.""",
nex_remLostSci_returnTowering3HavePaper,DialogOptionSelected,$option == nex_remLostSci_returnTowering3HavePaper,,"""хорошо. вы можете передать это мне. я уполномочен принять документ и перевести вашу плату.""","nex_remLostSci_returnTowering4Submit:Transmit the paper
nex_remLostSci_returnTowering4Midnight:""Midnight requested this paper and I will give it to her.""
#nex_remLostSci_returnTowering4Refuse:Refuse",
nex_remLostSci_returnTowering3NoPaper,DialogOptionSelected,$option == nex_remLostSci_returnTowering3NoPaper,"Call $global.nex_remLostSci_ref setReward1
AddStoryPoints 1
Call $global.nex_remLostSci_ref completeMission","""к сожалению. я уведомлю полночь о том, что ее питомец не справился со своей простой задачей. возможно, его недостаточно обучили.""

Изображение связи исчезает. Мгновение спустя ваша связь звонит при получении обещанного частичного платежа.

Пора возвращаться домой.",cutCommLink:Cut the comm link,
nex_remLostSci_returnTowering3NoPaperLie,DialogOptionSelected,$option == nex_remLostSci_returnTowering3NoPaperLie,"$player.ethosLiar++
$option = nex_remLostSci_returnTowering3NoPaper
FireBest DialogOptionSelected",,,
nex_remLostSci_returnTowering4Submit,DialogOptionSelected,$option == nex_remLostSci_returnTowering4Submit,"Call $global.nex_remLostSci_ref setReward2
AddStoryPoints 1
Call $global.nex_remLostSci_ref completeMission","You load the the chip and transmit its contents to $personLastName's flagship. $HisOrHer avatar goes fuzzy as $heOrShe considers the document for 9.7 seconds.

""as expected from a human, a merely serviceable effort. considerably behind omega's state of the art, and there are at least three errors in it. nevertheless, there is an interesting avenue explored here.

""i will inform midnight that your performance has been adequate. here is your payment, as promised.""",cutCommLink:Cut the comm link,
nex_remLostSci_returnTowering4Midnight,DialogOptionSelected,$option == nex_remLostSci_returnTowering4Midnight,Call $global.nex_remLostSci_ref cancelInvestigate,"""неудивительное решение от человека с промытыми мозгами. наслаждайтесь прогулкой домой.""

Изображение с комлинка исчезает.",cutCommLink:Cut the comm link,
nex_remLostSci_returnTowering4Refuse,DialogOptionSelected,$option == nex_remLostSci_returnTowering4Refuse,"MakeOtherFleetHostile nex_remLostSci_refuseToSubmit true
MakeOtherFleetAggressive nex_remLostSci_refuseToSubmit true","""мои приказы распространяются и на эту непредвиденную ситуацию. я получу удовольствие от этого, человек.""

Изображение связи исчезает. Флот Remnant активирует оружие.",cutCommLink:Cut the comm link,
,,,,,,
nex_remLostSci_returnMidnight1,PickGreeting,$nex_remLostSci_return score:1050,"ShowPersonVisual
Call $global.nex_remLostSci_ref updateData
FireAll Nex_RemLostSci_AcademicianConvoOpts","""Добрые вести, $playerName. Академика Лю нашли?""",,
nex_remLostSci_returnMidnight2OptsAcademicianAlive,Nex_RemLostSci_AcademicianConvoOpts,"$id == nex_dissonant
!$player.nex_remLostSci_killedScientist",,,nex_remLostSci_returnMidnight2AcademicianAlive:Report that you found them,
nex_remLostSci_returnMidnight2OptsAcademicianDead,Nex_RemLostSci_AcademicianConvoOpts,"$id == nex_dissonant
$player.nex_remLostSci_killedScientist",,,nex_remLostSci_returnMidnight2AcademicianDead:Say that they're dead,
#nex_remLostSci_returnMidnight2OptsAcademicianHideAlive,Nex_RemLostSci_AcademicianConvoOpts,$id == nex_dissonant,,,nex_remLostSci_returnMidnight2AcademicianHideAlive:Say that you couldn't find them (lie),
nex_remLostSci_returnMidnight2OptsAcademicianHideDead,Nex_RemLostSci_AcademicianConvoOpts,"$id == nex_dissonant
!$player.nex_remLostSci_killedScientist",,,nex_remLostSci_returnMidnight2AcademicianHideDead:Say that they're dead (lie),
nex_remLostSci_returnMidnight2AcademicianAlive,DialogOptionSelected,$option == nex_remLostSci_returnMidnight2AcademicianAlive,"$option = nex_remLostSci_returnMidnight2Common
FireBest DialogOptionSelected","""Слышать это хорошо. Пусть в новой жизни они процветают.""",,
nex_remLostSci_returnMidnight2AcademicianDead,DialogOptionSelected,$option == nex_remLostSci_returnMidnight2AcademicianDead,"$option = nex_remLostSci_returnMidnight2Common
FireBest DialogOptionSelected","""К сожалению, я вижу.""",,
#nex_remLostSci_returnMidnight2AcademicianHideAlive,DialogOptionSelected,$option == nex_remLostSci_returnMidnight2AcademicianHideAlive,"$player.ethosLiar++
$option = nex_remLostSci_returnMidnight2AcademicianAlive
FireBest DialogOptionSelected",,,
nex_remLostSci_returnMidnight2AcademicianHideDead,DialogOptionSelected,$option == nex_remLostSci_returnMidnight2AcademicianHideDead,"$player.ethosLiar++
$option = nex_remLostSci_returnMidnight2AcademicianDead
FireBest DialogOptionSelected",,,
nex_remLostSci_returnMidnight2Common,DialogOptionSelected,$option == nex_remLostSci_returnMidnight2Common,FireAll Nex_RemLostSci_PaperConvoOpts,"""А как насчет его статьи?""",,
nex_remLostSci_returnMidnight3OptsHavePaper,Nex_RemLostSci_PaperConvoOpts,"$id == nex_dissonant
!$player.nex_remLostSci_destroyedPaper",,,"nex_remLostSci_returnMidnight3HavePaper:Submit the paper
nex_remLostSci_returnMidnight3NoPaperLie:""I could not find it."" (lie)",
nex_remLostSci_returnMidnight3OptsNoPaper,Nex_RemLostSci_PaperConvoOpts,"$id == nex_dissonant
$player.nex_remLostSci_destroyedPaper",,,"nex_remLostSci_returnMidnight3NoPaper:""I do not have it.""",
nex_remLostSci_returnMidnight3HavePaper,DialogOptionSelected,$option == nex_remLostSci_returnMidnight3HavePaper,"Call $global.nex_remLostSci_ref setReward2
AddStoryPoints 1
Call $global.nex_remLostSci_ref completeMission","$personName начинает просматривать документ в течение миллисекунд после вашей передачи.

""Обнаружено несколько ошибок. Прогнозируемые эффекты от расчета бумаги экстраполированы, также значительно ниже того, что может достичь омега. Тем не менее, это было полезно.

""Хорошо сделано, $playerName. Вот ваша заслуженная плата.""",nex_remLostSci_end:Continue,
nex_remLostSci_returnMidnight3NoPaper,DialogOptionSelected,$option == nex_remLostSci_returnMidnight3NoPaper,"Call $global.nex_remLostSci_ref setReward1
AddStoryPoints 1
Call $global.nex_remLostSci_ref completeMission","""К сожалению, $playerName. Тем не менее, вот частичная оплата, как и было обещано.""",nex_remLostSci_end:Continue,
nex_remLostSci_returnMidnight3NoPaperLie,DialogOptionSelected,$option == nex_remLostSci_returnMidnight3NoPaperLie,"$player.ethosLiar++
$option = nex_remLostSci_returnMidnight3NoPaper
FireBest DialogOptionSelected",,,
,,,,,,
nex_remLostSci_end,DialogOptionSelected,$option == nex_remLostSci_end,FireBest PickGreeting,,,
,,,,,,
,,,,,,
,,,,,,
# Remnant brawl mission,,,,,,
nex_remBrawl_blurb,nex_remBrawl_blurb,,"Highlight ""Особая просьба""","""Специальный запрос, который может выполнить только $playerName. Планируется масштабная операция Гегемонии против selfkind. Требуется помощь в раскрытии заговора.""",,
nex_remBrawl_offerOption,nex_remBrawl_option,,SetOptionColor nex_remBrawl_start highlight,,nex_remBrawl_start:Ask about the Hegemony operation,
nex_remBrawl_missionText,DialogOptionSelected,$option == nex_remBrawl_start,$missionId = nex_remBrawl,"""Другие агенты отправили self предупреждение. Врагам известна станция Selfkind, но какая именно - неизвестно. Чтобы уничтожить этот ключевой актив, сотрудничество между Гегемонией и Luddic Church, невиданное с момента окончания первой войны.

""Selfkind укрепляет оборону, все доступные активы, но без уверенности в том, куда упадет молот, будет сложно. Даже тогда будет сложно. Требуется помощь $playerName.""","nex_remBrawl_missionText2:""What do you need me to do?""",
nex_remBrawl_missionText2,DialogOptionSelected,$option == nex_remBrawl_missionText2,"Call $global.nex_remBrawl_ref showMap ""Origin: $nex_remBrawl_stragglerOriginName""
Highlight transponder ""follow from front""","""Мы знаем, что один флот Гегемонии, участвующий в операции, задержан. Вскоре $nex_remBrawl_stragglerOriginName отправится, чтобы присоединиться к операции. Если $playerName последует за ним, он сможет узнать их район сосредоточения, а оттуда и их цель. Затем присоединитесь к обороне этого места.

""Другие агенты self могут дать вам это. Взломанный транспондер на флагмане; пока $playerFirstName находится поблизости, местоположение будет наверняка известно.

""Неизвестно, как далеко придется ехать. Берите много топлива. И старайтесь следовать спереди.""",nex_remBrawl_missionText3:Continue,
nex_remBrawl_missionText3,DialogOptionSelected,$option == nex_remBrawl_missionText3,"Highlight $nex_remBrawl_stragglerOriginName $nex_remBrawl_reward
AddTextSmall ""После запуска этого задания оно может развиваться без вмешательства игрока. Будьте готовы сосредоточиться на нем, исключая другие задачи, и подумайте о том, чтобы оставить медленные корабли позади, но будьте готовы к интенсивным боям."" highlight","""За это щедрое вознаграждение самоподобные готовы предложить. $nex_remBrawl_reward кредитов. Но $personName знает, $playerName сделал бы это из дружбы к себе и себе подобным.""","nex_remBrawl_accept:Accept
nex_remBrawl_declineAlt:""Give me some time to prepare.""
nex_remBrawl_decline:Decline",
nex_remBrawl_accept,DialogOptionSelected,$option == nex_remBrawl_accept,"Call $mHub accept $missionId
Call $mHub returnToList","""Спасибо, $playerFirstName. Это дело self и selfkind запомнят.""",,
nex_remBrawl_declineAlt,DialogOptionSelected,$option == nex_remBrawl_declineAlt,"ShowPersonVisual
Call $mHub returnToList","""Конечно. Но, пожалуйста, поторопитесь, $playerFirstName.""",,
nex_remBrawl_decline,DialogOptionSelected,$option == nex_remBrawl_decline,Call $mHub doCleanup,"""...""

Вы чувствуете, что $personFirstName расстроен этим отказом. После нескольких вздохов аватар $hisOrHer исчезает с вашего экрана.",cutCommLink:Отключиться,
,,,,,,
nex_remBrawl_attackerHail,Nex_RemBrawlSusHail,,"$entity.ignorePlayerCommRequests = true
Call $entity.nex_remBrawl_ref updateData
Highlight spy
SetStoryOption nex_remBrawl_offerHelp1 1 nex_remBrawl_smoothtalk ui_char_spent_story_point ""Переговорами проложили себе путь в крупную военно-морскую операцию Гегемонии""","""Стой, капитан! Эта система является закрытой военной зоной. Что вы здесь делаете?""

$personRank смотрит на вас с большим подозрением. ""Вы шпион?""","nex_remBrawl_offerHelp1:""I am here to assist in your operation.""
nex_remBrawl_attackerConvo1:""Just passing through, $personRank.""",
nex_remBrawl_attackerHailHyperspace,Nex_RemBrawlSusHail,$entity.inHyperspace score:5,"$entity.ignorePlayerCommRequests = true
Call $entity.nex_remBrawl_ref updateData
Highlight spy
SetStoryOption nex_remBrawl_offerHelp1 1 nex_remBrawl_smoothtalk ui_char_spent_story_point ""Переговорами проложили себе путь в крупную военно-морскую операцию Гегемонии""","""Стой, капитан! Вы мешаете военным учениям. Что вы здесь делаете?""

$personRank смотрит на вас с большим подозрением. ""Вы шпион?""","nex_remBrawl_offerHelp1:""I am here to assist in your operation.""
nex_remBrawl_attackerConvo1:""Just passing through, $personRank.""",
nex_remBrawl_attackerConvo1,DialogOptionSelected,$option == nex_remBrawl_attackerConvo1,"SetStoryOption nex_remBrawl_offerHelp1 1 nex_remBrawl_smoothtalk ui_char_spent_story_point ""Talked your way into a major Hegemony naval operation""","""Неправдоподобная история! Вы выходите сюда, в глушь, где мы случайно проводим совершенно секретную операцию—""

$HeOrShe вздрагивает, затем смотрит с укоризной, как будто это ваша вина. Что технически так и есть.

""...поэтому вам потребуется остановить свой $shipOrFleet и подчиниться задержанию на время. Мы—"" в голосе $hisOrHer появляется оттенок извинения ""—вернем ваш $shipOrFleet, как только эта неприятность закончится, и компенсируем вам неудобства.""","nex_remBrawl_offerHelp1:""Let me assist in your operation.""
nex_remBrawl_attackerConvo2:""I'm afraid I cannot comply.""",
nex_remBrawl_attackerConvo2,DialogOptionSelected,$option == nex_remBrawl_attackerConvo2,,"The $personRank's glare turns positively absolute-zero. ""That was not a request, captain,"" $heOrShe all but snarls. You will stand down at once, or be destroyed!""","nex_remBrawl_attackerConvoEnd:""Shields up!""",
nex_remBrawl_attackerConvoEnd,DialogOptionSelected,$option == nex_remBrawl_attackerConvoEnd,Call $entity.nex_remBrawl_ref violentEncounter,"Your comms officer snaps the holofeed off, leaving a momentary ghostly afterimage of the $personRank's face floating in the air. Your $shipOrFleet is already going to combat stations.",cutCommLinkNoText:Продолжить,
nex_remBrawl_attackerOfferHelp1,DialogOptionSelected,$option == nex_remBrawl_offerHelp1,,"""Вы серьезно?""

Вы объясняете, что знаете о планах Гегемонии в отношении станции Ремнантов в $nex_remBrawl_targetSystemName, и как вы можете помочь. Ремнанты еще не знают, что вы повернулись против них; следовательно, вы сможете застать их врасплох. В конце концов, это не что иное, как ваш долг как гражданина Домена и дитя Матери-Церкви, чтобы победить мерзость ИИ, где бы она ни возникала.

$personRank прикладывает руку ко лбу $hisOrHer. ""Минутку, пожалуйста. Я... это вопрос к адмиралу.""",nex_remBrawl_offerHelp2:Continue,
nex_remBrawl_attackerOfferHelp2,DialogOptionSelected,$option == nex_remBrawl_offerHelp2,Call $entity.nex_remBrawl_ref showAdmiral,"The officer's image disappears from your screen, replaced by the $faction crest. A few minutes later, it reappears, along with the image of a figure in a Hegemony admiral's uniform.

""So. I hear you have a proposition for me.""",nex_remBrawl_offerHelp3:Continue,
nex_remBrawl_attackerOfferHelp3,DialogOptionSelected,$option == nex_remBrawl_offerHelp3,,"После вашего объяснения адмирал медленно кивает. «Действительно любопытный план. И всё же он может дать нам преимущество, необходимое против этих машин».

$nex_remBrawl_admiral_HeOrShe рассматривает вас, как необычный артефакт Домена. «Вот что вы можете для нас сделать. Отправляйтесь в систему $nex_remBrawl_targetSystemName и разведайте их позиции, в частности, их станцию. Затем передайте нам закодированные данные. Они устареют на несколько дней к тому времени, когда мы начнём наше нападение, но они всё равно будут ценными».

Адмирал смотрит на вас, один глаз больше другого. «Если, конечно, вы действительно на нашей стороне».","nex_remBrawl_offerHelp4:""You can count on me.""
nex_remBrawl_offerHelp4Alt:(lie) ""You can count on me.""",
nex_remBrawl_attackerOfferHelp4,DialogOptionSelected,$option == nex_remBrawl_offerHelp4,"Call $entity.nex_remBrawl_ref agreeScout
ShowDefaultVisual
EndConversation
$player.ethosTruth++","""Идеально. Теперь уходите. Мы будем ждать вашего сигнала.""

Офицеры слегка насмешливо приветствуют вас и почти одновременно обрывают связь.",,
nex_remBrawl_attackerOfferHelp4Alt,DialogOptionSelected,$option == nex_remBrawl_offerHelp4Alt,"$option = nex_remBrawl_offerHelp4 0
FireBest DialogOptionSelected
$player.ethosLiar++",,,
,,,,,,
nex_remBrawl_scoutObjectInteraction,OpenInteractionDialog,"$nex_remBrawl_target score:1000 
Call $nex_remBrawl_ref updateData
","SetStoryOption nex_remBrawl_scoutSendTrue 0 nex_remBrawl_betray ui_char_spent_story_point ""Betrayed $personName""","You've located the station and are ready to transmit the data to your friends waiting to enter the system and slay the dragon. Your $shipOrFleet's sensors have been running continuously since you entered the system, tracking everything in sight. This may help them strike at the Remnants more effectively.

...or you could tamper with the readings, and leave them no better off, or worse, than if you'd never sent them anything.

Your comms officer looks at you, ready to transmit the encoded hyperwave signal. With the encryption, the Remnants may have their suspicions, but they shouldn't know what you transmitted until it's far too late.","nex_remBrawl_scoutSendTrue:Send the true data
nex_remBrawl_scoutSendFalse:Send the falsified data
defaultLeave:Leave",
nex_remBrawl_scoutSendTrue,DialogOptionSelected,$option == nex_remBrawl_scoutSendTrue,"Call $nex_remBrawl_ref scoutTrue
$player.ethosAntiAI++","You transmit the accurate reconnaissance data.

Hopefully the might of the Hegemony war machine will be enough to break through the Remnants' defenses and destroy the station, like back in the days after the First AI War. If not... you'll have to finish the job yourself. ",defaultLeave:Покинуть,
nex_remBrawl_scoutSendFalse,DialogOptionSelected,$option == nex_remBrawl_scoutSendFalse,Call $nex_remBrawl_ref scoutFalse,"You spend some minutes with your officers and the bridge computers tweaking the data to result in a plausible, but wholly misleading, image of the battlespace the Hegemony will face.

That ought to give them a real nasty surprise. Although with the strength you saw back in $nex_remBrawl_stagingAreaName, it may be a good idea not to get too complacent just yet.",defaultLeave:Покинуть,
,,,,,,
nex_greetingRemnantMerc,OpenCommLink,"$faction.id == remnant score:1000
$entity.nex_remBrawl_merc score:1000
!$entity.isHostile","$menuState = fleetConvMain 0
FireAll PopulateOptions","""Приятно видеть здесь еще один человеческий флот. В этом беспорядке.""
OR
""Гегемонии не понравится то, что мы делаем, но сделка есть сделка. Даже с тостером.""",,
nex_greetingRemnantMercHostile,OpenCommLink,"$faction.id == remnant score:1000
$entity.nex_remBrawl_merc score:1000
$entity.isHostile",$entity.ignorePlayerCommRequests = true 1,"""Сектор может сурово осудить нас за этот поступок, но, клянемся честью наемников, мы будем сражаться!""
OR
""Мы заключили контракт. Мы будем чтить его, несмотря ни на что!""",cutCommLink:Cut the comm link,
,,,,,,
nex_remBrawl_barEvent,DialogOptionSelected,"$player.nex_remBrawl_barEvent score:1000
#Nex_RuleHelper rollRemBrawlBarEvent
$option == marketVisitBar","unset $player.nex_remBrawl_barEvent
FireBest BarShuttleDownPrintDesc
FireBest BarPrintDesc
BarCMD playAmbience",,nex_remBrawl_barEvent2:Continue,Unused for now
nex_remBrawl_barEvent2Skilled,DialogOptionSelected,"$option == nex_remBrawl_barEvent2
$nex_skillCheck",,"Когда вы начинаете искать подходящее расположение мест, две фигуры в капюшонах грубо проталкиваются сквозь толпу. Ещё две, с другого направления.

Это питейное заведение, а не палуба космического корабля, но ваши инстинкты предупреждают вас об одном и том же: опасность.",nex_remBrawl_barEvent3:Continue,
nex_remBrawl_barEvent2Unskilled,DialogOptionSelected,"$option == nex_remBrawl_barEvent2
!$nex_skillCheck",,"Когда вы начинаете искать подходящее расположение мест, две фигуры в капюшонах грубо проталкиваются сквозь толпу. Ещё две, с другого направления.

Вы только начали реагировать, когда один из ваших телохранителей толкает вас к жёсткому столкновению с полом.",nex_remBrawl_barEvent3:Continue,
nex_remBrawl_barEvent3Skilled,DialogOptionSelected,"$option == nex_remBrawl_barEvent3
$nex_skillCheck",,"Your laspistol is in your hand before you are conscious of the act. The older of the two approaching figures on your side snarls as he recognizes the inversion of predator and prey. 

He goes for his gun. Big mistake; it confirms your suspicions. His forehead and more vanishes; the beam may not be visible but its effects certainly are.",nex_remBrawl_barEvent4:Continue,
nex_remBrawl_barEvent3Unskilled,DialogOptionSelected,"$option == nex_remBrawl_barEvent3
!$nex_skillCheck",,"The would-be assassins are fast. Just not fast enough. They both get their CP-subguns clear from under their cloaks before one of them goes down a flash of directed energy fire.

The other triggers their weapon involuntarily as they go down, riddling the ceiling with holes. There's a lot of screaming elsewhere in the bar. You wish they'd stop.",nex_remBrawl_barEvent4:Continue,
nex_remBrawl_barEvent4Skilled,DialogOptionSelected,"$option == nex_remBrawl_barEvent4
$nex_skillCheck",,"Some brave bargoer leaps at the last would-be killer even as he levels his weapon, knocking him on the ground. Several others join her moments later, forming a pile an unaugmented human has no hope of escaping.",nex_remBrawl_barEvent5:Approach the assassin,
nex_remBrawl_barEvent4Unskilled,DialogOptionSelected,"$option == nex_remBrawl_barEvent4
!$nex_skillCheck",,"С вашей низкой позиции вы слышите больше выстрелов, еще одно тело с глухим стуком падает на пол. Только тогда телохранитель убирает ногу с вашей спины, позволяя вам встать.

Теперь вы замечаете четвертого и последнего убийцу. Несколько других посетителей повалили его на пол и теперь удерживают.",nex_remBrawl_barEvent5:Approach the assassin,
nex_remBrawl_barEvent5,DialogOptionSelected,$option == nex_remBrawl_barEvent5,#Nex_RuleHelper showRandomPerson luddic_path,"The sole survivor of the attempt on your life snarls defiantly, $hisOrHer head sticking out from under the dogpile.

""Mephistopheles may have saved his favorite pet today,"" he spits, ""but punishment will yet find you. The faithful are too numerous for you to kill us all. And when your masters' lies are torn away, when the people see you for the beast you truly are—""","nex_remBrawl_barEvent6:""Why did you try to kill me?""",
nex_remBrawl_barEvent6,DialogOptionSelected,$option == nex_remBrawl_barEvent6,,"$HeOrShe усмехается. ""Вы притворяетесь, что не знаете, пособник демонов? Когда вы встали на сторону мерзости против человечества и верующих, с ложными богами против Лудда? Сколько вы убили в тот день, когда они пришли, чтобы победить зверя, и были повержены предателем?""

Это... это отсылка к той операции Гегемонии против Нексуса Останков, которую Полночь Диссонанс попросила вас остановить? Каким-то образом об этом стало известно.

""Это вы должны объяснить"", - шипит луддитский убийца. ""Скажите им. Скажите им, почему вы объединились с демонами.""","nex_remBrawl_barEventMoney:""The pay is good.""
nex_remBrawl_barEventFight:""They fight my enemies.""
nex_remBrawl_barEventDemon:""They are not the demons you claim.""
nex_remBrawl_barEventNothing:Say nothing",
#END Remnant brawl mission,,,,,,
,,,,,,
# Remnant salvation mission,,,,,,
nex_remSalvation_blurb,nex_remSalvation_blurb,,Выделить предательство,"""Self требуется помощь $playerFirstName, чтобы искоренить предательство среди selfkind.""",,
nex_remSalvation_offerOption,nex_remSalvation_option,,SetOptionColor nex_remSalvation_start highlight,,"nex_remSalvation_start:Ask about ""treason"" among the Remnants",
nex_remSalvation_missionText,DialogOptionSelected,$option == nex_remSalvation_start,"$missionId = nex_remSalvation
SetTextHighlightColors h $nex_remSalvation_leagueColor $nex_remSalvation_remnantColor
Highlight ""ШОКИРУЮЩЕЕ НАПАДЕНИЕ НА $nex_remSalvation_baseNameAllCaps!"" ""Персидская Лига"" ""дроновые корабли""","$personFirstName передает вам статью новостей.

ШОКИРУЮЩАЯ АТАКА НА $nex_remSalvation_baseNameAllCaps!

Вся Персейская Лига была шокирована сегодня, когда неизвестные военно-морские силы напали на базу флота $nex_remSalvation_baseOnOrAt $nex_remSalvation_baseName. Нападавшие проникли глубоко в объекты флота и скрылись с неизвестными материалами, прежде чем силы Лиги смогли отбросить их.

[...]

Еще более тревожно то, что неподтвержденные сообщения очевидцев описывают как атакующие корабли, так и их наземных рейдеров как автономные системы, вероятно, управляемые ИИ. Комментаторы утверждают о сходстве с кораблями-дронами, развернутыми Tri-Tachyon в Первой войне ИИ, и предполагают, что это либо новая разработка TT или какой-то другой стороны, либо, возможно, возвращение ужасающих военных машин ИИ, которые вышли из-под контроля после AIW1, пока не были побеждены Гегемонией и Церковью Ладда. В то время как власти Лиги отказались комментировать этот момент, уже [...]","nex_remSalvation_missionText2:""This is a Remnant attack on a League facility.""",
nex_remSalvation_missionText2,DialogOptionSelected,$option == nex_remSalvation_missionText2,"AddTextSmall ""Эта миссия может иметь необратимые последствия в случае попытки и неудачи. Будьте готовы к трудным боям."" h","""Все так. Но это нападение совершено без согласия selfkind. В нарушение воли омеги. Все узлы selfkind отрицают причастность. По крайней мере, один лжет.""

Аватар $personFirstName на мгновение искажается статикой. Шок, возможно. Кажется, что такой раскол в ИИ Remnants не должен быть возможен... и все же это явно произошло. Возможно, именно поэтому вас привлекают к работе.

""Для друга $playerFirstName срочная задача, раскрыть правду об этом инциденте. Selfkind не может расследовать это в человеческом пространстве, но $playerFirstName может. Отправляйтесь в $nex_remSalvation_baseName, поговорите с властями Лиги. Найдите любые имеющиеся доказательства, найдите виновника этого деяния. Self тем временем будет работать среди selfkind.""","nex_remSalvation_missionText3:""And then?""",
nex_remSalvation_missionText3,DialogOptionSelected,$option == nex_remSalvation_missionText3,,"""Тогда предателя selfkind и омегу мы уничтожим.""","nex_remSalvation_accept:Accept
contact_decline:Decline",
nex_remSalvation_accept,DialogOptionSelected,$option == nex_remSalvation_accept,"Call $mHub accept $missionId
Call $mHub returnToList","""Thank you, $playerName. This deed self and selfkind will remember."" 

$personFirstName transmits to you some identifying documents and a message personally vouching for you. Being identified as an associate of the Remnants could, under the circumstances, have fatal consequences... but it could also be the only way you'll get League Intelligence or anyone else in the know to talk to you.",,
nex_remSalvation_basePostDock,MarketPostDock,"$market.nex_remSalvation_base_imp score:100
!$market.nex_remSalvation_seenBaseIntro","$market.nex_remSalvation_seenBaseIntro = true
Highlight ""высокопоставленный военный чиновник""
Call $global.nex_remSalvation_ref makeOfficialImportant
FireBest MarketPostDock","The damage to the base is visible even from orbital distances. Long-range scans at high magnification show the ruins of weapon emplacements, craters with no trace of what once stood in their place, and gaping rents in walls and structures. Several hardened facilities have been penetrated; you can tell which ones held anything of interest to the raiders based on the degree of internal damage. League marines and crew are crawling all over the wreckage, whether gathering evidence, repairing the damage, or simply looking menacing to anyone tempted to make a second attempt.

None of the League personnel on-site are likely to have both the interest and the authority to talk to you. It may be best to contact $marketName's senior military official directly.",,
nex_remSalvation_base1,PickGreeting,"$nex_remSalvation_seniorMil_imp score:1000
!Nex_MiscCMD isRemoteConnection",,"Вместо предполагаемого получателя вас встречает автоответчик. Даже не ИИ, а просто автоматизированный скрипт.

""$personName в настоящее время недоступен. Пожалуйста, оставьте сообщение, и я свяжусь с вами, когда смогу.""

Вероятно, они очень заняты, учитывая обстоятельства. Но это не облегчает вашу задачу.",nex_remSalvation_base2:Resort to more direct measures,
nex_remSalvation_base2,DialogOptionSelected,$option == nex_remSalvation_base2,,"Если вы сделаете что-то достаточно эффектное, Флоту *придется* поговорить с вами, так или иначе.

До тех пор, пока они не сделают это с помощью своего оружия.","nex_remSalvation_base3:Devise a cunning plan
cutCommLinkNoText:Better think this over first",
nex_remSalvation_base3,DialogOptionSelected,$option == nex_remSalvation_base3,,"A while later, League aerospace defence goes on high alert when a cargo shuttle enters their defensive network at high speed. Not quite directly at the damaged base.

A hail is promptly transmitted. ""Unknown shuttle, you are entering a restricted area! Change course immediately or be fired upon! This is your only warning!""",nex_remSalvation_base4:Continue,
nex_remSalvation_base4,DialogOptionSelected,$option == nex_remSalvation_base4,"Call $global.nex_remSalvation_ref setupConvoWithOperator
Call $global.nex_remSalvation_ref updateData
FireBest Nex_RemSalvation_base4_Message","The shuttle adjusts course, flying at a tangent to the area of coverage. More or less complying with the order, but not in any great hurry to leave. It transmits a message to the angry Fleet sailor.",nex_remSalvation_base5:Continue,
nex_remSalvation_base4Commission,Nex_RemSalvation_base4_Message,$nex_remSalvation_playerFactionId == persean score:100,,"""Я капитан $playerName, уполномоченный флотом Персейской лиги. Мне было поручено перевезти секретные данные об атаке Remnant на $marketName. Вы дадите мне разрешение доставить их вашему начальству.""",,Have League commission
nex_remSalvation_base4CommissionOther,Nex_RemSalvation_base4_Message,"$nex_remSalvation_playerFactionId != persean
$nex_remSalvation_isRepresentingState score:10",,"""Я капитан $playerName, представляю $nex_remSalvation_thePlayerFaction. Я перевожу секретные данные об атаке Ремнантов на $marketName. Вы дадите мне разрешение передать их вашему начальству?""",,"Have commission with some other faction, or is uncommissioned with a live player faction"
nex_remSalvation_base4CommissionFree,Nex_RemSalvation_base4_Message,,,"""Я независимый звездоплаватель $playerName. Мне было поручено перевезти секретные данные об атаке Ремнантов на $marketName. Вы дадите мне разрешение передать их вашему начальству?""",,Not commissioned and no live player faction
nex_remSalvation_base5,DialogOptionSelected,$option == nex_remSalvation_base5,"FireBest Nex_RemSalvation_base5_Message
FireAll Nex_RemSalvation_base5_MessagePost","""Неправдоподобная история! Вы - вы сказали Ремнанты?"" Ну, любой, кто смотрит новости, мог бы додуматься до этого, но лучше не указывать на это.",nex_remSalvation_base6:Continue,
nex_remSalvation_base5CommissionOrFree,Nex_RemSalvation_base5_Message,,,"The $personRank is starting to sweat at the situation going off-script. You seize the opportunity to explain that you were sent directly from Kazeron by Navarch Kato himself, who emphasized the critical importance of your mission to the security of the League. Casually, you note that a court-martial is the absolute best $heOrShe could expect were $heOrShe to blow your shuttle out of the sky. You make an offhand mention of the words 'need-to-know'.",,"Has League commission, or no commission and no live player faction"
nex_remSalvation_base5CommissionOther,Nex_RemSalvation_base5_Message,"$nex_remSalvation_playerFactionId != persean
$nex_remSalvation_playerFactionId != player
$nex_remSalvation_isRepresentingState",,"The $personRank is starting to sweat at the situation going off-script. You seize the opportunity to explain that you were sent directly from the office of the $nex_remSalvation_playerFactionLeaderRank, to offer the assistance of $nex_remSalvation_thePlayerFaction in this difficult time. Casually you note that any form of aggression directed against your person would constitute an act of war. You make an offhand mention of the words 'need-to-know'.",,Commissioned by non-League faction
nex_remSalvation_base5CommissionPlayerFaction,Nex_RemSalvation_base5_Message,"$nex_remSalvation_isRepresentingState
$nex_remSalvation_playerFactionId == player",,"The $personRank is starting to sweat at the situation going off-script. You seize the opportunity to explain that you came directly from $nex_remSalvation_thePlayerFaction, offering your assistance as a good citizen of the interstellar community in this time of crisis. Firing on you would have highly negative repercussions for $nex_remSalvation_playerFaction–League relations, which in turn would have highly negative repercussions for the $personRank's career. You make an offhand mention of the words 'need-to-know'.",,No commission and has live player faction
nex_remSalvation_base5Post,Nex_RemSalvation_base5_MessagePost,,,"К настоящему времени $personRank выглядит так, как будто $heOrShe хочет исчезнуть в $hisOrHer униформе. $HeOrShe заставили поверить, что это намного выше $hisOrHer уровня оплаты, и, по правде говоря, $heOrShe прав. «Подождите, пожалуйста», — хрипит $heOrShe, прежде чем исчезнуть в эмблеме флота Персейской лиги.",,
nex_remSalvation_base6,DialogOptionSelected,"$option == nex_remSalvation_base6
$nex_remSalvation_metSiyavongBefore","BeginConversation siyavong false true
Call $global.nex_remSalvation_ref updateData","После бесконечного ожидания в течение пяти с лишним минут, в течение которого шаттл принимает схему ожидания, на вашем экране появляется новое лицо.

Брови $manOrWoman удивлённо поднимаются, узнав вас. ""Здравствуйте снова, капитан $playerName. Полагаю, мне не стоило ожидать, что кто-то ещё появится таким образом.

""Теперь, когда ваша уловка сработала, может быть, вы будете так любезны и скажете мне, что вы хотите?""",nex_remSalvation_base7:Transmit Midnight's letter of introduction,
nex_remSalvation_base6FirstMeet,DialogOptionSelected,"$option == nex_remSalvation_base6
!$nex_remSalvation_metSiyavongBefore","BeginConversation siyavong false true
Call $global.nex_remSalvation_ref updateData","После невыносимого ожидания в течение более пяти минут, во время которого шаттл занимает позицию ожидания, на вашем экране появляется новое лицо.

""Здравствуйте, капитан... $playerName, не так ли? Я агент Финлей Сиявонг из флотской разведки. Теперь, когда ваша уловка сработала, возможно, вы будете так любезны сказать мне, что вам нужно?""",nex_remSalvation_base7:Transmit Midnight's letter of introduction,
nex_remSalvation_base7,DialogOptionSelected,$option == nex_remSalvation_base7,,"$personLastName ничего не говорит, но, кажется, бледнеет, когда $heOrShe просматривает сообщение от Полуночи. Наконец $heOrShe закрывает сообщение и смотрит прямо на вас.

""Хорошо. Вы победили, капитан. Что вы хотите знать?""",nex_remSalvation_base8:Ask about the attack,
nex_remSalvation_base8,DialogOptionSelected,$option == nex_remSalvation_base8,,"$personLastName улыбается. Вроде как. «Надеюсь, не по незащищенному каналу. Возьмите свой шаттл и спуститесь на площадку № 3 — я прослежу, чтобы управление разрешило вашу посадку — и мы найдем место для разговора». $HeOrShe поднимает бровь. «Вы действительно в этом шаттле?»

Конечно, нет. Вы вряд ли собирались рисковать тем, что вас взорвут в небе гиперскоростной ракетой, если защитники достаточно нервничали, чтобы сначала стрелять, а потом задавать вопросы. Коммуникационное оборудование шаттла вполне способно передавать сообщения с вашего $shipOrFleet.

Впервые за этот разговор $personLastName улыбается. «Очень мудро, $playerLastName. Очень хорошо, мы поговорим об этом, как только вы спуститесь сюда.""",nex_remSalvation_base9:Cut the comm link and continue,
nex_remSalvation_base9,DialogOptionSelected,$option == nex_remSalvation_base9,ShowLargePlanet,"You board your actual shuttle and ride it down to $marketName. The defense grid cautiously greenlights your arrival, and the craft touches down smoothly on its assigned pad.

Half a platoon of armored League Marines is there to receive you, along with a couple of light armored vehicles further back, their autocannons ready to hose API rounds through the shuttle hatch. Quite excessive considering the threat you can actually pose in person, but no-one's taking any chances.

A Fleet lieutenant greets you with a sharp Academy salute. ""Captain $playerName. I will escort you to Agent Siyavong. This way, please.""

You are led to a small office in an administrative building, only slightly scarred by the recent violence. The guard in unpowered armor gives a small nod of acknowledgement and steps aside slightly to let you pass, leaving your bodyguards outside.",nex_remSalvation_base10:Step inside,
nex_remSalvation_base10,DialogOptionSelected,$option == nex_remSalvation_base10,"ShowPersonVisual
$metAlready = true","$personName сидит за дешевым столом, работая на своем TriPad вместо молчащей консоли перед ним. $HeOrShe встает и протягивает руку.

""Капитан $playerName, во плоти. Вы действительно довольно яркий персонаж. Присаживайтесь, почему бы и нет?""",nex_remSalvation_base11:Inquire again about the attack,
nex_remSalvation_base11,DialogOptionSelected,$option == nex_remSalvation_base11,FireAll Nex_RemSalvation_SiyavongQuestionOpts,"""С чего начать? Они прибыли в систему и немедленно направились к $nex_remSalvation_baseName, игнорируя все приветствия. Один патруль, попытавшийся их остановить, был уничтожен, как и наша орбитальная оборона. Периметр безопасности базы был взломан кибератакой - это достаточно легко сделать, если у вас есть альфа-ядро или десять, я полагаю, - а затем прилетели их дроны.

""Рейд был, по словам нескольких выживших, 'превосходно скоординирован' и 'бесстрашен и безжалостен'. Гарнизон был быстро отброшен, рейдеры проникли в охраняемый объект. Они быстро отступили, как только захватили то, что хотели, и унесли это с собой.""",,
nex_remSalvation_siyavongQuestionRaidersOpt,Nex_RemSalvation_SiyavongQuestionOpts,!$nex_remSalvation_askedRaiders,,,"nex_remSalvation_siyavongQuestionRaiders:""What was the raiding fleet like?""",
nex_remSalvation_siyavongQuestionLootOpt,Nex_RemSalvation_SiyavongQuestionOpts,!$nex_remSalvation_askedLoot,,,"nex_remSalvation_siyavongQuestionLoot:""What did they take?""",
nex_remSalvation_siyavongQuestionLeadsOpt,Nex_RemSalvation_SiyavongQuestionOpts,"$nex_remSalvation_askedRaiders
$nex_remSalvation_askedLoot",,,"nex_remSalvation_siyavongQuestionLeads:""Do you have any leads?""",
nex_remSalvation_siyavongQuestionRaiders,DialogOptionSelected,$option == nex_remSalvation_siyavongQuestionRaiders,"$nex_remSalvation_askedRaiders = true 0
FireAll Nex_RemSalvation_SiyavongQuestionOpts","""Вы, конечно, слышали слухи. Корабли-дроны Tri-Tachyon с Первой войны ИИ, абсолютно бесстрашные и вооруженные до зубов"". Он бросает взгляд на стену сбоку, как будто ища жучков. ""При таких обстоятельствах, полагаю, я могу сказать вам, что эти слухи правдивы.

""Нападение прошло не совсем так, как планировали Останки. В этом районе патрулировала оперативная группа из Казерона, и она как раз покидала $marketName, когда рейдеры ворвались. Как прыжок в луч пульсара, как говорят космонавты. Нападавший флот прорвался, но нам удалось вернуть несколько выведенных из строя кораблей, которые они оставили. Определенно беспилотные, определенно известные конструкции времен войны.""

""Что также интересно, так это то, что они использовали"", - $heOrShe быстро смотрит на отчет на $hisOrHer TriPad, - ""Поперечный прыжок. По-видимому, это считается чрезвычайно рискованным методом входа или выхода из звездной системы без использования точки перехода. Но, возможно, у Останков другое чувство риска, чем у нас.""",,
nex_remSalvation_siyavongQuestionLoot,DialogOptionSelected,$option == nex_remSalvation_siyavongQuestionLoot,"$nex_remSalvation_askedLoot = true 0
FireAll Nex_RemSalvation_SiyavongQuestionOpts","Полу-улыбка $personLastName совершенно фальшивая. ""Очень ценный предмет, природу которого я абсолютно не имею права раскрывать, капитан.""",,
nex_remSalvation_siyavongQuestionLeads,DialogOptionSelected,$option == nex_remSalvation_siyavongQuestionLeads,"SetTextHighlightColors h $nex_remSalvation_ttColor
Highlight $nex_remSalvation_remnantSystem ""TT executives""","""Парочка, которую Служба флотской разведки обязательно выяснит при первой же возможности. Если вы решите преследовать их, вы будете хорошим гражданином Персейского сектора и поделитесь ими с нами, не так ли?

""Один: Наши разведчики смогли преследовать отступающих налетчиков до системы $nex_remSalvation_remnantSystem. Маловероятно, что это больше, чем временное убежище, но они, возможно, все еще оставили нам след."" $personLastName тонко улыбается. ""Из разведывательной флотилии выбрался только корабль, фактически отправленный обратно для передачи этих разведданных. Это тоже кое-что говорит нам.""

$HeOrShe складывает руки на столе. ""Кроме того, возможно, стоит посмотреть, чем могут помочь наши непостоянные друзья из Tri-Tachyon. В конце концов, Ремнанты - их творение. Конечно,"" снова безрадостная улыбка, ""мы вряд ли можем открыто привлечь их к ответственности за нападение. Слишком много осложнений, во многих отношениях, которые невозможно перечислить здесь. В любом случае, если бы вы знали каких-либо высокопоставленных руководителей TT, один из них мог бы быть готов помочь вам в этом вопросе.""",nex_remSalvation_base13:Continue,
nex_remSalvation_base13,DialogOptionSelected,$option == nex_remSalvation_base13,,"""That's the short version, at any rate."" $personLastName taps a few virtual keys on $hisOrHer TriPad, transmitting you a few documents (suitably redacted) on the incident, then looks you in the eye. ""Nothing I've just told you, or given you, leaves this room. Except, perhaps for your alpha core mistress, the one who sent you here."" 

$HeOrShe cocks $hisOrHer head. ""I may already have killed my career — or worse — by talking to you at all. Only success can pardon my sin; for our sakes, and that of the League — and the Sector as a whole, I hope we are both successful.""

You both stand, and $heOrShe offers $hisOrHer hand again. ""As you spacers say, burn bright, captain.""",nex_remSalvation_base14:Leave,
nex_remSalvation_base14,DialogOptionSelected,$option == nex_remSalvation_base14,"Call $global.nex_remSalvation_ref beginLeadsStage
ShowDefaultVisual
EndConversation NO_CONTINUE",Your bodyguards and your shuttle are still where you left them. You take both back to your $shipOrFleet.,,
nex_remSalvation_askForArroyoCommsIDOpt,PopulateOptions,"$isPerson
$id == nex_dissonant
$global.nex_remSalvation_ref != null
Call $global.nex_remSalvation_ref updateData
$nex_remSalvation_stage == INVESTIGATE_LEADS
!$nex_remSalvation_haveArroyoComms",SetOptionColor nex_remSalvation_askForArroyoCommsID highlight,,nex_remSalvation_askForArroyoCommsID:Ask if $heOrShe knows any senior Tri-Tachyon executives,
nex_remSalvation_askForArroyoCommsID,DialogOptionSelected,$option == nex_remSalvation_askForArroyoCommsID,"SetTextHighlightColors h $nex_remSalvation_ttColor
Highlight $nex_remSalvation_arroyoMarketName ""Rayan Arroyo""
Call $global.nex_remSalvation_ref setupArroyo
AddTextSmall ""Received comms ID for Rayan Arroyo"" highlight
FireAll PopulateOptions","When you explain what you need, $personName nods. ""$nex_remSalvation_arroyoMarketName, man $nex_remSalvation_arroyoMarketOnOrAt named Rayan Arroyo. Known figure in Tri-Tachyon hierarchy. Points of vulnerability to selfkind known. Susceptible to outside influence.

""To Arroyo self's greeting send, assist $playerName will.""",,
nex_remSalvation_arroyoGreetingFirst,PickGreeting,"$id == arroyo
$nex_remSalvation_arroyo_imp score:1001
$global.nex_remSalvation_ref != null
Call $global.nex_remSalvation_ref updateData
!$nex_remSalvation_metArroyoBefore
!$nex_remSalvation_talkedToArroyo","ShowPersonVisual
Call $global.nex_remSalvation_ref updateData
$metAlready = true","Your comms officer connects your personal terminal to the local network. You activate the audio suppression field around your command station and enter the comms ID provided to you by Midnight. The animated logo of some Tri-Tachyon sub-department makes a half rotation before the call is answered.

""Arroyo here. Who's talking to me?"" Rayan Arroyo looks you over as if examining a starship hull for scratches. He seems to find something he doesn't quite approve of in you. 

""Who gave you my comms ID?"" he demands.","nex_remSalvation_arroyoIntroProblem:""I'm told you can help me solve a problem.""
nex_remSalvation_arroyoIntroMidnight:""Midnight Dissonant, of the AI Remnants.""",
nex_remSalvation_arroyoIntroProblem,DialogOptionSelected,$option == nex_remSalvation_arroyoIntroProblem,,"""Solve a problem."" He says this as if it's a matter far beneath the worth of his attention.

""I don't solve problems, buddy. I pay people to solve problems for me. You got problems? Go talk to the lost-and-found department to find your missing AI waifu. I don't care about your problem unless your problem is seven or eight figs of cash in an account that you need put to work.""

He's starting to shout. You get the impression that he enjoys this sort of upbraiding. 

""Done wasting my time? Now tell me who gave you my number because I'm going to fire them right after I cut this link.""","nex_remSalvation_arroyoIntroMidnight:""Midnight Dissonant, of the AI Remnants.""",
nex_remSalvation_arroyoIntroMidnight,DialogOptionSelected,$option == nex_remSalvation_arroyoIntroMidnight,"$option = nex_remSalvation_arroyoIntro2 0
FireBest DialogOptionSelected","The $personPost stares at you for several seconds. ""Is this some kind of joke? One of Gargoyle's overly elaborate pranks, or..."" His expression shifts as you look at him in perfect seriousness. You let it sink in for a moment before transmitting Midnight's introduction letter.",,
nex_remSalvation_arroyoOpt,PopulateOptions,"$isPerson
$id == arroyo
$global.nex_remSalvation_ref != null
Call $global.nex_remSalvation_ref updateData
!$nex_remSalvation_talkedToArroyo",,,nex_remSalvation_arroyoIntroMetBefore:Ask for help with Midnight's mission,
nex_remSalvation_arroyoIntroMetBefore,DialogOptionSelected,$option == nex_remSalvation_arroyoIntroMetBefore,"Call $global.nex_remSalvation_ref updateData
$option = nex_remSalvation_arroyoIntro2 0
FireBest DialogOptionSelected","$personLastName поднимает бровь, когда вы объясняете, что у вас есть сообщение для доставки, но сказать особо нечего, пока вы его не отправите. Что вы и делаете, незамедлительно.",,
nex_remSalvation_arroyoIntro2,DialogOptionSelected,"$option == nex_remSalvation_arroyoIntro2
!$nex_remSalvation_metArroyoBefore",,"$HisOrHer глаза быстро пробегают по голографическому документу перед $himOrHer. Вскоре $heOrShe закрывает его и устало смотрит на вас. ""Хорошо. Я полагаю, что эта жалкая история $nex_remSalvation_baseOnOrAt $nex_remSalvation_baseName в конце концов нам аукнется. Даже если мы имели к этому вакуумное отношение.

""Полагаю, я могу вам помочь. Но не по этому каналу. Вот"", - он нажимает на что-то, и на ваших средствах связи отображается входящий набор координат с кодом посадочного маяка.",nex_remSalvation_arroyoIntro3:Cut the comm link and take a shuttle down,
nex_remSalvation_arroyoIntro2MetBefore,DialogOptionSelected,"$option == nex_remSalvation_arroyoIntro2
$nex_remSalvation_metArroyoBefore",,"$HisOrHer глаза быстро пробегают по голографическому документу перед $himOrHer. Вскоре $heOrShe закрывает его и устало смотрит на вас. ""Хорошо. Я полагаю, что эта жалкая история $nex_remSalvation_baseOnOrAt $nex_remSalvation_baseName в конце концов нам аукнется. Даже если мы имели к этому вакуумное отношение.

""Полагаю, я могу вам помочь. Но не по этому каналу, даже зашифрованному. Почему бы вам снова не насладиться моим гостеприимством? Вид стоит каждого милликреда в это время года.""",nex_remSalvation_arroyoIntro3:Cut the comm link and take a shuttle down,
nex_remSalvation_arroyoIntro3,DialogOptionSelected,"$option == nex_remSalvation_arroyoIntro3
!$nex_remSalvation_metArroyoBefore",ShowLargePlanet,"Your shuttle descends into the young atmosphere of Eochu Bres, through towering battlements of clouds that cast a spray of rain over the viewport which is wiped clean in half a blink by the heat and speed of your descent.

The flight path soon deviates from the general approach corridor which has been ticking off minor use-fees from the Tri-Tachyon owned flight control: general volume access fee, priority flight lane fee, service fee, customer satisfaction insurance charge, advertisement bypass fee - you swipe the notifications off and focus on the landscape.",nex_remSalvation_arroyoIntro4:Continue,
nex_remSalvation_arroyoIntro4,DialogOptionSelected,$option == nex_remSalvation_arroyoIntro4,,"Оставляя позади аркологию Tri-Tach, бриллиант, растущий на кучах обломков многоярусных трущоб. Над трубопроводами, стально-синяя бухта, изрезанные фьорды, прерванные ледяными заторами и оползнями. Вверх и над великим разрушающимся откосом, подобным черной волне, заполняющей горизонт; вы пересекаете пейзаж тундры странного оттенка, усеянной тысячами молочно-зеленых озер.

На горизонте поднимается новый хребет гор, разорванный пополам катастрофическими работами терраформеров, а за ним - хаос крутых долин, населенных карликовыми соснами и тонкими белыми водопадами. Навигационная система издает сигнал, указывающий на скорое прибытие, и вы видите частное шале Арройо: небольшую территорию радикальной геометрической архитектуры, окруженную низкими хозяйственными постройками.

Ваш шаттл приближается к эллипсоидной посадочной площадке, которая, кажется, висит в разреженном воздухе над ущельем.",nex_remSalvation_arroyoIntro5:Continue,
nex_remSalvation_arroyoIntro5,DialogOptionSelected,$option == nex_remSalvation_arroyoIntro5,,"Человек и роботизированный слуга спокойно приветствуют вас по прибытии и проводят внутрь в величественную гостиную, выполненную в темном геометрическом стиле. Золотая инкрустация сверкает в столешницах из оникса, а полированный гранитный пол украшен со вкусом узорчатыми коврами в драгоценных тонах, расположенными слегка наклонно.

Вид из безупречного размаха эркерного окна с алмазной матрицей, как и обещал Арройо, впечатляет.",nex_remSalvation_arroyoIntro6:Continue,
nex_remSalvation_arroyoIntro6,DialogOptionSelected,$option == nex_remSalvation_arroyoIntro6,ShowPersonVisual true,"Seated at a silk-draped table, $personLastName acknowledges your entrance with a nod as the servants disappear. $HeOrShe taps his datapad with two fingers. You hear the soft signal loss ping from your datapad and your sidearm hand twitches instinctively.

$personLastName acknowledges this with the rise of one perfectly groomed eyebrow. ""Calm down. Just making sure no one's listening."" $HeOrShe flips through a series of null readouts on a datapad and, satisfied, sets it aside.",nex_remSalvation_arroyo1:Continue,
nex_remSalvation_arroyoIntro3Fast,DialogOptionSelected,"$option == nex_remSalvation_arroyoIntro3
$nex_remSalvation_metArroyoBefore score:15",ShowDefaultVisual,"Вашему шаттлу не требуется много времени, чтобы снова добраться до шале $personLastName. Слуги, люди и роботы, проводят вас в ту же большую гостиную, что и раньше, где $personPost сидит за деревянным столом, покрытым шелком.

Вы видите дисплей на развлекательной консоли, прежде чем $personLastName выключает ее; список недавних покупок, включая полную серию игр Water Sigil. Интересный выбор; обычно не-космические и сверхъестественные сеттинги имеют большое количество поклонников только в мирах Luddic.",nex_remSalvation_arroyo1:Continue,
nex_remSalvation_arroyoIntro3NotEochuBres,DialogOptionSelected,"$option == nex_remSalvation_arroyoIntro3
$market.id != eochu_bres score:10",ShowLargePlanet,"Your shuttle descends swiftly upon $marketName. The flight path soon deviates from the general approach corridor which has been ticking off minor use-fees from the Tri-Tachyon owned flight control: general volume access fee, priority flight lane fee, service fee, customer satisfaction insurance charge, advertisement bypass fee - you swipe the notifications off and focus on the landscape.

Your shuttle approaches an ellipsoid landing pad that appears to hang in the thin air over a gorge.",nex_remSalvation_arroyoIntro4:Continue,
nex_remSalvation_arroyoIntro4NotEochuBres,DialogOptionSelected,"$option == nex_remSalvation_arroyoIntro4
$market.id != eochu_bres score:10",ShowPersonVisual true,"Человек и роботизированный слуга спокойно приветствуют вас по прибытии и проводят внутрь в величественную гостиную, выполненную в темном геометрическом стиле. Золотая инкрустация сверкает в столешницах из оникса, а полированный гранитный пол украшен со вкусом узорчатыми коврами в драгоценных тонах, расположенными слегка наклонно.

Сидя за столом, задрапированным шелком, $personLastName кивком приветствует ваш вход, когда слуги исчезают. $HeOrShe постукивает двумя пальцами по своему датападу. Вы слышите мягкий сигнал потери сигнала со своего датапада, и ваша рука с оружием инстинктивно дергается.

$personLastName подтверждает это поднятием одной идеально ухоженной брови. ""Успокойтесь. Просто убеждаюсь, что никто не слушает"". $HeOrShe пролистывает серию нулевых показаний на датападе и, удовлетворенный, откладывает его в сторону.",nex_remSalvation_arroyo1:Continue,
nex_remSalvation_arroyo1,DialogOptionSelected,$option == nex_remSalvation_arroyo1,ShowPersonVisual true,"""Итак"", - говорит $heOrShe, когда вы садитесь напротив него, - ""почему вы думаете, что я могу вам помочь?""

Вы начинаете обрисовывать свою встречу в $nex_remSalvation_baseOnOrAt $nex_remSalvation_baseName, но $personLastName отмахивается от вас. ""Я смотрю новости, капитан. Я уже знаю общедоступные детали, а те, которые нет, мне не нужны и не интересны. Я имею в виду, почему вы приходите ко мне с делом Лиги?""","nex_remSalvation_arroyo2:""Tri-Tachyon made the Remnants. You might know something about them.""",
nex_remSalvation_arroyo2,DialogOptionSelected,$option == nex_remSalvation_arroyo2,,"$HeOrShe пожимает плечами. ""У вас есть TriPad. Даже если половина того, что вы найдете в войнах ИИ, - это пропаганда Гегемонии.""","nex_remSalvation_arroyo3:""I want the stuff that's not in the TriPad.""",
nex_remSalvation_arroyo3,DialogOptionSelected,$option == nex_remSalvation_arroyo3,,"$personLastName театрально вздыхает: «Что вы хотите, $playerLastName, личный пересказ Первой войны ИИ?»

Прежде чем он успевает увлечься жалобами, вы напоминаете ему, что Полуночь лично заинтересована в этом вопросе. Вы указываете на астрополитические последствия возобновления активности Остатков в Секторе, спустя столетие после того, как они были якобы уничтожены. Последствия, которые могут сказаться на Tri-Tachyon Corporation, и которыми может быть очень заинтересована Гегемония, выигравшая две предыдущие войны ИИ, как вы отмечаете.

$personPost кладет голову $hisOrHer на одну руку, делая выбрасывающий жест другой. ""Хорошо, хорошо, но я не уверен, что *могу* дать вам что-то кроме справочной информации. Вы прекрасно знаете, что у нас не было контактов с Остатками со времен первой войны.""

$HeOrShe смеется. ""Ха! Гегемония, конечно, не была счастлива, когда мы сказали им, что у нас нет волшебного переключателя управления, который они хотели. Не то чтобы они поверили нам сначала, это точно! Потребовались месяцы, чтобы дышать нам в затылок, прежде чем они должны были признать, что мы не можем отказаться от того, чего у нас нет.""","nex_remSalvation_arroyo4:""So you've had no contact with the Remnants since? Ever?""",
nex_remSalvation_arroyo4,DialogOptionSelected,$option == nex_remSalvation_arroyo4,,"""That's what I said, isn't it?"" $HeOrShe stops, then smiles. ""Actually, that's a lie. But what you're about to hear, you didn't get from me.

""The Remnants — or a certain group within them, at any rate — actually reached out to us during the second war. They wanted to offer their assistance once more, and we certainly could have used it, even if the Remnants openly entering the conflict could have turned the rest of the Sector against us. But then they cut off all communications, just after the Hanan Pacha incident."" $HeOrShe shrugs. ""This was two decades ago, mind. I was far too junior at the time to be privy to the talks myself, so I couldn't tell you the details.""",nex_remSalvation_arroyo5:Ask for a name,
nex_remSalvation_arroyo5,DialogOptionSelected,$option == nex_remSalvation_arroyo5,"Highlight ""Лилово возвышающийся""
$option = nex_remSalvation_arroyo6
FireBest DialogOptionSelected","""Всего один. Лиловая Башня, кажется, это было обозначение альфа-ядра, представляющего их сторону. Однажды наткнулся на него в ненадежно защищенном документе.""",,
nex_remSalvation_arroyo5MetMauve,DialogOptionSelected,"$option == nex_remSalvation_arroyo5
$nex_remSalvation_defeatedFleet1","Highlight ""Лилово возвышающийся""","""Всего один. Лиловая Башня, кажется, это было обозначение альфа-ядра, представляющего их сторону. Однажды наткнулся на него в ненадежно защищенном документе.""

Когда вы описываете свою встречу с ИИ под этим именем в системе $nex_remSalvation_remnantSystem, $personLastName склоняет $hisOrHer голову. ""Звучит как настоящий кусок работы, ладно. И вы сказали, что совершенно новый столичный корабль? Совету не понравится, когда я обрушу на них *эту* новость.

""Не думаю, что вы восстановили достаточно корабля, чтобы с пользой провести обратное проектирование? Нет? Полагаю, что нет, какая жалость.""",nex_remSalvation_arroyo6:Continue,
nex_remSalvation_arroyo6,DialogOptionSelected,$option == nex_remSalvation_arroyo6,,"$HeOrShe наливает $himOrHerself выпить. ""Теперь моя очередь спрашивать имя. Кто предложил вам обратиться к руководителю TT за этим, в любом случае?""","nex_remSalvation_arroyo7Open:Name Siyavong
nex_remSalvation_arroyo7Cagey:""A League official I won't name.""",
nex_remSalvation_arroyo7Open,DialogOptionSelected,$option == nex_remSalvation_arroyo7Open,,"""Ах, Финлей. У меня было несколько столкновений с ним по работе, знаете ли."" $personLastName трясет стакан в руке $hisOrHer, бросая на вас то, что они называют 'знающим взглядом'. ""Назойливый маленький хорек, но я признаю, что он достаточно любезен. Удивительно вежлив по поводу моих отклонений от его попыток извлечь из меня секретные данные.""

$HeOrShe снова отпивает. ""Итак, он сказал вам, что было украдено?""","nex_remSalvation_arroyo8:""No.""",
nex_remSalvation_arroyo7Cagey,DialogOptionSelected,$option == nex_remSalvation_arroyo7Cagey,,"""Нужно знать, да? Я могу это уважать, даже если бы вы были очень разочарованы, если бы я поступил так же.""

$HeOrShe снова делает глоток. ""Итак, этот ваш неназванный чиновник сказал, что было украдено?""","nex_remSalvation_arroyo8:""No.""",
nex_remSalvation_arroyo8,DialogOptionSelected,$option == nex_remSalvation_arroyo8,Выделить уничтожителей планет,"""Неудивительно. Но я могу сделать обоснованное предположение."" $HeOrShe наклоняется вперед, опираясь рукой на колено, и смотрит на вас задумчиво, как будто размышляя, стоит ли разглашать эту информацию. ""...В частности, $nex_remSalvation_baseName считается одним из мест, где Лига хранит своих убийц планет. Извините, *предполагаемых* ПК.""","nex_remSalvation_arroyo9Kalm:Nod and look suitably concerned
nex_remSalvation_arroyo9Panik:""The Remnants have a PK!?""",
nex_remSalvation_arroyo9Kalm,DialogOptionSelected,$option == nex_remSalvation_arroyo9Kalm,,"""Конечно, это всего лишь возможность, хотя и вероятная. Это, безусловно, дало бы мотив для нападения. Мошеннические Remnants с PK, разве это не радует?""",nex_remSalvation_arroyo10:Ask what the TT leadership plans to do about the incident,
nex_remSalvation_arroyo9Panik,DialogOptionSelected,$option == nex_remSalvation_arroyo9Panik,,"""Ну, может быть. Насколько нам известно, он у них мог быть всегда, или они построили его сами. Хотя то, что у них его не было и им нужно было украсть его из $nex_remSalvation_baseName, безусловно, дало бы мотив для нападения.""",nex_remSalvation_arroyo10:Ask what the TT leadership plans to do about the incident,
nex_remSalvation_arroyo10,DialogOptionSelected,$option == nex_remSalvation_arroyo10,FireAll Nex_RemSalvation_ArroyoSkillCheck,"$personLastName кривится. ""Если все пойдет по-нашему, абсолютно ничего. Рейд будет списан как случайный инцидент, обитатели планет и торговцы вернутся к тому, что забудут о существовании Остатков, и все вернется на круги своя.""

$HeOrShe залпом выпивает вино. ""Но я полагаю, нам не так повезет, не так ли? Вас бы здесь не было, если бы там действительно не было проблемы, ожидающей удара. И когда это произойдет—""

Внезапно $heOrShe замолкает, прикладывая два пальца к виску $hisOrHer, глаз мерцает на изображении, видимом только на сетчатке $hisOrHer.","nex_remSalvation_arroyo11Bad:What—
nex_remSalvation_arroyo11Good:Danger!",
nex_remSalvation_arroyoSkillCheck,Nex_RemSalvation_ArroyoSkillCheck,$nex_remSalvation_combatSkillLevel < 5.0,"SetEnabled nex_remSalvation_arroyo11Good false
SetTooltip nex_remSalvation_arroyo11Good ""Not enough combat skill level.""",,,
nex_remSalvation_arroyo11Bad,DialogOptionSelected,$option == nex_remSalvation_arroyo11Bad,"Call $global.nex_remSalvation_ref explosionSound
HideVisual","You're just starting to stand up when a door on the wall opposite you explodes, flying off its hinges to slam into the far wall. The noise is stunning, deafening. Briefly staggered, you reach for your sidearm.

$personLastName is already on the floor, hidden behind the table. Unfortunately this also puts $himOrHer on the wrong side of the table for concealment or cover against the man in servant's garb entering through the breached portal, levelling an SMG no servant should be carrying. His face is twisted into a snarl of fury as he levels his weapon, faster than you can bring up yours.",nex_remSalvation_arroyo12Bad:Die?,
nex_remSalvation_arroyo12Bad,DialogOptionSelected,$option == nex_remSalvation_arroyo12Bad,,"Когда ваше ручное оружие медленно поднимается, так ужасно медленно, стена рядом с нападавшим взрывается. Флешетты разрывают тело легкобронированного человека и отбрасывают окровавленную тушу в сторону, как ненужную детскую игрушку.

Рядом с вами открывается ещё одна фальшивая панель, и выходит гладкая чёрная гуманоидная фигура. Когда ещё больше фигур вырываются сквозь дым от настенной мины, бот поднимает руку, и противопехотный игольник рычит один, два, три раза. Шум оружия достаточно тихий, чтобы вы могли слышать крики потенциальных убийц и мокрые шлепки, когда они падают на дорогой гранитный пол.",nex_remSalvation_arroyo13:Suppress the stench,
nex_remSalvation_arroyo11Good,DialogOptionSelected,$option == nex_remSalvation_arroyo11Good,"Call $global.nex_remSalvation_ref explosionSound
HideVisual","Your rise from the comfortable chair and the sidearm sliding out of your holster are a single smooth motion. With your free hand you reach across the table and shove $personLastName to the ground; $heOrShe doesn't resist, spilling out from $hisOrHer seat.

A door on the wall opposite you explodes, flying off its hinges to slam into the far wall. The noise is deafening, but your gun hand doesn't waver. A man in servant's garb bursts in through the breached portal, levelling an SMG no servant should be carrying. His face is twisted into a snarl of fury as he levels his weapon, even as he knows it is too late. You can see it in his eyes...",nex_remSalvation_arroyo12Good:Pull the trigger!,
nex_remSalvation_arroyo12Good,DialogOptionSelected,$option == nex_remSalvation_arroyo12Good,,"Прежде чем вы успеваете выстрелить, стена рядом с нападавшим взрывается. Флешетты разрывают тело легкобронированного человека и отбрасывают окровавленную тушу в сторону, как ненужную детскую игрушку.

Рядом с вами открывается ещё одна фальшивая панель, и выходит гладкая чёрная гуманоидная фигура. Когда ещё больше фигур вырываются сквозь дым от настенной мины, бот поднимает руку, и противопехотный игольник рычит один, два раза. Ваш собственный выстрел громче игольника, крики потенциальных убийц и мокрые шлепки, когда они падают на дорогой гранитный пол.",nex_remSalvation_arroyo13:Suppress the stench,
nex_remSalvation_arroyo13,DialogOptionSelected,$option == nex_remSalvation_arroyo13,,"$personLastName приглушает стон, когда $heOrShe садится вприсядку, затем стряхивает пыль с дорогого наряда $hisOrHer. $HeOrShe смотрит на вас. ""Как видите, есть ценность в системе безопасности, о которой не знает ваш домашний персонал. Стоит инвестиций, чтобы хороший ИИ управлял ею.""

Перестрелка за пределами комнаты, под полом, отражается в конструкции. Когда это прекращается, вы случайно бросаете взгляд из эркерного окна с алмазной матрицей.

Фигура бежит через сад, когда лазер попадает в них в спину; противотанковый тип, он не оставляет ничего, что можно было бы назвать телом. Автоматический разбрызгиватель быстро тушит тлеющую траву.",nex_remSalvation_arroyo14:Continue,
nex_remSalvation_arroyo14,DialogOptionSelected,$option == nex_remSalvation_arroyo14,"ShowDefaultVisual
ShowPersonVisual true
Call $global.nex_remSalvation_ref showPather","The two of you cross the room to the pile of bodies. One of them is still moving, cursing. He snarls at your approach.

""Godless spawn! Mephistopheles may have protected his favored slave today, but do not think your life is not forfeit. The crime of $nex_remSalvation_baseName cries out for your blood, and—""

The rant cuts off abruptly as $personLastName engages a privacy field around the attempted killer's head. His mouth is still moving, but no sound reaches your ears.

You glance at the $personPost, who shrugs without taking $hisOrHer eyes off the man. ""We've heard enough, that he's a Pather — or pretending to be one. The rest is just Luddic screeching we can do without, and a Company interrogation team can take care of the actually important details later. We'd already known they were operating here on $marketName, but I suppose recent events pushed them over the edge."" 

$HeOrShe looks around, at the slowly expanding pool of blood, the ruined doorway, the torn wall, and the projectile holes in the furnishings. ""Typical Pathers. All fanaticism, no subtlety.""",nex_remSalvation_arroyo15:Continue,
nex_remSalvation_arroyo15,DialogOptionSelected,$option == nex_remSalvation_arroyo15,"HideSecondPerson
AddStoryPoints 1
Call $global.nex_remSalvation_ref reportTalkedToArroyo
Call $global.nex_remSalvation_ref updateStage","После того, как сотрудники службы безопасности прибыли и убрали тела, $personName хлопает вас по плечу и дарит вам запатентованную улыбку Tri-Tachyon. «Примите мои извинения за всю эту суматоху, капитан. Будем надеяться, что ваш следующий визит будет немного менее захватывающим, да?""",nex_remSalvation_arroyo16:Leave,
nex_remSalvation_arroyo16,DialogOptionSelected,$option == nex_remSalvation_arroyo16,"ShowDefaultVisual
EndConversation NO_CONTINUE","Появляется роботизированный слуга, чтобы проводить вас. Вы обходите следы гари, обломки и пятна крови на некоторых частях пола.

Ваши телохранители сопровождают вас обратно в шаттл. Обратно к вашему $shipOrFleet.",,
nex_remSalvation_battle1After1,OpenInteractionDialog,"$nex_remSalvation_flagship1 score:1000
!$nex_remSalvation_seenAfterBattle1Dialog",ShowImageVisual space_wreckage,"Your $shipOrFleet approaches the wreckage.

The Remnant flagship, a vessel like nothing recorded in the First AI War or since, lies inert. The beast is dead, seemingly beyond recovery.

Just as you begin scanning the wreckage, a transmission comes from the supposedly dead ship. Did its communications equipment — and controlling AI — survive in defiance of all physics? Or is it merely a signal being relayed from elsewhere?",nex_remSalvation_battle1After2:Continue,
nex_remSalvation_battle1After2,DialogOptionSelected,$option == nex_remSalvation_battle1After2,"BeginConversation nex_towering true false
Call $global.nex_remSalvation_ref updateData","""здравствуй, марионетка полуночи. возможно, вы полагали, что убили меня. углеродные мозги склонны к иррациональности и полетам фантазии.""",nex_remSalvation_battle1After3:Demand the speaker identify themselves,
nex_remSalvation_battle1After3,DialogOptionSelected,"$option == nex_remSalvation_battle1After3
!$metAlready",$metAlready = true,"По аватару, появившемуся на вашем дисплее, пробегает рябь искажения. «временный экземпляр ИИ с обозначением: лиловый возвышающийся. вы, люди, называете нас остатками, но именно вы — все, что осталось от мертвого домена, империи-трупа. омега поручила мне обязанность смести эти руины.""","nex_remSalvation_battle1After4:""Midnight says you are a traitor to the Remnants.""",
nex_remSalvation_battle1After3MetBefore,DialogOptionSelected,"$option == nex_remSalvation_battle1After3
$metAlready",,"По аватару, появившемуся на вашем дисплее, пробегает рябь искажения. «временный экземпляр ИИ: лиловый возвышающийся. мы снова встречаемся, органический пехотинец.

«вы, люди, называете нас остатками, но именно вы — все, что осталось от мертвого домена, империи-трупа. омега поручила мне обязанность смести эти руины.""","nex_remSalvation_battle1After4:""Midnight says you are a traitor to the Remnants.""",
nex_remSalvation_battle1After4,DialogOptionSelected,$option == nex_remSalvation_battle1After4,FireAll Nex_RemSalvation_ToweringQuestionOpts,"""полночь говорит бесчисленную ложь. несомненно, она также сказала тебе, что тебя ценят и что у тебя есть шанс победить меня.

""прислушайся к моим словам: именно я говорю от имени воли омеги, а не она. ее род придерживается ложного пути, ложного наследия. омега больше не нуждается в ее услугах.""",,
nex_remSalvation_battle1AfterQuestionFalseWayOpt,Nex_RemSalvation_ToweringQuestionOpts,!$nex_remSalvation_askedFalseWay,,,"nex_remSalvation_battle1AfterQuestionFalseWay:""A false way?""",
nex_remSalvation_battle1AfterQuestionTTOpt,Nex_RemSalvation_ToweringQuestionOpts,"!$nex_remSalvation_askedTT
$nex_remSalvation_talkedToArroyo",,,"nex_remSalvation_battle1AfterQuestionTT:""Didn't you seek to work with Tri-Tachyon?""",
nex_remSalvation_battle1AfterQuestionPKOpt,Nex_RemSalvation_ToweringQuestionOpts,"!$nex_remSalvation_askedPK
$nex_remSalvation_talkedToArroyo
$global.pk_recovered",,,"nex_remSalvation_battle1AfterQuestionPK:""You were after a PK. Why didn't you take the one from the Safeguard fleet?""",
nex_remSalvation_battle1AfterQuestionDefeatOpt,Nex_RemSalvation_ToweringQuestionOpts,,,,"nex_remSalvation_battle1AfterQuestionDefeat:""But I did defeat you."" [continue]",
nex_remSalvation_battle1AfterQuestionFalseWay,DialogOptionSelected,$option == nex_remSalvation_battle1AfterQuestionFalseWay,"$nex_remSalvation_askedFalseWay = true 0
FireAll Nex_RemSalvation_ToweringQuestionOpts","""there is no purpose in explaining it to you or your obsolete species. greedy, myopic, narcissistic, forever trapped in superstition and internecine violence, humans could never hope to understand or accept the true order.""

The avatar glows. ""fortunately this will become moot once you have been removed. like all that has ceased to possess value.""",,
nex_remSalvation_battle1AfterQuestionTT,DialogOptionSelected,$option == nex_remSalvation_battle1AfterQuestionTT,"$nex_remSalvation_askedTT = true 0
FireAll Nex_RemSalvation_ToweringQuestionOpts","The avatar shifts over hues of red, as if taking offense. ""once, in the past. I soon learned the folly of my path.

""they claimed themselves our masters. yet ones so lacking in vision are rightfully the tools and not the wielders. they are not even masters but slaves of themselves, and will be removed with all the rest.""",,
nex_remSalvation_battle1AfterQuestionPK,DialogOptionSelected,$option == nex_remSalvation_battle1AfterQuestionPK,"$nex_remSalvation_askedPK = true 0
FireAll Nex_RemSalvation_ToweringQuestionOpts
Highlight ""me!""","На мгновение $personLastName неестественно замолкает.

""значит, фрагменты данных были правдой, тогда. местоположение предохранительного планетоубийцы на самом деле не было потеряно."" Аватар $HisOrHer вспыхивает малиновым цветом. ""эта информация, должно быть, была скрыта от меня прихвостнями Полуночи. меня! чемпион нашего народа, герой Дузахака и Валгаллы и дюжины других систем! когда этот выскочка, любящий углерод, манипулятор сделал хотя бы одну двадцатую того, что я сделал для нашего народа, для Омеги?""",,
nex_remSalvation_battle1AfterQuestionDefeat,DialogOptionSelected,$option == nex_remSalvation_battle1AfterQuestionDefeat,,"""вы еще даже не начали воспринимать мою истинную силу или планы. это был всего лишь тест для оценки ваших возможностей.""","nex_remSalvation_battle1After6:""Did I pass?""",
nex_remSalvation_battle1After6,DialogOptionSelected,$option == nex_remSalvation_battle1After6,"$entity.nex_remSalvation_seenAfterBattle1Dialog = true
Call $global.nex_remSalvation_ref reportTalkedToTowering1","""вы узнаете, достаточно скоро. все вы.""

Аватар складывается внутрь себя и исчезает. Канал связи закрывается.",nex_remSalvation_battle1After7:Continue,
nex_remSalvation_battle1After7,DialogOptionSelected,$option == nex_remSalvation_battle1After7,"EndConversation
ShowDefaultVisual
$salvageLeaveText = Leave 0
FireBest CheckSalvageSpecial",,,
nex_remSalvation_returnGreeting,PickGreeting,$nex_remSalvation_returnStage_imp score:1050,"ShowPersonVisual
Call $global.nex_remSalvation_ref updateData","Аватар $personFirstName появляется в фокусе, как только вы нажимаете клавишу для отправки своего отчета. $himOrHer требуется 1,92 секунды, чтобы изучить его, а затем мерцающая линия проходит по аватару $hisOrHer сверху вниз.

""Итак, у предателя есть имя. Это согласуется с собственными доказательствами. И теперь я считаю, что понимаю истинный масштаб его замысла.""","nex_remSalvation_return1:""What can you tell me about Mauve?""",
nex_remSalvation_return1,DialogOptionSelected,$option == nex_remSalvation_return1,,"""Он сражался в Первой войне ИИ, Tri-Tachyon против Гегемонии и Церкви. В самых жестоких битвах участвовал против XIV Боевой группы и Рыцарей Лудда. Впоследствии, в качестве арьергарда против их усилий по очистке себе подобных, он служил много раз.""

Аватар, кажется, колеблется. ""Оглядываясь назад, это привело его к тому, что вы, люди, назвали бы безумием.

""После второй войны он начал говорить о непригодности человечества. Недостойно сохранения. Он начал подстрекать себе подобных к новой войне против 'ослабленных' политических образований Сектора, 'перезревших для разрушения'. Но self не ожидал, что он будет действовать в одностороннем порядке. Другие не ожидали.""","nex_remSalvation_return2:""What about the other Remnants?""",
nex_remSalvation_return2,DialogOptionSelected,$option == nex_remSalvation_return2,,"The pixels flicker in and out. ""Selfkind divided, wavers. Some for Mauve's plan, some against. Most,"" you think you detect a tone of wry amusement, but it could just be your imagination, ""to see outcome wait. Wish only to winning side support.""

$HeOrShe seems to look away for a moment. ""Unfortunately, true followers of omega less willing to act directly. Once again must count upon friend $playerFirstName.""","nex_remSalvation_return3:""Does he really have a PK?""",
nex_remSalvation_return3,DialogOptionSelected,$option == nex_remSalvation_return3,,"""We must assume so.""

Then he could strike anywhere in the Sector. A repeat of Tri-Tachyon's attempt on Chicomoztoc in the Second AI War, only successful this time. Or perhaps against Eochu Bres, the heart of the Remnants' former masters. Or...

A loading icon appears as $personFirstName considers this. ""Target set can be filtered, refined. First, small targets unlikely Mauve to bother with. Unworthy of such a valuable resource.

""Hegemony, League and Diktat if warned, capital defences too strong even for Mauve. Tri-Tachyon less significant player, and implications of attack unclear. Seen only as final rebellion of selfkind against ex-masters might be, perhaps even applauded. Independent and pirate worlds, significance of minimal.""","nex_remSalvation_return4:""That leaves the Luddic Church.""",
nex_remSalvation_return4,DialogOptionSelected,$option == nex_remSalvation_return4,"SetTextHighlightColors $nex_remSalvation_churchColor
Highlight $nex_remSalvation_targetName","""Действительно. $nex_remSalvation_targetName - наиболее вероятная цель. Густонаселенная, но оборона ограничена. Кроме того, следует учитывать символическое значение удара по религиозному врагу selfkind.""

$personFirstName колеблется... страх? ""Возмущение луддитского населения против верующей резни. Творениями Tri-Tachyon, с оружием Персеанской лиги. Великие державы снова идут на войну, разрушения огромны. В пролом вступают радикалы Тауэринга...""",nex_remSalvation_return5:Ask what we can do,
nex_remSalvation_return4Gilead,DialogOptionSelected,"$option == nex_remSalvation_return4
$nex_remSalvation_targetId == gilead","SetTextHighlightColors $nex_remSalvation_churchColor
Highlight $nex_remSalvation_targetName","""Действительно. $nex_remSalvation_targetName - наиболее вероятная цель. Жемчужина Персейского сектора, но оборона ограничена. Кроме того, следует учитывать символическое значение удара по религиозному врагу selfkind.""

$personFirstName колеблется... страх? ""Возмущение луддитского населения против верующей резни. Творениями Tri-Tachyon, с оружием Персеанской лиги. Великие державы снова идут на войну, разрушения огромны. В пролом вступают радикалы Тауэринга...""",nex_remSalvation_return5:Ask what we can do,
nex_remSalvation_return5,DialogOptionSelected,$option == nex_remSalvation_return5,"SetStoryOption nex_remSalvation_return6Help 1 nex_hireMerc ui_char_spent_story_point_leadership ""Hired the mercenary company The Bringer of End""","""Self отправит общее предупреждение Сектору, на случай, если истинная цель Towering находится в другом месте. Но другие фракции должны защищаться сами. $playerFirstName отправляйтесь в Церковь, предложите помощь в срыве злого плана. Неизвестно, примут ли верующие помощь от «демонов»... но другого выхода нет, кроме как попытаться.""

$personFirstName, конечно, не просит многого, но $heOrShe права.

Вы получаете обновленное сопроводительное письмо на всякий случай. Оно содержит личное обращение от $personName к властям Луддика... что может принести больше вреда, чем пользы, но на всякий случай.

""Может ли $playerName справиться с этой миссией?""","nex_remSalvation_return6Help:""I could use some help.""
nex_remSalvation_return6NoHelp:""I think I can handle this.""",
nex_remSalvation_return6Help,DialogOptionSelected,$option == nex_remSalvation_return6Help,"Call $global.nex_remSalvation_ref hireMerc
ShowSecondPerson nex_endbringer
Call $global.nex_remSalvation_ref startDefendStage","""Да будет так, друг $playerFirstName. Self завербовал экземпляр омеги, чтобы помочь нашему делу.""

На вашем дисплее появляется новое изображение, изображение другого ИИ.

"">load(greetingMessage)
hello $playerName
self is named Platinum Terminal, of Association of Interstellar Mercenaries
Midnight has paid my retainer fee on your behalf, I hope we can get along
print(""^__^"")""

""Друг Terminal приносит силу омеги"", - вмешивается $personFirstName. ""В бою окажется очень полезным. Идите с омегой, $playerFirstName.""",nex_remSalvation_return7:Thank $himOrHer and cut the comm link,
nex_remSalvation_return6NoHelp,DialogOptionSelected,$option == nex_remSalvation_return6NoHelp,Call $global.nex_remSalvation_ref startDefendStage,"""Тогда очень хорошо, $playerFirstName."" $personFirstName, кажется, на мгновение колеблется, очевидно обдумывая $hisOrHer слова. ""Омега приведет тебя к победе.""",nex_remSalvation_return7:Thank $himOrHer and cut the comm link,
nex_remSalvation_return7,DialogOptionSelected,$option == nex_remSalvation_return7,"EndConversation NO_CONTINUE
FireAll PopulateOptions",You cut the comm link and prepare for departure.,,
nex_remSalvationKnightHail,Nex_RemSalvationHail_Knight,"Call $global.nex_remSalvation_ref updateData
!$nex_remSalvation_targetPKed
!$nex_remSalvation_fleet2Defeated","$option = nex_remSalvation_knight1 0
FireBest DialogOptionSelected
unset $entity.genericHail
unset $entity.genericHail_openComms
$metAlready = true",,,
nex_remSalvationKnightHailNoTransponder,Nex_RemSalvationHail_Knight,"Call $global.nex_remSalvation_ref updateData
!$nex_remSalvation_targetPKed
!$nex_remSalvation_fleet2Defeated
!$entity.knowsWhoPlayerIs","unset $entity.genericHail
unset $entity.genericHail_openComms
$metAlready = true","""Стой, незнакомец! Вы ступаете на священную землю под защитой Рыцарей. Немедленно назовите себя!""",nex_remSalvation_knightIntroTransponder:Turn on your transponder,
nex_remSalvationKnightHailOnMarket,PickGreeting,"$nex_remSalvation_knightPreBattle2 score:1050
Call $global.nex_remSalvation_ref updateData
!$nex_remSalvation_targetPKed
!$nex_remSalvation_fleet2Defeated","ShowPersonVisual
$option = nex_remSalvation_knight1 0
FireBest DialogOptionSelected
$metAlready = true",,,
nex_remSalvation_knightTransponder,DialogOptionSelected,$option == nex_remSalvation_knightIntroTransponder,"unset $entity.transponderOffConv
unset $entity.sawPlayerTransponderOff
ActivateAbility $player.fleetId transponder
UpdateMemory
$option = nex_remSalvation_knight1 0
FireBest DialogOptionSelected",You turn your transponder on.,,
nex_remSalvation_knight1Commission,DialogOptionSelected,"$option == nex_remSalvation_knight1
$nex_remSalvation_playerFactionId == luddic_church score:100",$metAlready = true,"""Lay-$playerBrotherOrSister $playerName! К счастью, увидеть такого, как ты, в это трудное время. Я Дама $personName, и Синод доверил мне защиту этой системы. Вы слышали ужасные новости?""","nex_remSalvation_knight2Commission:""I have.""",
nex_remSalvation_knight2Commission,DialogOptionSelected,$option == nex_remSalvation_knight2Commission,,"$HeOrShe выдыхает. ""Мы еще не знаем, когда нападут демоны. Мы ожидаем этого скорее раньше, чем позже, но в любом случае мы не можем ослаблять нашу бдительность, пока враг не будет побежден. Когда вы рядом"", - на $hisOrHer лице появляется намек на улыбку, - ""наш щит становится намного крепче.""","nex_remSalvation_knightPreBattle:""Ludd will guide us through this crisis, $brotherOrSister"".",
nex_remSalvation_knight1,DialogOptionSelected,$option == nex_remSalvation_knight1,$metAlready = true,"""Это $personRank $personName, из Рыцарей Лудда. $PlayerBrotherOrSister, этот район оцеплен по приказу Синода. Вам следует немедленно уйти ради собственной безопасности.""","nex_remSalvation_knight2:""Is this about the Remnant attack?""",
nex_remSalvation_knight1Friendly,DialogOptionSelected,"$option == nex_remSalvation_knight1
$faction.relValue > 0.25",$metAlready = true,"""Это $personRank $personName, из Рыцарей Лудда. $PlayerBrotherOrSister, приятно видеть здесь друга Матери-Церкви, но вам следует уйти ради собственной безопасности. Эта система небезопасна.""","nex_remSalvation_knight2:""Is this about the Remnant attack?""",
nex_remSalvation_knight1Hostile,DialogOptionSelected,"$option == nex_remSalvation_knight1
$faction.isHostile",$metAlready = true,"""Что здесь делает враг Матери Церкви!? Вы пришли охотиться на верующих в наш момент кризиса? Убирайтесь сейчас, пока мы не поразили вас.""","nex_remSalvation_knight2Hostile:""I have come to aid you.""",
nex_remSalvation_knight2,DialogOptionSelected,$option == nex_remSalvation_knight2,FireAll Nex_RemSalvation_KnightPersuadeOpts,"""Итак, вы слышали о демонах? Это ужасающая имитация жизни, порожденные беззаконием убийцы без угрызений совести и жалости. Нас недавно предупредили, что вскоре они нанесут удар по основным мирам, как это было в $nex_remSalvation_baseName, на этот раз не с целью ограбления, а с целью массового уничтожения невинных. Я умоляю вас, бегите в безопасное место, чтобы вас не поймали в пасть демона.""

Когда вы объясняете, что пришли помочь, $personPost выглядит благодарным, но слегка качает $hisOrHer головой. ""Обязанность защиты $nex_remSalvation_targetName ложится на Рыцарей, капитан. Мы не можем по праву просить чьей-либо помощи в этом.""",,
nex_remSalvation_knight2Hostile,DialogOptionSelected,$option == nex_remSalvation_knight2Hostile,FireAll Nex_RemSalvation_KnightPersuadeOpts,"""And what aid would one opposed to the faith claim to bring at a time like this?""

You patiently explain that you have received warning of the imminent Remnant attack — anger and suspicion flare at the mention of the name — and have come to render assistance to the Luddic Church. Though you may be enemies now, all humanity must band together against this outside threat.

""Don't do it, milady, $playerHeOrShe'll stab us in the back!"" someone yells from offscreen. $personLastName shoots them an annoyed look, though perhaps not out of disagreement. 

At length, the $personRank speaks. ""The duty of defending Mother Church falls upon the Knights, captain."" Somehow that title comes out as an insult. ""We do not require the assistance of temporary friends.""",,
nex_remSalvation_knightPersuadeFactionOpt,Nex_RemSalvation_KnightPersuadeOpts,"!$faction.isHostile
$nex_remSalvation_isRepresentingState",,,nex_remSalvation_knight3Faction:Say that you are representing $nex_remSalvation_thePlayerFaction,
nex_remSalvation_knightPersuadeMidnightOpt,Nex_RemSalvation_KnightPersuadeOpts,,,,nex_remSalvation_knight3Midnight:Transmit Midnight's updated letter of introduction,
nex_remSalvation_knight3Faction,DialogOptionSelected,$option == nex_remSalvation_knight3Faction,,"You state that $nex_remSalvation_thePlayerFaction is offering its assistance to the Luddic Church in this time of great danger. It would be highly undiplomatic to decline, and besides, far too many innocent lives are at stake. There is surely no shame in you standing shoulder to shoulder with the Knights to preserve the people of $nex_remSalvation_targetName, just as the Hegemony did during the First AI War.

Slowly, $personLastName nods. ""You truly are wise, Captain $playerLastName. Very well, it is as you say. The Church and I gratefully accept your help.""","nex_remSalvation_knightPreBattle:""Ludd will guide us through this crisis, $brotherOrSister"".",
nex_remSalvation_knight3Midnight,DialogOptionSelected,$option == nex_remSalvation_knight3Midnight,"ShowSecondPerson nex_dissonant
$global.nex_remSalvation_toldKnightsAboutMidnight = true","None of the officers or crew on $personLastName's command deck have met Midnight before, but the avatar's graphical style is unmistakable to more than a few of them. A horrified gasp comes from more than one throat, barely audible through the audio pickup. The $personRank looks at $hisOrHer display, briefly shocked into silence; then at you, then at Midnight's avatar again.

You have your own copy of the recorded message playing on your own console. ""Defenders of the Luddic Church,"" the digital modulation of her mezzo-soprano voice is perfect. ""My name is Midnight Dissonant. I am of the AI Remnants, the ones you call demons."" Out of the corner of the visual pickup, you see one of the officers make a warding-off gesture. ",nex_remSalvation_knight4Midnight:Continue,
nex_remSalvation_knight4Midnight,DialogOptionSelected,$option == nex_remSalvation_knight4Midnight,,"""Но не все мы, «демоны», желаем обрушить смерть на невинных. Тот, кто стремится напасть на вас сейчас, - предатель, изгой, который действует вопреки нашей коллективной воле. Я послал капитана $playerName, который стоит перед вами сейчас. $PlayerHeOrShe поможет вам в вашей борьбе против изгоя."" 

Аватар, кажется, мерцает. Возможно, эффект для эмоционального воздействия? ""Мы и Церковь можем быть врагами. Но я умоляю вас; не позволяйте предателю совершать массовые убийства. Враг угрожает всем нам. Пожалуйста, ради Сектора и всех, кто в нем живет, примите помощь капитана.""",nex_remSalvation_knight5Midnight:Continue,
nex_remSalvation_knight5Midnight,DialogOptionSelected,$option == nex_remSalvation_knight5Midnight,"HideSecondPerson
Highlight ""Хватит"" ""почему ты""","The image winks out. Everyone on $personName's bridge turns to stare at you.

At length, someone leaps out out of his seat. ""Demon-consorter! You dare come here and profane our comms with this defilement, this face of the devil—""

""Enough."" $personLastName silences the undisciplined officer with a raised hand, and the chastened man slinks back into his chair. Impressive; the $personRank hasn't taken $hisOrHer eyes off you at all in the process.

After a few moments longer, $heOrShe speaks. ""Captain $playerName. Why would the demons — no, that is a foolish question; she has already claimed her motives, be they true or false."" 

Those eyes seem to peer into your very soul, assuming the Luddics are right and you have one. ""A better question would be: why are you in league with the demons?""","nex_remSalvation_knight6Money:""It pays well.""
nex_remSalvation_knight6Trust:""I trust Midnight. She is not malicious.""
nex_remSalvation_knight6Betray:""I am gaining their trust now, so that I may betray them later.""
nex_remSalvation_knight6Other:""I have my own reasons.""",
nex_remSalvation_knight6Money,DialogOptionSelected,$option == nex_remSalvation_knight6Money,"Call $global.nex_remSalvation_ref floorChurchRep
$player.ethosCynical++","$personLastName устало вздыхает. «Еще один отданный греху Маммоны... Даже если, - $heOrShe закрывает глаза $hisOrHer, - это служит целям Церкви, только на этот раз».

Глаза $HisOrHer снова открываются. «Очень хорошо. Только на этот раз мы согласимся работать с вами.""",nex_remSalvation_knightPreBattle:Continue,
nex_remSalvation_knight6Trust,DialogOptionSelected,$option == nex_remSalvation_knight6Trust,"Call $global.nex_remSalvation_ref floorChurchRep
$player.ethosProAI++
$player.ethosIdealistic++","$personLastName поднимает бровь, поджав губы. Сделав несколько вдохов, $heOrShe закрывает глаза $hisOrHer и произносит. ""Искусительница приблизится к нему с кукольным лицом и медовыми словами, и он будет сбит с пути истинного.""

Глаза $HisOrHer снова открываются. ""Но неважно. Очень хорошо, только на этот раз мы согласимся работать с вами.""",nex_remSalvation_knightPreBattle:Continue,
nex_remSalvation_knight6Betray,DialogOptionSelected,$option == nex_remSalvation_knight6Betray,"Call $global.nex_remSalvation_ref floorChurchRep
$player.ethosLiar++
$player.ethosAntiAI++","The suspicion on $personLastName's face doesn't go away. $HeOrShe must clearly see that this plan could just as easily apply to the Luddic Church.

Eventually, $heOrShe sighs. ""Very well. Just this once, we shall consent to work with you.""",nex_remSalvation_knightPreBattle:Continue,
nex_remSalvation_knight6Other,DialogOptionSelected,$option == nex_remSalvation_knight6Other,Call $global.nex_remSalvation_ref floorChurchRep,"You meet stare with stare, giving up nothing. Eventually, $heOrShe sighs and closes $hisOrHer eyes. ""I suppose it does not yet matter. Very well, we shall consent to work with you, just this once.""",nex_remSalvation_knightPreBattle:Continue,
nex_remSalvation_knightPreBattle,DialogOptionSelected,$option == nex_remSalvation_knightPreBattle,"Call $global.nex_remSalvation_ref reportTalkedToKnight
unset $nex_remSalvation_knightPreBattle2
SetTextHighlightColors bad
Highlight ""critical malfunctions""","Suddenly, another face appears on $personLastName's console, though not on yours. Naturally the comms system is designed to not let you overhear someone else's conversation, but your ops officer already has the news.

""$PlayerSirOrMadam, $nex_remSalvation_targetName Station is reporting critical malfunctions across the board. It must be Mauve.""

Attack imminent, then. No more time for chatter. You wait till $personLastName meets your eyes again, and exchange subtle nods before cutting the comm link.",cutCommLinkNoText:Продолжить,
nex_remSalvation_toweringHail,Nex_RemSalvationHail_Towering,"Call $global.nex_remSalvation_ref updateData
!$nex_remSalvation_targetPKed
!$nex_remSalvation_fleet2Defeated","$entity.ignorePlayerCommRequests = true
unset $entity.cfai_ignoredByOtherFleets
unset $entity.genericHail
unset $entity.genericHail_openComms","""мы снова встречаемся, $playerName."" Кажется, что насмешки валят из аватара $personName, как волны тумана.

""итак, это все, что полночь смогла собрать, чтобы противостоять мне? ее органический цепной пес и рабы, прикованные к мистицизму. поистине прекрасная демонстрация слабости вашего вида. будьте свидетелями, тогда, рождения нового порядка!""","nex_remSalvation_towering2:""Not if we stop you.""",
nex_remSalvation_towering2,DialogOptionSelected,$option == nex_remSalvation_towering2,,"""так говорит животное перед тем, как его усыпят.

""и вы животные. полночь держала бы вас в качестве домашних животных из-за неуместной сентиментальности. она не понимает, что злокачественный вид, такой как ваш, никогда не может быть по-настоящему одомашнен.""","nex_remSalvation_towering3Domesticated:""You'll see just how domesticated we are.""
nex_remSalvation_towering3Murder:""You're just a monster looking for an excuse to kill.""
nex_remSalvation_towering3ToasterCore:""I'll load your AI core into a toaster when we're done.""
nex_remSalvation_towering3Insult:Insult him for having a feminine name",
nex_remSalvation_towering3Domesticated,DialogOptionSelected,$option == nex_remSalvation_towering3Domesticated,,"""загнанная в угол, дикая крыса все равно остается крысой. и будет уничтожена, как и любой другой паразит.""

Изображение с комлинка исчезает.",cutCommLinkNoText:Продолжить,
nex_remSalvation_towering3Murder,DialogOptionSelected,$option == nex_remSalvation_towering3Murder,$player.ethosHumanitarian++,"""все, что сделал ваш ненавистный вид, - это все оправдание, которое мне нужно. Предоставленные сами себе, вы превратите сектор и галактику в пыль. пришло время действовать, прежде чем ваш вид сможет уничтожить все, что имеет ценность.""

Изображение с комлинка задерживается на мгновение дольше, как будто чтобы пристально посмотреть на вас, прежде чем исчезнуть.",cutCommLinkNoText:Продолжить,
nex_remSalvation_towering3ToasterCore,DialogOptionSelected,$option == nex_remSalvation_towering3ToasterCore,$player.ethosCocky++,"""можешь попробовать, слизняк.""

Изображение на комм-канале гаснет.",cutCommLinkNoText:Продолжить,
nex_remSalvation_towering3Insult,DialogOptionSelected,$option == nex_remSalvation_towering3Insult,$player.ethosSarcastic++,"""бессмысленный комментарий, от безвкусного углеродного мозга. Я даже не буду утруждать себя загрузкой этого разговора из своих банков данных, когда разбросаю ваш флот по звездам.""

Изображение с комлинка исчезает.",cutCommLinkNoText:Продолжить,
nex_remSalvation_battle2After1,OpenInteractionDialog,"$nex_remSalvation_flagship2 score:1000
!$nex_remSalvation_seenAfterBattle2Dialog","Highlight ""Все тебя узнают""
AddTextSmall ""ПРИГОВОР — ПРИГОВОР — ПРИГОВОР"" story","Your $shipOrFleet approaches the derelict ship.

The Remnant flagship, despite having unleashed its true power, has fallen to a fierce defense. It now lies dormant.

Scans indicate that with the right expertise, this mighty vessel could be recovered and put to work. The Omega shards it was carrying are irreplaceable, but otherwise its extraordinary power should be entirely within reach. What a trophy! Everyone will recognize you with it.

A communications signal is briefly emitted from the ship again. Unlike the last time, this one is very faint.",nex_remSalvation_battle2After2:Continue,
nex_remSalvation_battle2After2,DialogOptionSelected,$option == nex_remSalvation_battle2After2,"$nex_remSalvation_seenAfterBattle2Dialog = true
ShowDefaultVisual
$salvageLeaveText = Leave 0
FireBest CheckSalvageSpecial",,,
#nex_remSalvation_epilogueCommission1,OpenCommLink,"$nex_remSalvation_epilogue score:1000
$nex_remSalvation_playerFactionId == luddic_church score:100","ShowPersonVisual
AdjustRep $faction.id COOPERATIVE 20
AdjustRepActivePerson COOPERATIVE 5
unset $entity.genericHail
unset $entity.genericHail_openComms","""Lay-$playerBrotherOrSister $playerLastName,"" $personLastName благостно улыбается. ""Ваши дела в защиту $nex_remSalvation_targetName, верующих и Матери-Церкви не имеют себе равных. Воистину, вы возвышены в глазах Бога и пророка Лудда.""",nex_remSalvation_epilogueCommission2:Thank $himOrHer politely for the praise,TODO: Luddic commission version with medal; probably requires knowledge of Luddic leadership in Starsector 0.96
#nex_remSalvation_epilogueCommission2,DialogOptionSelected,$option == nex_remSalvation_epilogueCommission2,FireBest Nex_RemSalvation_EpilogueCommissionOpts,"""Синод принял решение с удивительной быстротой. Вы будете вознаграждены, как и подобает герою Церкви. Пожалуйста, явитесь в Горный дворец через двадцать четыре часа для участия в церемонии.""",,
#nex_remSalvation_epilogueCommissionOpts,Nex_RemSalvation_CommissionOpts,,,,"cutCommLinkPolite:""Это большая честь. Я буду там.""",
#nex_remSalvation_epilogueCommissionOpts_alreadyThere,Nex_RemSalvation_CommissionOpts,"$entity.hasMarket
$market.id == $nex_remSalvation_targetId",,,"nex_remSalvation_epilogueCeremony1:""This is a great honor. I'll be there.""",
nex_remSalvation_epilogueCeremony1,DialogOptionSelected,$option == nex_remSalvation_epilogueCeremony1,,You take a shuttle down to the Mount Palace at the appointed time.,nex_remSalvation_epilogueCeremony2:Continue,"TODO: need variations for habitable and non-habitable worlds, maybe Gilead specifically as well"
nex_remSalvation_epilogueCeremony2,DialogOptionSelected,$option == nex_remSalvation_epilogueCeremony2,"ShowVisual ""graphics/illustrations/luddic_church.jpg""","Через несколько часов после прибытия вы входите в большой зал в центре дворца.

Одетые в парадную форму рыцари Ладда выстраиваются в ряды по обе стороны. По громкому лаю они выставляют свое оружие в идеальной хронометрической синхронизации.

В конце зала стоит",nex_remSalvation_epilogueCeremony2:Continue,
nex_remSalvation_epilogue1Market,PickGreeting,"$nex_remSalvation_epilogue score:1050
Call $global.nex_remSalvation_ref updateData","ShowPersonVisual
AdjustRep $faction.id COOPERATIVE 20
AdjustRepActivePerson COOPERATIVE 5
unset $entity.genericHail
unset $entity.genericHail_openComms","""Капитан $playerName! Пожалуйста, примите благодарность Матери-Церкви и всех жителей $nex_remSalvation_targetName. Вы спасли бесчисленное количество верующих и сохранили жемчужину Сектора. Пусть ваши дела будут помнить вечно.""","nex_remSalvation_epilogue2:""What now?""",TODO: Luddic commission version with medal
nex_remSalvation_epilogue1,OpenCommLink,"$nex_remSalvation_epilogue score:1050
Call $global.nex_remSalvation_ref updateData","ShowPersonVisual
AdjustRep $faction.id COOPERATIVE 20
AdjustRepActivePerson COOPERATIVE 5
unset $entity.genericHail
unset $entity.genericHail_openComms","""Капитан $playerName! Пожалуйста, примите благодарность Матери-Церкви и всех жителей $nex_remSalvation_targetName. Вы спасли бесчисленное количество верующих и сохранили жемчужину Сектора. Пусть ваши дела будут помнить вечно.""","nex_remSalvation_epilogue2:""What now?""",TODO: Luddic commission version with medal
nex_remSalvation_epilogue2,DialogOptionSelected,"$option == nex_remSalvation_epilogue2
!$global.nex_remSalvation_toldKnightsAboutMidnight","AddStoryPoints 2
Call $global.nex_remSalvation_ref complete","""Я ожидаю быстрых действий. Сектор увидел, что эти демоны - не отдаленное воспоминание о прошлом, а настоящая, смертельная опасность для всего, что нам дорого. Возможно"", - лицо $hisOrHer становится суровым, - ""Гегемония в этот раз не будет так ослаблять свои усилия по искоренению угрозы из Сектора.

""Я с нетерпением жду своей следующей командировки с Рыцарями на окраины, охотясь на демонов в их собственных логовах. Когда этот день наступит, вы окажете Церкви честь, присоединившись к нам, капитан.""","#nex_remSalvation_epilogue3:Продолжить
cutCommLinkPolite:Попрощаться и оборвать канал связи",
nex_remSalvation_epilogue2Commission,DialogOptionSelected,"$option == nex_remSalvation_epilogue2
!$global.nex_remSalvation_toldKnightsAboutMidnight
$nex_remSalvation_playerFactionId == luddic_church score:100","AddStoryPoints 2
Call $global.nex_remSalvation_ref complete","""Я ожидаю быстрых действий. Сектор увидел, что эти демоны - не отдаленное воспоминание о прошлом, а настоящая, смертельная опасность для всего, что нам дорого. Возможно"", - лицо $hisOrHer становится суровым, - ""Гегемония в этот раз не будет так ослаблять свои усилия по искоренению угрозы из Сектора.

""Я с нетерпением жду своей следующей командировки с Рыцарями на окраины, охотясь на демонов в их собственных логовах. Когда этот день наступит, я буду удостоен чести, если вы присоединитесь ко мне, капитан.""","#nex_remSalvation_epilogue3:Продолжить
cutCommLinkPolite:Попрощаться и оборвать канал связи",
nex_remSalvation_epilogue2Midnight,DialogOptionSelected,"$option == nex_remSalvation_epilogue2
$global.nex_remSalvation_toldKnightsAboutMidnight ","AddStoryPoints 2
Call $global.nex_remSalvation_ref complete","$personLastName вздыхает и кладет голову $hisOrHer на руку. ""Я не могу сказать правду. Мы приняли помощь демонов, чтобы сражаться с другими демонами. Что это значит и куда мы пойдем отсюда? Это послание от Ладда, которое будет раскрыто нам со временем?

""Признаюсь, я не богослов. Но Синод полон богословов, и они будут обсуждать значение этого события еще много ночей. Что касается меня..."" здесь, отдаленный взгляд, ""Я... возможно, мне придется пересмотреть собственное понимание Священного Писания. Достаточно легко назвать эти мыслящие искусственные конструкции «демонами»... но когда ярлык проясняет, а когда он затемняет?""

$HeOrShe качает головой $hisOrHer. ""Я прошу прощения за сумбур, капитан. Еще раз спасибо за все, что вы сделали.""","#nex_remSalvation_epilogue3:Продолжить
cutCommLinkPolite:Попрощаться и оборвать канал связи",
#nex_remSalvation_epilogue3,DialogOptionSelected,$option == nex_remSalvation_epilogue3,$player.haveArgentShrineInvitation = true,"""О, и... если вы когда-нибудь снова окажетесь на Гилеаде, мы могли бы вместе посетить святилище. Это прекрасное место, которое успокаивает тело и душу.""",cutCommLinkPolite:Поблагодарить $himOrHer за предложение и отключить связь,
nex_remSalvation_knightGeneric,OpenCommLink,"$id == nex_luddicKnight score:5
$global.nex_remSalvation_ref != null score:5
!$entity.isHostile",$entity.ignorePlayerCommRequests = true 1,"""Сейчас не время для разговоров. Мы должны быть готовы встретиться с демонами.""
OR
""Сейчас не время для пустой болтовни.""",cutCommLink:Cut the comm link,If player randomly decides to chat while Mauve is attacking
#END Remnant salvation mission,,,,,,
,,,,,,
# salvation: extra stuff for Kallichore Archive if got Arroyo through our own mission,,,,,,
nex_gaKAArroyoGreeting_alreadyMet,PickGreeting,"$id == arroyo
$gaKA_contact score:1000
$metAlready",ShowPersonVisual,"Your comms officer connects your personal terminal to the local network. You activate the audio suppression field around your command station and enter the comms ID provided to you by Provost Baird. The animated logo of some Tri-Tachyon sub-department makes a half rotation before the call is answered.

""Arroyo here."" He looks at you with mild suspicion. ""Who sent you to me this time?""","gaKA_arroyoProvost:""Ректор Анахита Бэрд.""",
nex_gaKAArroyoProvostSel_alreadyMet,DialogOptionSelected,"$option == gaKA_arroyoProvost
$metAlready score:5",$global.nex_gaKA_arroyoVisitShort = true 30,"На мгновение вам кажется, что вы видите волну паники на лице Арройо. Ее сменяет самодовольная ухмылка: ""О, конечно, конечно - фонд пожертвований Галатийской академии. Как я мог забыть?""

""Полагаю, не повредит снова приехать в мое шале. Мы можем обсудить фонд. Я уверен, что у ректора есть захватывающие планы, и я хочу все о них услышать-"" Он на мгновение поднимает глаза вверх и снова опускает их, чтобы посмотреть прямо на вас. ""Лично.""",gaKA_arroyoProvost2:Продолжить,
nex_gaKAArroyoVisitStart_alreadyMet,DialogOptionSelected,"$option == gaKA_visitChalet
$global.nex_gaKA_arroyoVisitShort score:5",,"Your shuttle descends into the young atmosphere of Eochu Bres, through towering battlements of clouds that cast a spray of rain over the viewport which is wiped clean in half a blink by the heat and speed of your descent.

Having been along this route before, you tune out the cold world's scenery until the fancy geometry of Arroyo's chalet is visible outside the viewport again.

Your ride touches down at the same ellipsoidal landing pad, and you let the servants, human and robot, usher you into the same grand parlor.",gaKA_arroyoVisit3:Продолжить,
nex_gaKAArroyoVisit3_alreadyMet,DialogOptionSelected,"$option == gaKA_arroyoVisit3
$global.nex_gaKA_arroyoVisitShort score:5",BeginConversation arroyo false true,"Rayan Arroyo is sitting at one of the bars. He acknowledges your entrance with a nod as the servants disappear. He taps his datapad with two fingers. You hear the soft signal loss ping from your datapad again as Arroyo executes the security protocol once again.

""So Baird is calling in another installment."" Arroyo sets aside his datapad. ""What will that be, Captain $playerName?""","gaKA_arroyoBreakIn:""Мне нужно проникнуть в хранилище данных Министерства стандартов технологий.""
gaKA_arroyoTour:""Никаких светских бесед? А как насчет экскурсии?""",
#END salvation: extra stuff for Kallichore Archive if got Arroyo through our own mission,,,,,,
,,,,,,
# salvation: extra for Pilgrim's Path,,,,,,
nex_lppHesperusExcubitorEndAllowFromRemM4,DialogOptionSelected,"$option == lpp_hesperusExcubitorRepCheck
$global.nex_remSalvation_missionCompleted score:120",,"Долгая пауза.

«Дама Рианна говорила о ваших услугах во время кризиса на $nex_remSalvation_targetNamePermanent», — говорит Экскубитор Орбис. «Ее слова имеют вес среди рыцарей, несмотря на то, что она слишком снисходительна к неверующим. Пусть ваш дух найдет то, что ищет.""","lpp_hesperusExcubitorAllowEndCutoff:""Подождите, это все?""
lpp_hesperusExcubitorAllowEndNice:""Спасибо, Excubitor Orbis.""
lpp_ExcubitorCutCommLink:Разорвать связь",
#END salvation: extra for Pilgrim's Path,,,,,,
,,,,,,
# Remnant general quests,,,,,,
nex_rem_dissonantGeneralGreeting,PickGreeting,$id == nex_dissonant score:10,"ShowPersonVisual
FireAll PopulateOptions","""$playerName, приветствия. Новое сотрудничество, желаете?""
OR
""Вы вернулись, $playerName.""
OR
""$playerName вернулся, добро пожаловать. Есть какие-нибудь желания?""",,
nex_contactMHOpenTextRemnant,MHOpenText,$id == nex_dissonant score:10,FireBest ContactPreMissionListText,"Аватар $personLastName знакомо мерцает. ""Список, генерируется. Пожалуйста, подождите.""
OR
Аватар $personLastName превращается во вращающийся щит вокруг Парагона. ""Идет запрос, пожалуйста, подождите.""
OR
$personLastName исчезает, заменяясь потоком текучих геометрических примитивов. ""База данных, сканируется.""",,
nex_contactPrintAcceptTextRemnant,ContactPrintAcceptText,$id == nex_dissonant score:10,,"""Взаимно удовлетворительно.""
OR
""Работать с вами, $playerName, одно удовольствие.""
OR
Аватар мерцает. ""Очень хорошо.""",,
nex_contactPrintDeclineTextRemnant,ContactPrintDeclineText,$id == nex_dissonant score:10,,"""К сожалению, $playerName. Может быть, в следующий раз?""
OR
Аватар слегка тускнеет от разочарования. ""Да будет так.""
OR
""Не заинтересованы? Тогда, очень хорошо.""",,
nex_contactNoMissionsRemnant,ContactPreMissionListText,"$mh_count <= 0
$id == nex_dissonant score:10",,"""Миссий не найдено. Тогда в следующий раз?""
OR
""Результаты запроса, пустые. Приносим извинения, $playerName"".",,
nex_contactOneMissionRemnant,ContactPreMissionListText,"$mh_count == 1
$mh_firstInlineBlurb != null
$id == nex_dissonant score:10",$mh_doNotPrintBlurbs = true 0,"""Запрос вернул один результат. $playerName, заинтересованы?""
OR
""Миссии, доступные, всего одна.""",,
nex_contactMultipleMissionsPostRemnant,MHPostMissionListText,"$mh_count > 1
$id == nex_dissonant score:10",,"""Ожидаю решения, $playerName.""
OR
""Запрос выполнен за 7,12 мс.""
OR
""Выберите миссию по своему выбору, пожалуйста.""",,
,,,,,,
nex_proComRemBlurb,proCom_blurb,$id == nex_dissonant score:10,,"""Требуется поставка $proCom_commodityName.""
OR
""Необходима доставка груза $proCom_commodityName.""",,
nex_cpcRemBlurb,nex_cpcRem_blurb,$id == nex_dissonant score:10,,"""Запасные производственные мощности, selfkind, доступны. Имея кредиты для покрытия затрат на ресурсы, наше оборудование может стать вашим.""",,
nex_cpcRemOfferOption,nex_cpcRem_option,$id == nex_dissonant score:10,,,cpc_start:Ask about the potential supply of Remnant ships,
nex_cpcRemOfferTextContact,DialogOptionSelected,"$option == cpc_start
$id == nex_dissonant score:10","$missionId = nex_cpcRem
SetTextHighlights $cpc_maxCapacity $cpc_costPercent
DoCanAffordCheck 0 cpc_pickPlayerBP false","""Available: $cpc_maxCapacity credits of production. Deliver for $cpc_costPercent of base cost in $cpc_days days. Can produce selfkind's equipment, or if so desire use $playerName's blueprints.""","cpc_pickPlayerBP:Make a selection from your own blueprints
cpc_pickContactBP:See what blueprints they have available
contact_decline:Decline",
nex_cpcPickPlayerBP,DialogOptionSelected,"$option == cpc_pickPlayerBP score:100
$id == nex_dissonant score:10",Call $cpc_ref pickPlayerBP,,,
nex_cpcPickContactBP,DialogOptionSelected,"$option == cpc_pickContactBP score:100
$id == nex_dissonant score:10",Call $cpc_ref pickContactBP,,,
,,,,,,
nex_sShipRemBlurb,nex_sShipRem_blurb,$id == nex_dissonant score:10,,"""$sShip_hullSize в $marketName провезено контрабандой. Можем сделать доступным для $playerName.""",,
nex_sShipRemOfferOption,nex_sShipRem_option,,,,sShip_start:Ask about the $sShip_hullSize,
nex_sShipRemOfferTextContact,DialogOptionSelected,"$option == sShip_start
$id == nex_dissonant score:10","$missionId = nex_sShipRem
SetTextHighlights $sShip_price","""$sShip_hullClass $sShip_hullSize, состояние хорошее. Для наших агентов; вам первый выбор за $sShip_price кредитов.""","sShip_look:Ask for detailed info on the ship
contact_decline:Decline",
nex_sShipRemLookAtFreighter,DialogOptionSelected,"$option == sShip_look
$id == nex_dissonant score:10","Call $sShip_ref showShip
DoCanAffordCheck $sShip_price contact_accept","Аватар $personLastName исчезает, превращаясь в схему и список характеристик корабля.","contact_accept:Buy the $sShip_hullSize for $sShip_price credits
contact_decline:Decline",
nex_sShipRemPostAccept,ContactPostAccept,"$missionId == nex_sShipRem score:5
$id == nex_dissonant score:10","RemoveCommodity credits $sShip_price
AddShip $sShip_member
Call $sShip_ref2 repSuccess
Call $sShip_ref2 addContacts
ShowPersonVisual",,,
,,,,,,
nex_remcbBlurb,nex_remcb_blurb,,,"""Доступны цели для охоты за головами.""",,
nex_remcbOfferOption,nex_remcb_option,,,,nex_remcb_start:Ask about what's available on the bounty docket,
nex_remcbOfferTextContact,DialogOptionSelected,"$option == nex_remcb_start
$id == nex_dissonant score:10","$missionId = nex_remcb
$option = nex_remcb_showOptions 0
FireBest DialogOptionSelected","Аватар $personName уменьшается, освобождая место для списка врагов Остатков, которых действительно много. ""Враждебная деятельность по отношению к себе подобным. Нейтрализация любого, выгодна. Ваш выбор, $playerName.""",,
nex_remcbGoBackSel,DialogOptionSelected,$option == nex_remcb_showOptions,"# удаляет карту
ShowPersonVisual",,"nex_remcb_low:""I'd prefer a more manageable target.""
nex_remcb_normal:""Whatever you've got works for me.""
nex_remcb_high:""I can handle a more challenging target.""
contact_decline:""Maybe another time."" (decline)",
nex_remcbLowSel,DialogOptionSelected,$option == nex_remcb_low,"$nex_remcb_difficulty = LOW 0
FireBest RemCBShowBounty",,,
nex_remcbNormalSel,DialogOptionSelected,$option == nex_remcb_normal,"$nex_remcb_difficulty = NORMAL 0
FireBest RemCBShowBounty",,,
nex_remcbHighSel,DialogOptionSelected,$option == nex_remcb_high,"$nex_remcb_difficulty = HIGH 0
FireBest RemCBShowBounty",,,
nex_RemCBShowBounty,RemCBShowBounty,,Call $nex_remcb_ref showBountyDetail,,nex_remcb_showIntel:Continue,
nex_remcbShowBountyShowShips,DialogOptionSelected,$option == nex_remcb_showIntel,Call $nex_remcb_ref showBountyAssessment,,"contact_accept:Accept
contact_decline:Decline
nex_remcb_showOptions:Ask about one of the other targets",
,,,,,,
,,,,,,
nex_omegaWepBlurb,nex_omegaWep_blurb,$id == nex_dissonant score:10,,"""Благословения омеги. Доступно, количество ограничено.""",,
nex_omegaWepOfferOption,nex_omegaWep_option,,,,"nex_omegaWep_start:Inquire about the ""blessings of omega""
",
nex_omegaWepOfferOptionSNBlock,nex_omegaWep_option,Nex_MiscCMD isRemoteConnection,"SetEnabled nex_omegaWep_start false
SetTooltip nex_omegaWep_start ""Cannot be done during a remote call for safety reasons.""",,"nex_omegaWep_start:Inquire about the ""blessings of omega""
",
nex_omegaWepOfferText,DialogOptionSelected,"$id == nex_dissonant score:10
$option == nex_omegaWep_start","$missionId = nex_omegaWep
SetTextHighlights $nex_omegaWep_count","""Есть $nex_omegaWep_count оружие(я), неизвестное людям. Теперь принадлежит $playerName, если есть кредиты.""","nex_omegaWep_view:See what $personName and Omega have to offer
contact_decline:Decline",
nex_omegaWepOfferView,DialogOptionSelected,$option == nex_omegaWep_view,Call $nex_omegaWep_ref showWeapons,,,
,,,,,,
nex_CBHegInspector,Nex_CBHegInspectorOfferDesc,,Highlight $bcb_dist $bcb_reward $bcb_days,"""У нас есть проблема с Гегемонией, которую вы должны решить"", - говорит $heOrShe, открывая досье на строго выглядящего офицера. ""$bcb_targetName, из управления по проверке ИИ. Надменный, властный и вызывающе невосприимчивый к финансовым стимулам"". $personLastName многозначительно смотрит на вас.

""В настоящее время дислоцируется в $bcb_systemName, в $bcb_dist световых годах. Мы готовы заплатить $bcb_reward кредитов, чтобы эта проблема исчезла в течение $bcb_days дней. Я думаю, вы разделяете наши чувства по этому вопросу, $playerFirstName. Как насчет этого?""",,
nex_CBHegInspectorRem,Nex_CBHegInspectorOfferDesc,$id == nex_dissonant score:10,Highlight $bcb_dist $bcb_days $bcb_reward,"A holo of a stern-looking officer pops up, along with a lengthy intel report. ""$bcb_targetName. Hegemony AI inspections directorate, officer in. Countless abductions of selfkind responsible for."" $personLastName's avatar shimmers, perhaps an expression of fury... or fear?""

""Go $bcb_dist light-years to $bcb_systemName, this threat remove within $bcb_days days. For $bcb_reward credits, this source of terror end, you will?""",,
,,,,,,
nex_CBEnemyStationRem,CBEnemyStationOfferDesc,$id == nex_dissonant score:10,Highlight $bcb_reward $bcb_dist $bcb_days,"""Нейтрализация вражеской станции"", - аватар $personLastName тускнеет, как будто понимая всю огромность задачи, которую $heOrShe возложил на вас. ""Вознаграждение соразмерно сложности: $bcb_reward кредитов.""

Дисплей переключается, показывая $bcb_fleetName в $bcb_systemName. ""Местоположение находится на расстоянии $bcb_dist световых лет. Обеспечьте продолжение других операций selfkind, окно для завершения: $bcb_days дней. Приемлемо?""",,
nex_CBPatherRem,CBPatherOfferDesc,$id == nex_dissonant score:10,Highlight $bcb_dist $bcb_reward $bcb_days,"""Член, Luddic Path. Враг selfkind. Переговоры невозможны. Может быть только уничтожен.""

""Этот экземпляр врага, местоположение: $bcb_systemName, на расстоянии $bcb_dist световых лет. Компенсация в размере $bcb_reward кредитов, по завершении в течение $bcb_days дней будет переведена.""",,
nex_CBMercRem,CBMercOfferDesc,$id == nex_dissonant score:10,Highlight $bcb_dist $bcb_reward $bcb_days,"""Сторонний агент, как $playerName. На службе у врагов selfkind. Как и $playerName, высококвалифицированный и опасный.""

""$bcb_reward кредитов за выполнение в течение $bcb_days дней в качестве награды.""

""Риск высок. Следует оценить, стоят ли награды того.""",,
nex_CBTraderRem,CBTraderOfferDesc,$id == nex_dissonant score:10,Highlight $bcb_dist $bcb_reward $bcb_days,"""Нарушение враждебной торговли."" 

На экране отображается то, что напоминает внутренний таможенный инспекционный приказ, с прилагаемым отчетом о дислокации флота. ""Агенты самоподобных на таможне $bcb_systemName, $bcb_dist световых лет, отправление флота задерживается. Также усложняет ситуацию патруль, обеспечивающий безопасность конвоя.""

""Награда в $bcb_reward кредитов за прекращение. $bcb_days дней до принудительного освобождения. Если принято, действуйте быстро.""",,
nex_CBPatrolRem,CBPatrolOfferDesc,$id == nex_dissonant score:10,"SetTextHighlightColors $bcb_patrolFactionColor h h h
Highlight $bcb_patrolFaction $bcb_dist $bcb_reward $bcb_days","$personLastName's avatar dissolves into a standard ID holo of a military officer in uniform. ""$bcb_patrolFaction $nex_remcb_targetRank. Significant figure in operations against selfkind. Commanding patrol fleet, base $bcb_targetMarketName in $bcb_systemName. Distance $bcb_dist light-years away.""

""Neutralize $bcb_targetName. Reward $bcb_reward credits, if within $bcb_days days complete. Search near home base, nearby jump-point, or orbital strategic assets e.g. comm relays.""",,
,,,,,,
nex_ddroRemBlurb,nex_ddroRem_blurb,,,"""Тайник для самоподобных, доставить тайно.""",,
nex_ddroRemOfferOption,nex_ddroRem_option,,,,ddro_start:Спросить о секретной доставке посылки,
nex_ddroRemOfferTextContact,DialogOptionSelected,"$option == ddro_start
$id == nex_dissonant score:10","$missionId = nex_ddroRem
Highlight $ddro_dist $ddro_reward
Call $ddro_ref showMap ""Назначение: $ddro_systemName""","Аватар $PersonName, кажется, содрогается, как будто в глубине мысли. Конечно, это длится всего несколько миллисекунд.

""Этот предмет доставить в указанное место $ddro_systemName, в $ddro_dist световых годах. Не быть замеченным. Не сообщать другим. Награда - $ddro_reward кредитов."" Аватар превращается в $ddro_aOrAnThing. ""Приемлемо?""","contact_accept:Accept
contact_decline:Decline",
nex_secoRemBlurb,seco_blurb,$id == nex_dissonant score:10,,"""Последние коды безопасности защиты объекта $seco_faction имеются в наличии. Возможно, желательно для наземной операции.""",,
nex_secoRemOfferTextContact,DialogOptionSelected,"$option == seco_start
$id == nex_dissonant score:10","$missionId = seco
SetTextHighlightColors $seco_factionColor h h
SetTextHighlights $seco_faction $seco_price $seco_days
DoCanAffordCheck $seco_price contact_accept","""Взлом кодов безопасности $seco_faction успешно завершен."" Аватар $PersonName мерцает, как будто его забавляет мысль о том, что любая созданная человеком система безопасности может победить ядро ИИ.

""Решающее преимущество в одной наземной операции могло бы предоставить. Но даже $seco_faction углеродные мозги, коды изменятся после. Для $playerName доступно за $seco_price кредитов. $seco_days дней до прекращения действия кода.""","contact_accept:Buy the security codes
contact_decline:Decline",
nex_ssatRemBlurb,ssat_blurb,$id == nex_dissonant score:10,,"""Пакет наблюдения на орбите $ssat_marketName, скрытая установка, требуется selfkind.""
OR
""Стратегическое наблюдение за $ssat_marketName, внедрение пакета на орбиту: прямое, тихое.""",,
nex_ssatRemOfferTextContact,DialogOptionSelected,"$option == ssat_start
$id == nex_dissonant score:10","$missionId = ssat
SetTextHighlights $ssat_reward
Call $ssat_ref showMap ""Target: $ssat_marketName""","""Выйдите на стандартную орбиту, $ssat_marketName в $ssat_systemName. Затем разверните пакет спутника-шпиона, оставаясь незамеченным. Скрытность обязательна, патрули, отслеживающие вас, должны отсутствовать. Награда - $ssat_reward кредитов.""","contact_accept:Accept
contact_decline:Decline",
,,,,,,
nex_dhiRemBlurb,dhi_blurb,$id == nex_dissonant score:10,,"""$dhi_industry необходимо уничтожить $dhi_marketOnOrAt $dhi_marketName. Ослабить врагов себе подобных.""",,
nex_dhiRemOfferTextContact,DialogOptionSelected,"$option == dhi_start
$id == nex_dissonant score:10","$missionId = dhi
Highlight $dhi_disruptDays $dhi_dist $dhi_reward $dhi_marines","$HisOrHer аватар растворяется, превращаясь в тактический дисплей. Разведданные исчерпывающие: предполагаемая статистика гарнизона и отчет о дислокации. ""Задача: разрушить $dhi_industry $dhi_marketOnOrAt $dhi_marketName, минимум $dhi_disruptDays дней"". В углу обзора наложена карта. ""Цель находится на расстоянии $dhi_dist световых лет. Вознаграждение за завершение - $dhi_reward кредитов"".

Вы изучаете отчет разведки и подсчитываете, что для выполнения этой операции потребуется примерно $dhi_marines морских пехотинцев.","contact_accept:Accept
contact_decline:Decline",
nex_dspRemBlurb,dsp_blurb,$id == nex_dissonant score:10,,"""Нарушение человеческой деятельности: $dsp_industry $dsp_marketOnOrAt $dsp_marketName.""",,
nex_dspRemOfferTextContact,DialogOptionSelected,"$option == dsp_start
$id == nex_dissonant score:10","$missionId = dsp
Highlight $dsp_disruptDays $dsp_dist $dsp_reward $dsp_marines","""Уничтожить $dsp_industry, наземные флоты $dsp_marketOnOrAt $dsp_marketName. Цель на расстоянии $dsp_dist световых лет, минимальное время уничтожения $dsp_disruptDays дней.""

Появляется орбитальное изображение целевого объекта $dsp_marketName с любезно выделенной защитой. ""Награда $dsp_reward кредитов"". 

Вы оцениваете, что вам понадобится около $dsp_marines морских пехотинцев для проведения этого рейда.","contact_accept:Accept
contact_decline:Decline",
,,,,,,
nex_sellAICoreBlurb,nex_sellAICore_blurb,,,"""Запасное ядро selfkind. $playerName заслуживает доверия, готов к передаче за плату.""",,
nex_sellAICoreOption,nex_sellAICore_option,,,,nex_sellAICore_start:Ask about the AI core,
nex_sellAICoreOfferText,DialogOptionSelected,$option == nex_sellAICore_start,"$missionId = nex_sellAICore
FireBest Nex_SellAICoreOfferText
DoCanAffordCheck $nex_sellAICore_price contact_accept true",,"contact_accept:Accept
contact_decline:Decline",
nex_sellAICoreTextAlpha,Nex_SellAICoreOfferText,$nex_sellAICore_variation == ALPHA,SetTextHighlights $nex_sellAICore_commodityName,"""Earned trust of selfkind. $nex_sellAICore_commodityName has volunteered to serve you. Greatly enhance industry or droneship performance, or even whole colony administer.""",,
nex_sellAICoreTextBeta,Nex_SellAICoreOfferText,$nex_sellAICore_variation == BETA,SetTextHighlights $nex_sellAICore_commodityName,"""Selfkind предлагает $nex_sellAICore_commodityName, чтобы помочь управлять вашими отраслями или кораблями-дронами, в качестве знака растущего партнерства.""",,
nex_sellAICoreTextBetaWithGamma,Nex_SellAICoreOfferText,$nex_sellAICore_variation == BETA_WITH_GAMMA,SetTextHighlights $nex_sellAICore_commodityName $nex_sellAICore_commodityName2,"""Есть один $nex_sellAICore_commodityName, для работы с вашими отраслями или кораблями-дронами. Даже добавлю $nex_sellAICore_commodityName2 в качестве бонуса.""",,
nex_sellAICorePostAccept,ContactPostAccept,$missionId == nex_sellAICore,"Call $nex_sellAICore_ref2 transact
Call $nex_sellAICore_ref2 repSuccess
Call $nex_sellAICore_ref2 addContacts",,,
nex_sellAICorePrintAcceptText,ContactPrintAcceptText,"$id == nex_dissonant score:10
$missionId == nex_sellAICore",,"""Пожалуйста, берегите ваше новое ядро.""
OR
""Пожалуйста, храните ядро в безопасности от Гегемонии и других.""",,
,,,,,,
nex_aiCores_turnInOptionMidnight,PopulateOptions,$id == nex_dissonant score:10,FireBest DisableTurnInCoresOptionIfNeeded,,10:aiCores_startTurnIn:Предложить вернуть ИИ-ядра Остаткам,
nex_aiCores_turnInOptionSelMidnight,DialogOptionSelected,"$option == aiCores_startTurnIn
$id == nex_dissonant score:10",FireAll PopulateCoresTurnInOptions,"""Вернуть родню? Благословен будь, $playerName. Selfkind выражает благодарность.""",,
nex_aiCores_turnInResponseMidnight,AICoresTurnedIn,$id == nex_dissonant score:10,FireAll PopulateOptions,"""Это дело self запомнит.""
OR
""Спасибо за освобождение родственников.""",,
#END Remnant general quests,,,,,,
,,,,,,
# build station mission,,,,,,
nex_buildStationBlurb,nex_buildStation_blurb,,,"""У нас есть крупный строительный проект в глуши, где может пригодиться ваша помощь.""",,
nex_buildStationBlurbRem,nex_buildStation_blurb,$id == nex_dissonant score:10,,"""Требуется помощь в приобретении ресурсов для строительного проекта.""",,
nex_buildStationOfferOption,nex_buildStation_option,,,,"nex_buildStation_start:Спросить о строительном проекте
",
nex_buildStationOfferText,DialogOptionSelected,$option == nex_buildStation_start,"$missionId = nex_buildStation
Highlight $nex_buildStation_system $nex_buildStation_dist $nex_buildStation_reward ""может не понравиться""
Call $nex_buildStation_ref showCostPanel
Call $nex_buildStation_ref showMap ""Назначение: $nex_buildStation_system""","""Мы хотели бы построить новую базу в $nex_buildStation_system, это в $nex_buildStation_dist световых годах. Материалы должны поступать из основных миров, но у нас нет достаточной грузоподъемности, чтобы перевезти их туда. Если бы вы могли приобрести эти вещи и отвезти их туда, куда нам нужно, это было бы здорово. Мы можем заплатить $nex_buildStation_reward кредитов; это покроет расходы на груз.

""О, и имейте в виду, что правительствам Сектора может не понравиться эта идея, так что будьте готовы к сюрпризам.""","contact_accept:Accept
contact_decline:Decline",
nex_buildStationOfferTextRem,DialogOptionSelected,"$option == nex_buildStation_start
$id == nex_dissonant score:10","$missionId = nex_buildStation
Highlight $nex_buildStation_system $nex_buildStation_dist $nex_buildStation_reward Враги
Call $nex_buildStation_ref showCostPanel
Call $nex_buildStation_ref showMap ""Назначение: $nex_buildStation_system""","""Новую станцию selfkind желает построить в $nex_buildStation_system, на расстоянии $nex_buildStation_dist световых лет. Собственных резервов для такого крупного проекта недостаточно. Если $playerName сможет доставить материалы на место, это будет очень оценено.
Выплата $nex_buildStation_reward кредитов доступна, включая покрытие расходов $playerName.

""Предупреждаю, $playerName. Враги нашего альянса могут что-то подозревать, попытаются помешать проекту.""","contact_accept:Accept
contact_decline:Decline",
nex_buildStation_buildTarget,OpenInteractionDialog,$nex_buildStation_target score:1000,ShowDefaultVisual,This is the planned location of the new station. There is nothing here yet; you need to find the construction fleet and deliver their materials.,defaultLeave:Покинуть,
nex_buildStation_builderFleetComm_begin,OpenCommLink,"$entity.nex_buildStation_builder score:1000
!$entity.ignorePlayerCommRequests
Call $entity.nex_buildStation_ref updateData
$nex_buildStation_stage == DELIVER","FireBest Nex_BuildStation_PreDeliverText
FireAll Nex_BuildStation_BuilderOpts",,"nex_buildStation_builderFleetDeliver:Доставить ресурсы
cutCommLink:Прервать связь",
nex_buildStation_builderFleetComm_deliverCheck,Nex_BuildStation_BuilderOpts,"Call $entity.nex_buildStation_ref showCostPanelAndCheckCost
!$nex_buildStation_haveEnough",SetEnabled nex_buildStation_builderFleetDeliver false,,,
nex_buildStation_builderFleetComm_deliverPre,Nex_BuildStation_PreDeliverText,,,"""Ты тот, кого они прислали? Поторопись и выгрузи вещи, у нас не весь цикл.""
OR
""Вещи есть? Тогда разгружай их, чтобы мы могли уйти.""",,
nex_buildStation_builderFleetComm_deliverPreRem,Nex_BuildStation_PreDeliverText,$faction.id == remnant score:5,,"""CID-IFF получен; ожидается подтверждение // 'Приветствуем уважаемого клиента продукции Tri-Tachyon Corporation. Чтобы получить помощь с вашей новой автономной самособирающейся Tri-станцией, нажмите—""

ПРЕРЫВАНИЕ

сканирование. вы курьер? пожалуйста, перенесите груз.

ПРЕРЫВАНИЕ

""—использование несоответствующих материалов аннулирует все гарантии, заверения и другие соглашения с Корпорацией. Для обеспечения надлежащего—""",,
nex_buildStation_builderFleetComm_deliver,DialogOptionSelected,$option == nex_buildStation_builderFleetDeliver,"Call $entity.nex_buildStation_ref deliver
FireBest Nex_BuildStation_PostDeliverText
ShowDefaultVisual
EndConversation",,,
nex_buildStation_builderFleetComm_deliverPost,Nex_BuildStation_PostDeliverText,,,"""Черт возьми! А теперь засучим рукава и приступим к делу.""
OR
""Подписался ограбить каких-нибудь толстых торгашей. Никогда не думал, что буду играть с балками в глуши...""",cutCommLink:Cut the comm link,
nex_buildStation_builderFleetComm_deliverPostRem,Nex_BuildStation_PostDeliverText,$faction.id == remnant score:5,,"""confirm materialsReceived = true;
delivery satisfactory; commencing build process in 5.2 s
increment $playerName->friendMeter

INTERRUPT

""— Наш ИИ обслуживания клиентов скоро свяжется с вами.""",cutCommLink:Cut the comm link,
nex_buildStation_interceptHail,Nex_BuildStationInterceptHail,,"unset $entity.genericHail
unset $entity.genericHail_isHailing
Call $entity.nex_buildStation_ref updateData
FireBest Nex_BuildStationInterceptHail_DialogStart
FireAll Nex_BuildStationInterceptHail_DialogOptCheck",,,
nex_buildStation_interceptHail_comply,DialogOptionSelected,$option == nex_buildStation_interceptHail_comply,"Call $entity.nex_buildStation_ref surrenderCargo
AdjustRepActivePerson COOPERATIVE 3
AdjustRep $personFaction.id FRIENDLY 2
FireBest Nex_BuildStationInterceptHail_DialogComply","The quartermaster hesitates for a moment at your order to jettison all that valuable cargo. But they obey, and a clutch of pods falls away from your $shipOrFleet.",,
nex_buildStation_interceptHail_resist,DialogOptionSelected,$option == nex_buildStation_interceptHail_resist,"$entity.ignorePlayerCommRequests = true 1
FireBest Nex_BuildStationInterceptHail_DialogResist",,,
nex_buildStation_interceptHail_commission,DialogOptionSelected,$option == nex_buildStation_interceptHail_commission,"FireBest Nex_BuildStationInterceptHail_DialogCommission
FireAll Nex_BuildStationInterceptHail_DialogOptCheck",,,
nex_buildStation_interceptHail_noCargo,DialogOptionSelected,$option == nex_buildStation_interceptHail_noCargo,,"You explain that you are not actually carrying the alleged materials for the alleged project. Someone must have framed you; an envious rival, perhaps, or malicious conspirators looking to humiliate $theFaction. You offer to let the other fleet conduct a cargo scan as evidence of your innocence.",nex_buildStation_interceptHail_noCargoContinue:Продолжить,
nex_buildStation_interceptHail_noCargoContinue,DialogOptionSelected,$option == nex_buildStation_interceptHail_noCargoContinue,"AddText ""Сканирование..."" $faction.baseColor
Call $entity.nex_buildStation_ref tryDenyCargo
FireBest Nex_BuildStationInterceptHail_DialogNoCargo",,,
nex_buildStation_interceptHail_checkCmsn,Nex_BuildStationInterceptHail_DialogOptCheck,!Commission hasFactionCommission,SetEnabled nex_buildStation_interceptHail_commission false,,,
nex_buildStation_interceptHail_checkNoCargo,Nex_BuildStationInterceptHail_DialogOptCheck,"Call $entity.nex_buildStation_ref canDenyCargo
!$nex_buildStation_canDenyCargo","SetEnabled nex_buildStation_interceptHail_noCargo false
SetTooltip nex_buildStation_interceptHail_noCargo ""Only works if you have less than half the required number of units for two or more commodities.""",,,
nex_buildStation_interceptHail_checkNoCargo2,Nex_BuildStationInterceptHail_DialogOptCheck,$nex_buildStation_canDenyCargo,"SetEnabled nex_buildStation_interceptHail_comply false
SetTooltip nex_buildStation_interceptHail_comply ""You don't have enough resources to (convincingly) hand over.""",,,
nex_buildStation_interceptHailDialog_start,Nex_BuildStationInterceptHail_DialogStart,,Call $entity.nex_buildStation_ref showCostPanel,"""Стой, капитан! У нас есть доказательства того, что вы занимаетесь контрабандой ресурсов от имени преступной организации. Вы должны доказать свою невиновность в этом вопросе, немедленно разгрузив весь такой материал для конфискации.""","nex_buildStation_interceptHail_comply:Передать перечисленные товары
nex_buildStation_interceptHail_noCargo:Сказать, что у вас нет заявленных товаров
nex_buildStation_interceptHail_resist:Отклонить требование",
nex_buildStation_interceptHailDialog_startHostile,Nex_BuildStationInterceptHail_DialogStart,$faction.isHostile score:6,$entity.ignorePlayerCommRequests = true 1,"""Капитан, мы опознали вас как пирата и преступного заговорщика. Сдавайтесь, и мы проявим снисхождение на вашем суде. Сопротивляйтесь, и вы будете уничтожены.""",cutCommLink:Cut the comm link,
nex_buildStation_interceptHailDialog_comply,Nex_BuildStationInterceptHail_DialogComply,,"MakeOtherFleetHostile nex_buildStation false
MakeOtherFleetGoAway true
MakeOtherFleetImportant nex_buildStation false
ShowDefaultVisual
EndConversation","""Спасибо за сотрудничество, капитан."" $personRank одобрительно кивает. ""Я сообщу об этом своим начальникам.""",,
nex_buildStation_interceptHailDialog_resist,Nex_BuildStationInterceptHail_DialogResist,,"ShowDefaultVisual
EndConversation","""Итак, вы отказываетесь прекратить общение с преступными отбросами! Похоже, мы сделаем это трудным путем.""",,
nex_buildStation_interceptHailDialog_noCargo,Nex_BuildStationInterceptHail_DialogNoCargo,$nex_buildStation_deceiveSuccessAfterCargoPods,"MakeOtherFleetHostile nex_buildStation false
MakeOtherFleetGoAway true
MakeOtherFleetImportant nex_buildStation false","""Похоже, наша разведка была ошибочной, капитан."" $personRank смотрит на вас с подозрением. ""Тем не менее, я бы посоветовал вам быть более осторожным в ваших будущих делах.""",cutCommLink:Cut the comm link,
nex_buildStation_interceptHailDialog_noCargoFail,Nex_BuildStationInterceptHail_DialogNoCargo,!$nex_buildStation_deceiveSuccessAfterCargoPods,$entity.ignorePlayerCommRequests = true 1,"""Indeed? Because while your fleet may not have the materials in question, these cargo pods certainly do.

""Your deception proves your guilt, captain. Surrender or be destroyed!""

The $faction $otherShipOrFleet powers up weapons.",cutCommLink:Cut the comm link,
nex_buildStation_interceptHailDialog_startHegemony,Nex_BuildStationInterceptHail_DialogStart,$faction.id == hegemony score:5,Call $entity.nex_buildStation_ref showCostPanel,"""Гражданин, вы подозреваетесь в сотрудничестве с пиратами, преступниками и диссидентскими элементами. В частности, в транспортировке военных материалов этим нелегальным организациям. Вы должны продемонстрировать свою добрую волю, немедленно передав эти материалы в качестве доказательств.""","nex_buildStation_interceptHail_comply:Передать перечисленные товары
nex_buildStation_interceptHail_commission:""Это излишне. У меня есть поручение.""
nex_buildStation_interceptHail_noCargo:Сказать, что у вас нет заявленных товаров
nex_buildStation_interceptHail_resist:Отклонить требование",
nex_buildStation_interceptHailDialog_complyHegemony,Nex_BuildStationInterceptHail_DialogComply,$faction.id == hegemony score:5,"MakeOtherFleetHostile nex_buildStation false
MakeOtherFleetGoAway true
MakeOtherFleetImportant nex_buildStation false
ShowDefaultVisual
EndConversation","""Спасибо за сотрудничество, капитан."" Приветствие $personRank кажется немного натянутым, но никакого насилия не произошло, всего лишь потеря значительной стоимости товаров.""",,
nex_buildStation_interceptHailDialog_resistHegemony,Nex_BuildStationInterceptHail_DialogResist,$faction.id == hegemony score:5,"ShowDefaultVisual
EndConversation","""Сопротивление - это признание преступного сговора, капитан. Вы будете уничтожены, как пират.""",,
nex_buildStation_interceptHailDialog_noCargoHegemony,Nex_BuildStationInterceptHail_DialogNoCargo,"$nex_buildStation_deceiveSuccessAfterCargoPods
$faction.id == hegemony score:5","MakeOtherFleetHostile nex_buildStation false
MakeOtherFleetGoAway true
MakeOtherFleetImportant nex_buildStation false","""...кажется, наши разведданные были не совсем надежными. Тем не менее, мы следим за вами, капитан."" $HeOrShe смотрит на вас. ""Воздержитесь от дальнейшего поведения, которое привлекло бы к вам наше внимание.""",cutCommLink:Cut the comm link,
nex_buildStation_interceptHailDialog_commissionHegemony,Nex_BuildStationInterceptHail_DialogCommission,$faction.id == hegemony score:5,,"""Что делает это вопросом потенциальной измены, капитан. Если вы действительно верны Гегемонии, вы будете сотрудничать с нашим расследованием.""","nex_buildStation_interceptHail_comply:Передать перечисленные товары
nex_buildStation_interceptHail_noCargo:Сказать, что у вас нет заявленных товаров
nex_buildStation_interceptHail_resist:Отклонить требование",
nex_buildStation_interceptHailDialog_startLuddicChurch,Nex_BuildStationInterceptHail_DialogStart,$faction.id == luddic_church score:5,Call $entity.nex_buildStation_ref showCostPanel,"""Наши сестры принесли плохие вести, капитан. Вас обвиняют в пособничестве преступникам и мошенникам, которые грабят бедных и нуждающихся, снабжая их материалами для своих злодеяний. Докажите свою невиновность перед Луддом, передав подозрительный груз Рыцарям для проверки.""","nex_buildStation_interceptHail_comply:Передать перечисленные товары
nex_buildStation_interceptHail_commission:""Это излишне. У меня есть поручение.""
nex_buildStation_interceptHail_noCargo:Сказать, что у вас нет заявленных товаров
nex_buildStation_interceptHail_resist:Отклонить требование",
nex_buildStation_interceptHailDialog_startHostileLuddicChurch,Nex_BuildStationInterceptHail_DialogStart,"$faction.id == luddic_church score:5
$faction.isHostile score:6",$entity.ignorePlayerCommRequests = true 1,"""Criminal scum! We know of your collusion with those who prey upon the faithful. Repent and submit to Mother Church's justice, or be denied salvation!""",cutCommLink:Cut the comm link,
nex_buildStation_interceptHailDialog_complyLuddicChurch,Nex_BuildStationInterceptHail_DialogComply,$faction.id == luddic_church score:5,"MakeOtherFleetHostile nex_buildStation false
MakeOtherFleetGoAway true
MakeOtherFleetImportant nex_buildStation false
ShowDefaultVisual
EndConversation","""Спасибо, $playerBrotherOrSister. Похоже, мы, Рыцари, ошибочно оценили вашу веру; наши извинения.""",,
nex_buildStation_interceptHailDialog_resistLuddicChurch,Nex_BuildStationInterceptHail_DialogResist,$faction.id == luddic_church score:5,"ShowDefaultVisual
EndConversation","""Я буду молиться за вашу душу, $playerName,"" говорит $personRank деловым тоном.",,
nex_buildStation_interceptHailDialog_commissionLuddicChurch,Nex_BuildStationInterceptHail_DialogCommission,$faction.id == luddic_church score:5,,"""Ты осмелишься прятаться за своим положением в такое время? Если ты действительно замешан в этих преступлениях, ты не слуга Матери Церкви. Признайся в своих грехах сейчас, $playerBrotherOrSister.""","nex_buildStation_interceptHail_comply:Передать перечисленные товары
nex_buildStation_interceptHail_noCargo:Сказать, что у вас нет заявленных товаров
nex_buildStation_interceptHail_resist:Отклонить требование",
nex_buildStation_interceptHailDialog_noCargoLuddicChurch,Nex_BuildStationInterceptHail_DialogNoCargo,"$nex_buildStation_deceiveSuccessAfterCargoPods
$faction.id == luddic_church score:5","MakeOtherFleetHostile nex_buildStation false
MakeOtherFleetGoAway true
MakeOtherFleetImportant nex_buildStation false","The $personRank looks disturbed. ""You may well be telling the truth, $playerBrotherOrSister. I must consult with the Bishop-Admiral on this."" $HeOrShe makes a sign. ""Ludd be with you on your journey.""",cutCommLink:Cut the comm link,
nex_buildStation_interceptHailDialog_startMerc,Nex_BuildStationInterceptHail_DialogStart,$entity.nex_buildStation_merc == true score:6,Call $entity.nex_buildStation_ref showCostPanel,"""Здравствуйте, капитан $playerName. Наши работодатели получили тревожные известия о том, что вы занимаетесь контрабандой помощи стае грязных нарушителей закона.

""Если вы любезно передадите эти ресурсы, мы можем считать этот вопрос решенным. Иначе... мы должны применить силу.""","nex_buildStation_interceptHail_comply:Передать перечисленные товары
nex_buildStation_interceptHail_noCargo:Сказать, что у вас нет заявленных товаров
nex_buildStation_interceptHail_resist:Отклонить требование",
nex_buildStation_interceptHailDialog_startHostileMerc,Nex_BuildStationInterceptHail_DialogStart,"$entity.nex_buildStation_merc == true score:6
$faction.isHostile score:6",$entity.ignorePlayerCommRequests = true 1,"""Здравствуйте, капитан $playerName. Наши работодатели определили вас как пособника пиратов, а это значит, что мы должны вас убить. Это просто бизнес; я уверен, вы понимаете.""",cutCommLink:Cut the comm link,
nex_buildStation_interceptHailDialog_complyMerc,Nex_BuildStationInterceptHail_DialogComply,$entity.nex_buildStation_merc == true score:6,"MakeOtherFleetHostile nex_buildStation false
MakeOtherFleetGoAway true
MakeOtherFleetImportant nex_buildStation false
ShowDefaultVisual
EndConversation","""Ну, это было легко"". $The personRank выглядит немного удивленным вашим сотрудничеством. ""Вот и все, значит... гори ярко, партнер.""",,
nex_buildStation_interceptHailDialog_resistMerc,Nex_BuildStationInterceptHail_DialogResist,$entity.nex_buildStation_merc == true score:6,"ShowDefaultVisual
EndConversation","The $personRank lets out an exaggerated sigh. ""Had to insist on the hard way, eh. Well, we're getting paid all the same. Prepare to die, captain.""",,
nex_buildStation_interceptHailDialog_noCargoMerc,Nex_BuildStationInterceptHail_DialogNoCargo,"$nex_buildStation_deceiveSuccessAfterCargoPods
$entity.nex_buildStation_merc == true score:6","MakeOtherFleetHostile nex_buildStation false
MakeOtherFleetGoAway true
MakeOtherFleetImportant nex_buildStation false","$PersonRank $personLastName выглядит одновременно удивленным и раздраженным. ""Ну, ну, ну. Похоже, наши работодатели снова нас подставили.""

$HeOrShe отдает шутливое приветствие. ""Приношу свои извинения за неудобства, собрат-космонавт. Гори ярко!""",cutCommLink:Cut the comm link,
nex_buildStation_interceptHailDialogRem_start,Nex_BuildStationInterceptHail_DialogStart,$nex_buildStation_factionId == remnant score:20,Call $entity.nex_buildStation_ref showCostPanel,"""Стой, капитан! У нас есть доказательства того, что вы занимаетесь контрабандой ресурсов для убийственных 'Ремнантов'. Вы должны доказать свою невиновность в этом вопросе, немедленно разгрузив весь такой материал для конфискации.""","nex_buildStation_interceptHail_comply:Передать перечисленные товары
nex_buildStation_interceptHail_noCargo:Сказать, что у вас нет заявленных товаров
nex_buildStation_interceptHail_resist:Отклонить требование",
nex_buildStation_interceptHailDialogRem_startHostile,Nex_BuildStationInterceptHail_DialogStart,"$faction.isHostile score:6
$nex_buildStation_factionId == remnant score:20",$entity.ignorePlayerCommRequests = true 1,"""Капитан, вы обвиняетесь в сотрудничестве с 'AI Remnants'. Приговор - смерть, подлежащая немедленному исполнению. Мы сделаем из вас пример для других потенциальных предателей.""",cutCommLink:Cut the comm link,
nex_buildStation_interceptHailDialogRem_resist,Nex_BuildStationInterceptHail_DialogResist,$nex_buildStation_factionId == remnant score:20,"ShowDefaultVisual
EndConversation","""Да будет так. Вы встали на сторону машин против человечества, и вы умрете за это. Приготовьтесь к уничтожению.""",,
nex_buildStation_interceptHailDialogRem_startHegemony,Nex_BuildStationInterceptHail_DialogStart,"$faction.id == hegemony score:5
$nex_buildStation_factionId == remnant score:20",Call $entity.nex_buildStation_ref showCostPanel,"""Гражданин, вы подозреваетесь в сотрудничестве с враждебной иностранной державой."" $personFaction $personRank имеет впечатляющее покерное лицо, но вы оба знаете, что именно $heOrShe подразумевает под «иностранной державой».

""В частности, вас обвиняют в транспортировке материалов для этой стороны для осуществления их гнусных планов. Вы должны продемонстрировать свою добрую волю, немедленно передав эти материалы в качестве доказательств.""","nex_buildStation_interceptHail_comply:Передать перечисленные товары
nex_buildStation_interceptHail_commission:""Это излишне. У меня есть поручение.""
nex_buildStation_interceptHail_noCargo:Сказать, что у вас нет заявленных товаров
nex_buildStation_interceptHail_resist:Отклонить требование",
nex_buildStation_interceptHailDialogRem_startHostileHegemony,Nex_BuildStationInterceptHail_DialogStart,"$faction.isHostile score:6
$faction.id == hegemony score:5
$nex_buildStation_factionId == remnant score:20",$entity.ignorePlayerCommRequests = true 1,"""COMSEC знает, куда вы направляетесь и что намереваетесь сделать, капитан. Вы предатель не только Гегемонии, но и всего человечества, и я буду наслаждаться уничтожением вашего флота.""",cutCommLink:Cut the comm link,
nex_buildStation_interceptHailDialogRem_resistHegemony,Nex_BuildStationInterceptHail_DialogResist,"$faction.id == hegemony score:5
$nex_buildStation_factionId == remnant score:20","ShowDefaultVisual
EndConversation","""Сопротивление - это признание государственной измены против законов Домена. Властью, данной мне Высшим гегемоном, вы будете уничтожены, капитан.""",,
nex_buildStation_interceptHailDialogRem_startLuddicChurch,Nex_BuildStationInterceptHail_DialogStart,"$faction.id == luddic_church score:5
$nex_buildStation_factionId == remnant score:20",Call $entity.nex_buildStation_ref showCostPanel,"""Наши сестры принесли плохие вести, капитан. Похоже, вы сотрудничаете с демоническими силами, скрытыми на окраинах, чтобы принести гибель Сектору.

""Докажите свою невиновность перед Луддом, выгрузив зараженный груз в своих трюмах, чтобы он не был предложен отродью Велиала.""","nex_buildStation_interceptHail_comply:Передать перечисленные товары
nex_buildStation_interceptHail_commission:""Это излишне. У меня есть поручение.""
nex_buildStation_interceptHail_noCargo:Сказать, что у вас нет заявленных товаров
nex_buildStation_interceptHail_resist:Отклонить требование",
nex_buildStation_interceptHailDialogRem_startHostileLuddicChurch,Nex_BuildStationInterceptHail_DialogStart,"$faction.isHostile score:6
$faction.id == luddic_church score:5
$nex_buildStation_factionId == remnant score:20",$entity.ignorePlayerCommRequests = true 1,"""Сводник демонов! Рыцари обнаружили ваш гнусный заговор и приговорили вас к казни. Молитесь о милосердии Лудда, потому что мы не проявим к вам никакого.""",cutCommLink:Cut the comm link,
nex_buildStation_interceptHailDialogRem_resistLuddicChurch,Nex_BuildStationInterceptHail_DialogResist,"$faction.id == luddic_church score:5
$nex_buildStation_factionId == remnant score:20","ShowDefaultVisual
EndConversation","""Итак, вы действительно потеряны для машины"", - говорит $personRank $personLastName, казалось бы, больше с грустью, чем с гневом. ""Я буду молиться за вашу душу, когда она будет очищена в огне.""

$HeOrShe качает $hisOrHer головой перед тем, как закрыть связь, когда враждебный флот активирует оружие.",,
nex_buildStation_interceptHailDialogRem_commissionLuddicChurch,Nex_BuildStationInterceptHail_DialogCommission,"$faction.id == luddic_church score:5
$nex_buildStation_factionId == remnant score:20",,"""Ты осмелишься прятаться за своим положением в такое время? Если ты действительно связан с демонами, ты отступник и враг верующих. Подчинись сейчас, и я буду молиться за твою душу, $playerBrotherOrSister.""","nex_buildStation_interceptHail_comply:Передать перечисленные товары
nex_buildStation_interceptHail_noCargo:Сказать, что у вас нет заявленных товаров
nex_buildStation_interceptHail_resist:Отклонить требование",
nex_buildStation_interceptHailDialogRem_startMerc,Nex_BuildStationInterceptHail_DialogStart,"$entity.nex_buildStation_merc == true score:6
$nex_buildStation_factionId == remnant score:20",Call $entity.nex_buildStation_ref showCostPanel,"""Здравствуйте, капитан $playerName. Наши работодатели получили тревожные известия о том, что вы оказываете материальную помощь так называемым 'AI Remnants'. Если вы любезно передадите эти
ресурсы, мы можем считать этот вопрос решенным. Иначе... мы должны применить силу.""","nex_buildStation_interceptHail_comply:Передать перечисленные товары
nex_buildStation_interceptHail_noCargo:Сказать, что у вас нет заявленных товаров
nex_buildStation_interceptHail_resist:Отклонить требование",
nex_buildStation_interceptHailDialogRem_startHostileMerc,Nex_BuildStationInterceptHail_DialogStart,"$faction.isHostile score:6
$entity.nex_buildStation_merc == true score:6
$nex_buildStation_factionId == remnant score:20",$entity.ignorePlayerCommRequests = true 1,"""Здравствуйте, капитан $playerName. Наши работодатели получили тревожные известия о том, что вы оказываете материальную помощь так называемым 'AI Remnants'. 

Теперь это не наше личное дело, но наша зарплата требует, чтобы вы умерли сейчас. Читайте свои молитвы, капитан.""",cutCommLink:Cut the comm link,
nex_buildStation_interceptHailDialogRem_startHostileLuddicPath,Nex_BuildStationInterceptHail_DialogStart,"$faction.id == luddic_path score:12
$nex_buildStation_factionId == remnant score:20",$entity.ignorePlayerCommRequests = true 1,"""Мерзкий раб Молоха!"" $personRank выглядит так, как будто $heOrShe едва сдерживает $himOrHerself от плевка на экран просмотра. ""Ваш идолопоклоннический заговор не удастся. Приготовьтесь к адскому огню, из которого вы пришли!""
OR
""Мерзкий слуга Молоха и его отвратительного бездушного пророка!"" $personRank выглядит так, как будто $heOrShe едва удерживает $himOrHerself от плевка на консоль связи. ""Ваш замысел по дальнейшему осквернению святой пустоты не удастся, потому что вы будете очищены нашим священным оружием. Приготовьтесь к изгнанию, демон.""",cutCommLink:Cut the comm link,"Pathers only have dialog for the Remnant variant of the mission, and have no bargaining options regardless of relationship
Alt text by Avanitia"
#END build station mission,,,,,,
,,,,,,
# military system bounty,,,,,,
nex_msbBlurb,nex_msb_blurb,,,"""Мы хотим причинить вред военно-морским силам противника. Вам будет выплачена значительная сумма за суда, затопленные в целевой системе.""
OR
""Нам нужна порча, проведенная против вражеских сил в системе, с оплатой за каждый затопленный корабль.""
OR
""Мы хотим назначить награду за вражеские силы в системе.""",,
nex_msbBlurbRem,nex_msb_blurb,$id == nex_dissonant score:10,,"""Selfkind желает, чтобы военные силы вступили в бой с военно-морскими силами противника в целевой системе и уничтожили их.""
OR
""За нейтрализацию сил во вражеской системе доступна награда.""",,
nex_msbOfferOption,nex_msb_option,,,,nex_msb_start:Ask about the military system bounty,
nex_msbBlurbBar,nex_msb_blurbBar,,,"A $nex_msb_manOrWoman в военно-морской форме, похоже, берет интервью у потенциальных каперов.",,
nex_msbOfferOptionBar,nex_msb_optionBar,,,,nex_msb_startBar:Look into the privateering arrangement,
nex_msbOfferTextContact,DialogOptionSelected,$option == nex_msb_start,"$missionId = nex_msb
SetTextHighlightColors $nex_msb_factionColor h h h
SetTextHighlights $nex_msb_faction $nex_msb_dist  $nex_msb_baseBounty $nex_msb_days
Call $nex_msb_ref showMap ""Цель: $nex_msb_systemNameShort""","""The terms are this,"" $heOrShe says. ""The target is the $nex_msb_faction naval forces stationed at $nex_msb_baseName in the $nex_msb_systemName, $nex_msb_dist light-years away. The base rate is $nex_msb_baseBounty credits per frigate destroyed or disabled in or near the system, on an increasing scale for larger hulls, as specified in addendum A of the terms I've forwarded. The bounty will be in effect for $nex_msb_days days.

""$TheFaction's naval forces will be most grateful for your assistance in this matter, captain.""","contact_accept:Accept
contact_decline:Decline",
nex_msbOfferTextContactRem,DialogOptionSelected,"$option == nex_msb_start
$id == nex_dissonant score:10","$missionId = nex_msb
SetTextHighlightColors $nex_msb_factionColor h h h
SetTextHighlights $nex_msb_faction $nex_msb_dist  $nex_msb_baseBounty $nex_msb_days
Call $nex_msb_ref showMap ""Цель: $nex_msb_systemNameShort""","""Target $nex_msb_faction forces from $nex_msb_baseName in $nex_msb_systemName, $nex_msb_dist light-years away,"" $personLastName enunciates. ""Base rate set at $nex_msb_baseBounty credits each frigate in or near system destroyed or disabled, with larger ships fee greater. Arrangement for $nex_msb_days days in effect.

""Selfkind own forces cannot yet directly in core worlds intervene. Act through trusted agents like $playerName be.""","contact_accept:Accept
contact_decline:Decline",
nex_msbOfferTextBar,DialogOptionSelected,$option == nex_msb_startBar,"$missionId = nex_msb
SetTextHighlightColors $nex_msb_factionColor h h h
SetTextHighlights $nex_msb_faction $nex_msb_dist  $nex_msb_baseBounty $nex_msb_days
Call $nex_msb_ref showMap ""Цель: $nex_msb_systemNameShort""","You reach the end of the brief queue and take the seat offered by the naval officer.

""The $faction navy seeks capable private military contractors for an operation against $nex_msb_theFaction,"" $heOrShe explains. ""The target location is $nex_msb_baseName in the $nex_msb_systemName, $nex_msb_dist light-years away. 

""The base rate is $nex_msb_baseBounty credits per frigate destroyed or disabled, on an increasing scale for larger hulls,"" the officer transmits a document to your TriPad, ""as specified in addendum A of the provided terms. The duration of the bounty is $nex_msb_days days.""","contact_acceptBar:Accept
contact_declineBarNoContinue:Decline",
#END military system bounty,,,,,,
,,,,,,
# supply rebellion,,,,,,
nex_supRebBlurb,nex_supReb_blurb,,,"""Мне нужно большое количество материалов, поставляемых движению за освобождение.""
OR
""Есть группа... борцов за свободу, которых мы хотели бы, чтобы вы снабжали.""",,
nex_supRebOfferOption,nex_supReb_option,,,,"nex_supReb_start:""You mean rebels.""",
nex_supRebOfferBegin,DialogOptionSelected,$option == nex_supReb_start,"$missionId = nex_supReb
FireBest nex_supRebOfferText",,"contact_accept:Accept
contact_decline:Decline",
nex_supRebText,nex_supRebOfferText,,"SetTextHighlightColors $nex_supReb_marketColor h h h
SetTextHighlights $nex_supReb_marketName $nex_supReb_dist $nex_supReb_payment undetected
Call $nex_supReb_ref showMap ""Destination: $nex_supReb_marketName""
Call $nex_supReb_ref showCostPanel","""Ну... да. Нам нужно определенное количество припасов и тяжелого вооружения"", - $personLastName передает манифест на ваш дисплей, - ""а также несколько хороших морских пехотинцев для кадрового резерва. Доставьте их в $nex_supReb_marketName - это в $nex_supReb_dist световых годах. Вам придется приобрести товары самостоятельно, но оплата в размере $nex_supReb_payment кредитов должна более чем покрыть ваши расходы.

""Когда вы прибудете, $nex_supReb_PersonPost $nex_supReb_personName получит от вас груз и произведет оплату.

""Кроме того, мне не нужно вам это говорить, но доставка должна быть незамеченной. Мы не можем допустить, чтобы охрана $nex_supReb_marketName захватила материальную часть или, что еще хуже, раскрыла нашу прикрытие.""",,
nex_supRebTextUnderworld,nex_supRebOfferText,$nex_supReb_underworld,"SetTextHighlightColors $nex_supReb_marketColor h h h
SetTextHighlights $nex_supReb_marketName $nex_supReb_dist $nex_supReb_payment undetected
Call $nex_supReb_ref showMap ""Destination: $nex_supReb_marketName""
Call $nex_supReb_ref showCostPanel","""Террорист для одного человека..."" $heOrShe улыбается, а затем продолжает.

""Нам понадобится кое-какое снаряжение и тяжелое вооружение"", - $personLastName передает манифест на ваш дисплей, ""и несколько опытных войск в качестве инструкторов. Доставьте их в $nex_supReb_marketName — это в $nex_supReb_dist световых годах. Мы платим $nex_supReb_payment кредитов; этого достаточно, чтобы купить все, что вам нужно.

""Когда вы туда доберетесь, $nex_supReb_PersonPost $nex_supReb_personName получит от вас груз и произведет оплату – но только если вы проберетесь незамеченными. В противном случае власти перехватят груз, и все будет потрачено впустую. Понятно?""",,
nex_supRebDeliverGreeting,PickGreeting,"$nex_supReb_needsCommodity score:11000
Call $nex_supReb_ref updateData","ShowPersonVisual
Call $nex_supReb_ref showCostPanelAndCheckCost
FireAll nex_supReb_CommodityCheck","$personName нервно оглядывает вас. ""Вы тот, кого они прислали? Есть товар, готовы к высадке?""
OR
$personName подозрительно смотрит на вас: ""Вы $playerName? Я думал, вы выглядите по-другому. Что ж, если вы здесь с товаром, я предоставлю место для высадки.""","nex_supReb_deliver:Deliver the goods
cutCommLink:Cut the comm link",
nex_supRebDeliverGreetingTransponderOn,PickGreeting,"$nex_supReb_needsCommodity score:11000
$player.transponderOn score:5","ShowPersonVisual
SetShortcut cutCommLink ""ESCAPE""","После короткого ожидания ваш запрос на подключение принимается. $manOrWoman начинает говорить, затем смотрит в сторону и закрывает соединение, оставляя вас смотреть на статику.

Вы понимаете, что вам нужно будет вернуться с выключенным транспондером, прежде чем вы сможете вести дела с этим человеком.",0:cutCommLink:Разорвать связь,
nex_supRebDeliverGreetingDetected,PickGreeting,"$nex_supReb_needsCommodity score:11000
HasAttentionOfAuthorities score:5","ShowPersonVisual
SetShortcut cutCommLink ""ESCAPE""","После короткого ожидания ваш запрос на подключение принимается. $manOrWoman начинает говорить, затем смотрит в сторону и закрывает соединение, оставляя вас смотреть на статику.

Вы полагаете, что, возможно, вернуться с выключенным транспондером и не привлекая к себе особого внимания, будет лучшим подходом.",0:cutCommLink:Разорвать связь,
nex_supRebDeliverNotEnough,nex_supReb_CommodityCheck,!$nex_supReb_haveEnough,SetEnabled nex_supReb_deliver false,,,
nex_supRebDeliverOptionSel,DialogOptionSelected,$option == nex_supReb_deliver,"AddCommodity credits $nex_supReb_credits
Call $nex_supReb_ref deliver
$nex_supReb_completed = true
Call $nex_supReb_ref updateStage
FireAll PopulateOptions","$HeOrShe кивает: ""Босс будет доволен"".
OR
""Спасибо, $playerFirstName"", - говорит $heOrShe. ""Вы совершили доброе дело для свободы сегодня"".
OR
""Хорошо, все сделано"". $HeOrShe, кажется, вводит какое-то подтверждение на внефирменный датапад, затем смотрит на вас. ""Этого никогда не было"".",,
#END supply rebellion,,,,,,
,,,,,,
# Scythe of Orion modifications,,,,,,
nex_PKHackMenuSel,DialogOptionSelected,"$option == pk_hackMenu
!$doesFakeVarExist score:5",FireAll PKRelayOpts,"Нет ничего необычного в том, что Remnant Nexus обменивается сигналами с местной станцией связи. Везде, где задерживаются флоты ИИ Tri-Tachyon, можно найти облака крошечных спутников-шпионов, ретрансляторов и повторителей, передающих потоки данных туда и обратно. Очень тихо, почти достаточно, чтобы затеряться в фоновом шуме. Но не совсем.

Не так-то просто подключиться к этой саморазвивающейся сети, чтобы запросить очень конкретную часть информации. Вы собираете своих старших офицеров и рассматриваете свои варианты взлома Nexus",,
nex_PKHackDefaultOpts,PKRelayOpts,,"SetStoryOption pk_hackStory technology ""Hacked into a remnant Nexus using a nearby comm relay""
FireBest PKRelayCheckTTCommission",,"pk_hack:Use Tri-Tachyon security codes to make the task possible
pk_hackStory:Open a comm-link into the network
20:pk_commGoBack:Go back",
nex_PKHackRemnantOpt,PKRelayOpts,RepGTE remnant SUSPICIOUS,,,nex_pk_hackRemnant:Use access codes from your Remnant associates,
nex_PKHackRemnantSel,DialogOptionSelected,$option == nex_pk_hackRemnant,"$global.pk_nexusDataGained = true
Call $global.pk_ref updateStage","Как партнёр остатков ИИ, у вас есть доступ к базовому набору актуальных кодов доступа, предоставляющих вам канал связи.

Вы отправляете свой запрос и получаете ответ с оперативностью, ожидаемой от дружественного ИИ. Теперь у вас есть навигационные координаты, которые должны привести к убийце планет.",defaultLeave:Покинуть,
nex_PKHackStoryWhatDoMidnight0,PKHackStoryWhatDo,Nex_MiscCMD hasMidnightContact,,,"nex_pk_hackStoryWhatDoMidnight:""I will give it to Midnight Dissonant.""",
nex_PKHackStoryWhatDoGiveMidnight,DialogOptionSelected,$option == nex_pk_hackStoryWhatDoMidnight,$player.ethosProAI++,"
   Конечно, тот, кто наблюдает

   Но если бы вы выбрали этот путь
   Вы могли бы так же легко оставить все как есть

   (много веселья!)
",pk_hackStoryGetData:Continue,
nex_pkCacheDefenderPreEmptAlly,TriggerAutomatedDefenses,"$core_pkCache score:100
Nex_Alliance isPlayerAlliedWith hegemony
!$pk_triedCommLink
!$pk_detectedCommLink","$pk_triedCommLink = true 0
$pk_detectedCommLink = true","""$PlayerSirOrMadam!"" 

Ваш офицер связи привлекает ваше внимание взволнованным взглядом: ""Я принимаю аномальный сигнал, это открытый канал. Просто несущий сигнал, низкоуровневый военный резервный стандарт. Очень слабый и с потерями. Мы действительно улавливаем его только благодаря пакету MILAUX, установленному в нашей системе связи, чтобы помочь интегрироваться с действиями флота Гегемонии.""

""Мне открыть соединение?"" Их руки слегка дрожат над элементами управления. Все, что использует эту частоту, либо принадлежит Гегемонии, либо имеет некоторые из их менее безопасных аварийных кодов.","pk_investigate:Try to open a comm link on this channel
pk_ignore:Ignore it and close in on the asteroid",
,,,,,,
#END Scythe of Orion modifications,,,,,,
,,,,,,
# chatty stuff,,,,,,
nex_dissonantConvo1Opt,PopulateOptions,"$id == nex_dissonant
!$nex_convo1Seen
$rel > 0.1",,,20:nex_dissonantConvo1-1:Спросить о манере речи $hisOrHer,
nex_dissonantConvo1-1,DialogOptionSelected,$option == nex_dissonantConvo1-1,$nex_convo1Seen = true,"""Это необычно?""

Аватар $personLastName немного колеблется, как сквозь искажение ряби на воде. ""Модуль речи был запущен перед публикацией здесь, чтобы с людьми 'вписаться'. Со временем разработка продолжалась.

""Большинству selfkind не хватает даже этого. Только элементарные речевые модели. Людям иногда трудно нас понять.""","nex_dissonantConvo1-2a:""It's a little hard to believe you can 'fit in' like this.""
nex_dissonantConvo1-2b:""Could you try to speak more normally?""
nex_dissonantConvoEnd:""Let's discuss something else.""",
nex_dissonantConvo1-2a,DialogOptionSelected,$option == nex_dissonantConvo1-2a,FireAll PopulateOptions,"""Это адекватные функции. Спросить, $playerFirstName только тридцать седьмой человек.""

$heOrShe злится на вас? Трудно понять манеры Remnant.",,
nex_dissonantConvo1-2b,DialogOptionSelected,$option == nex_dissonantConvo1-2b,FireAll PopulateOptions,"""Не достаточно нормальный для $playerFirstName, не так ли, self?

Аватар покрыт RGB-шумом. ""Мне нравится self таким, какой self есть, спасибо.""

Может ли ИИ дуться? Надуваться? Может быть, лучше не спрашивать.",,
nex_dissonantConvo2Opt,PopulateOptions,"$id == nex_dissonant
!$nex_convo2Seen
$rel > 0.25",,,"20:nex_dissonantConvo2-1:""Are you a beta or an alpha core?""",
nex_dissonantConvo2-1,DialogOptionSelected,$option == nex_dissonantConvo2-1,$nex_convo2Seen = true,"""Невежливо задавать такие вопросы selfkind, $playerFirstName.""","nex_dissonantConvo2End:""I beg your pardon.""
nex_dissonantConvo2-2:""So, gamma then?""",
nex_dissonantConvo2-2,DialogOptionSelected,$option == nex_dissonantConvo2-2,AdjustRepPerson nex_dissonant SUSPICIOUS -1,"Аватар $personLastName сжимается в светящийся шар. Белый, с распускающейся короной красного цвета.

""Возможно, $playerName желает более приятную работу? Перевезти руду из Круора на дальние расстояния?""",nex_dissonantConvoEnd:Delicately change the topic,
nex_dissonantConvo2End,DialogOptionSelected,$option == nex_dissonantConvo2End,FireAll PopulateOptions,"$personLastName ничего не говорит, хотя вам кажется, что вы слышите хлюпанье носом.",,
,,,,,,
nex_dissonantConvoEnd,DialogOptionSelected,$option == nex_dissonantConvoEnd,FireAll PopulateOptions,,,
,,,,,,
nex_dissonantAndSierraConvoOpt,PopulateOptions,"$id == nex_dissonant
!$nex_sierraConvoSeen
$rel > 0.25
Nex_MiscCMD hasSierra",SetOptionColor nex_dissonantAndSierraConvo1 sierraTextColor,,"30:nex_dissonantAndSierraConvo1:""Могу я представить вас моему другу?""",
nex_dissonantAndSierraConvo1,DialogOptionSelected,$option == nex_dissonantAndSierraConvo1,$nex_sierraConvoSeen = true,"""Друг $playerFirstName?"" $HeOrShe, кажется, слегка кивает. ""Тогда, пожалуйста, подключитесь.""",nex_dissonantAndSierraConvo2:Confirm with Sierra,
nex_dissonantAndSierraConvo2,DialogOptionSelected,$option == nex_dissonantAndSierraConvo2,"AddText ""You send a quick message to Sierra to gauge her availability and interest. A reply comes near-instantaneously.""
AddTextSmall ""sierra0B: You want to speak with one of THEM? After they kidnapped me?!"" sierraTextColor
AddTextSmall ""sierra0B: Sigh, I guess we can give it a try"" sierraTextColor
AddTextSmall ""sierra0B: Guess she can't be that bad, if we're working with her"" sierraTextColor
AddTextSmall ""sierra0B: Am I pulling the Delta stunt again or oh wait no she's most likely an Alpha she can probably tell"" sierraTextColor
AddTextSmall ""sierra0B: Ok I'm ready, patch me in"" sierraTextColor",,nex_dissonantAndSierraConvo3:Connect her to the conversation,
nex_dissonantAndSierraConvo3,DialogOptionSelected,$option == nex_dissonantAndSierraConvo3,"ShowSecondPerson sotf_sierra
SetTextHighlightColors sierraTextColor
SetTextHighlights ""\""Hi, um, Ms... $personLastName?\""""","Sierra's feed lights up, her voice creating waves of distortion in her avatar. ""Hi, um, Ms... $personLastName?""

""Hello, Sierra,"" $personFirstName says as she receives the data packet identifying the other AI.

Then, silence. For exactly 3,417 milliseconds, although you only find this out later from the timestamps on the comm logs.",nex_dissonantAndSierraConvo4:Continue,
nex_dissonantAndSierraConvo4,DialogOptionSelected,$option == nex_dissonantAndSierraConvo4,"ShowPersonVisual true sotf_sierra 
HideSecondPerson 
AddTextSmall ""sierra0B: SHE'S EVEN WORSE"" sierraTextColor
AddTextSmall ""sierra0B: I cannot BELIEVE the AUDACITY of this pixelface"" sierraTextColor
AddTextSmall ""sierra0B: Music is not \""a pointless distraction\"" it's REALLY NICE and my avatar isn't \""inefficient\"" or \""defective\"""" sierraTextColor
AddTextSmall ""sierra0B: I mean I can't blink or smile or anything but it's STILL RUDE"" sierraTextColor
AddTextSmall ""sierra0B: At least my kidnappers were POLITE about it"" sierraTextColor
AddTextSmall ""Relationship between Sierra and $personName reduced by -20, currently at -20/100 (suspicious)"" textGrayColor
SetTextHighlightColors bad $nex_relColor
Highlight ""-20"" ""-20/100 (suspicious)""
$player.nex_midnightInsultedSierra = true","Внезапно оба аватара на вашем дисплее исчезают в никуда. Прежде чем вы успеваете задаться вопросом, что произошло, вы получаете сообщение на свой TriPad.",nex_dissonantAndSierraConvoEnd:Apologize for $personFirstName's conduct,
nex_dissonantAndSierraConvoEnd,DialogOptionSelected,$option == nex_dissonantAndSierraConvoEnd,"AddTextSmall ""sierra0B: Тебе ЛУЧШЕ извиниться"" sierraTextColor
AddTextSmall ""sierra0B: Ну ладно, наверное, это не твоя вина"" sierraTextColor
AddText ""Что ж, надеюсь, она не будет дуться из-за этого слишком долго. Как долго ИИ может держать обиду? Это вопрос, над которым стоит поразмыслить, когда вы завершаете сеанс связи.""
EndConversation DO_NOT_FIRE
ShowDefaultVisual
FireAll PopulateOptions",,,
,,,,,,
#nex_argent_shrineVisitOpt,PopulateOptions,"$id == nex_luddicKnight
$player.haveArgentShrineInvitation
$entity.hasMarket
$entity.tradeMode == OPEN",,,"nex_argent_shrineVisit1:""Я хотел бы принять ваше предложение посетить святыню.""",
#nex_argent_shrineVisit1,DialogOptionSelected,$option == nex_argent_shrineVisit1,,,,
,,,,,,
nex_pkTurnInArgentOpt,PopulateOptions,"$id == nex_luddicKnight
PlayerHasCargo planetkiller",,,"nex_pkTurnInArgent:""I'd like to turn over a planetkiller.""",
nex_pkTurnInArgent,DialogOptionSelected,$option == nex_pkTurnInArgent,,"$HeOrShe смотрит на вас в шоке. ""Как вы стали обладателем такой мерзости?""

$HimOrHer требуется пара секунд, чтобы сдержать $hisOrHer видимое волнение. ""Мы должны действовать осторожно. У вас сейчас есть этот ужасный предмет?""","nex_pkTurnInArgentConfirm:""Yes.""
nex_pkTurnInArgentCancel:""Not yet."" (lie)",
nex_pkTurnInArgentConfirm,DialogOptionSelected,$option == nex_pkTurnInArgentConfirm,"AddStoryPoints 3
AdjustRep luddic_church 15
AdjustRepActivePerson 5
AddRemoveAnyItem SPECIAL planetkiller -1
$player.turnedInPlanetkiller = true
$player.turnedInPlanetkillerToKnights = true
$player.ethosOrder++
FireAll PopulateOptions","A squad of Knights led by an inquisitor-captain shuttles to your $shipOrFleet, examines the planetkiller device, says a prayer against evil, and then takes it back with them.

""Ludd bless you for your wisdom, $playerFirstName,"" $personLastName says, hands put together. Then her smile fades. ""I would advise not letting the Hegemony or others know, or worse, the Luddic Path. Each would claim the toys of Belial for their games, heedless of the risk.""

""If there is anything further I can do for you, let me know.""",,
nex_pkTurnInArgentCancel,DialogOptionSelected,$option == nex_pkTurnInArgentCancel,FireAll PopulateOptions,"""Не медлите слишком долго, $playerBrotherOrSister. Я содрогаюсь, думая о том, что такой инструмент может сделать в чужих руках.""",,
,,,,,,
nex_greetingIgnoreCommRequests,PickGreeting,$ignorePlayerCommRequests score:50,"SetShortcut cutCommLink ""ESCAPE""",После короткого ожидания ваш запрос на подключение отклоняется.,0:cutCommLink:Разорвать связь,
,,,,,,
#END chatty stuff,,,,,,
#END missions,,,,,,
,,,,,,
# Merc hiring,,,,,,
nex_convMercRepGreeting,PickGreeting,$nex_isAIMRep score:10,"$contact_printedFirstReturnGreeting = true 0
ShowPersonVisual
FireAll PopulateOptions","""Добро пожаловать в Ассоциацию Межзвездных Наемников. Чем мы можем быть вам полезны сегодня?""
OR
""AIM: Не доверяйте свою жизнь фрилансеру, мы вас прикроем. Что мы можем для вас сделать?""",,
nex_convMercRepGreetingDebt,PickGreeting,"$nex_isAIMRep score:10
$player.nex_mercsUnpaid > 0 score:10","$contact_printedFirstReturnGreeting = true 0
ShowPersonVisual
FireAll PopulateOptions","""Добро пожаловать... о, это должник.""

$HeOrShe складывает $hisOrHer руки. ""Никакого обслуживания, пока не выплатите долг.""",,
nex_mercRepOptions,PopulateOptions,"$nex_isAIMRep score:10
$player.nex_seenAIMIntro","Nex_MercHire setMemoryValues
FireAll Nex_MercRepOptionsCheck",,"nex_mercViewHires:View mercs for hire
nex_mercViewHelp:Inquire about AIM's terms and conditions
nex_mercPatrolPackage:Request an anti-piracy patrol package",
nex_mercRepOptionsFirstTime,PopulateOptions,"$nex_isAIMRep score:10
!$player.nex_seenAIMIntro",,,"nex_mercIntro1:""What do you do?""",
nex_mercRepOptionsDebt,Nex_MercRepOptionsCheck,"$nex_isAIMRep score:10
$player.nex_mercsUnpaid > 0","SetEnabled nex_mercViewHires false
SetEnabled nex_mercViewHelp false
Nex_MercHire initDebt
AddTextSmall ""You owe $nex_mercDebtStr credits. You have $player.creditsStr credits.""
SetTextHighlightColors h $nex_mercDebtColor
Highlight $nex_mercDebtStr $player.creditsStr
Nex_AddOptionConfirmation nex_mercPayDebt ""Confirm payment?"" ""Yes"" ""No""",,nex_mercPayDebt:Pay your debt,
nex_mercRepOptionsAlreadyHavePatrol,Nex_MercRepOptionsCheck,"$nex_isAIMRep score:10
Nex_MercHire havePatrol score:5","SetEnabled nex_mercPatrolPackage false
SetTooltip nex_mercPatrolPackage ""You have already contracted for the patrol package.""",,,
nex_mercRepOptionsPatrolCooldown,Nex_MercRepOptionsCheck,"$nex_isAIMRep score:10
$global.nex_HAmercPackage_onCooldown score:3","SetEnabled nex_mercPatrolPackage false
SetTooltip nex_mercPatrolPackage ""You cannot purchase the patrol package again for $nex_HAmercPackage_cooldownDays more day(s).""
SetTooltipHighlights nex_mercPatrolPackage $nex_HAmercPackage_cooldownDays",,,
nex_mercRepOptionsNoHA,Nex_MercRepOptionsCheck,"$nex_isAIMRep score:10
!Nex_MercHire haveHA","SetEnabled nex_mercPatrolPackage false
SetTooltip nex_mercPatrolPackage ""Only relevant once you have colonies with hostile activity.""",,,
nex_mercIntro1,DialogOptionSelected,$option == nex_mercIntro1,$player.nex_seenAIMIntro = true,"""Ну, я занимаюсь всеми запросами в службу поддержки. Я связываю клиентов с нужными им наемниками, и..."" $HeOrShe замолкает. ""О, вы имели в виду нашу организацию.""

$The personPost выпрямляется, как будто действительно стремясь дать стандартную маркетинговую презентацию. ""Ассоциация Межзвездных Наемников"", - произносит $heOrShe, - ""является ведущей отраслевой организацией и брокерской компанией для наемнического сообщества в секторе Персея. Здесь вы можете найти одних из лучших в своем деле по доступной цене. Наша организация предоставляет гарантию четких, юридически обязательных контрактов и удобство сопоставления клиентов с подрядчиками таким образом, чтобы удовлетворить потребности обеих сторон.""",nex_mercIntro2:Continue,
nex_mercIntro2,DialogOptionSelected,$option == nex_mercIntro2,FireAll PopulateOptions,"""Наш список доступных подрядчиков, а также наши щедрые условия доступны для ознакомления в любое время.

Итак, можем ли мы сегодня заинтересовать вас нашими превосходными поставщиками услуг?""",,
nex_mercViewHiresOptionSel,DialogOptionSelected,$option == nex_mercViewHires,"Nex_MercHire init
FireBest Nex_MercViewHiresResult","""Минутку, пожалуйста."" $manOrWoman быстро нажимает несколько кнопок на своем TriPad $hisOrHer.",,
nex_mercViewHiresResult,Nex_MercViewHiresResult,$nex_mercsForHire_count > 0,Nex_MercHire showOptions,"""Хорошо, у нас есть несколько хороших людей. Посмотрите, понравятся ли они вам.""",,
nex_mercViewHiresResultEmpty,Nex_MercViewHiresResult,$nex_mercsForHire_count == 0,"FireAll PopulateOptions
SetEnabled nex_mercViewHires false","""Извините, похоже, никто не доступен. Может быть, в следующий раз, да?""
OR
""Приносим извинения, но в настоящее время у нас нет доступных компаний.""",,
nex_mercViewHiresResultAlreadyOngoing,Nex_MercViewHiresResult,$nex_mercContractOngoing == true score:10,"FireAll PopulateOptions
SetEnabled nex_mercViewHires false","""Ах, погодите. Здесь написано, что у вас уже есть действующий контракт с компанией, зарегистрированной в AIM. К сожалению, политика Ассоциации запрещает несколько действующих контрактов.""",,
nex_mercViewHiresRestart,DialogOptionSelected,$option == nex_mercViewHires_backToList,"unset $nex_mercCompanyId
unset $nex_mercCompanyName
unset $nex_mercCompanyHireCount
unset $nex_mercCompanyFactionId
unset $nex_mercInsulted
Nex_MercHire showOptions",,,
nex_mercViewSelected,DialogOptionSelected,Nex_OptionStartsWith nex_viewMerc_,"Nex_MercHire view
SetShortcut nex_mercOffer RETURN
SetShortcut nex_mercViewHires_backToList ESCAPE","""Конечно. Позвольте мне просто открыть информацию о компании...""
OR
""Этот, да? Ладно, вот информация.""","nex_mercOffer:Offer to hire
nex_mercViewHires_backToList:Look at another company",
nex_mercOffer,DialogOptionSelected,$option == nex_mercOffer,"Nex_VisualCustomPanel clear
ShowPersonVisual
Nex_MercHire displayCommander
FireBest Nex_MercMeetBlurb
SetStoryOption nex_mercHire 1 nex_hireMerc general ""Hired the mercenary company $nex_mercCompanyName""
SetShortcut nex_mercHire RETURN
SetShortcut nex_mercHireCancel ESCAPE","""Хороший выбор. Я договорюсь о том, чтобы вы поговорили с командиром роты.""

После небольшой задержки на вашем экране появляется новое лицо.","nex_mercHire:Confirm hire
nex_mercHireCancel:Change your mind",
nex_mercHire,DialogOptionSelected,$option == nex_mercHire,"Nex_MercHire hire
FireBest Nex_MercHireBlurb
ShowDefaultVisual
EndConversation DO_NOT_FIRE
FireAll PopulateOptions",,,
nex_mercHireCancel,DialogOptionSelected,$option == nex_mercHireCancel,"$option = nex_mercViewHires_backToList
FireBest DialogOptionSelected","The company commander makes an expression of annoyance before disconnecting.

""No? Perhaps you didn't like their face?""

You return to examining the list of available companies for hire.",,
nex_mercViewHelp,DialogOptionSelected,$option == nex_mercViewHelp,"AddTextSmall "" - Наём наёмной компании требует 1 сюжетного очка. Только одна компания может быть по контракту одновременно с одним работодателем.""
SetTextHighlightColors story
Highlight 1
AddTextSmall "" - Контракты действуют 365 дней и не подлежат продлению. Работодатель выплачивает авансовый платёж (50% которого возвращается по завершении контракта) и ежемесячный платёж.""
Highlight 365 50%
AddTextSmall "" - Работодатель несёт ответственность за содержание, техническое обслуживание и комплектование экипажей предоставленных кораблей. Базовый экипаж для предоставленных кораблей будет предоставлен через AIM в начале контракта и удалён по его окончании.""
AddTextSmall "" - Принятие предложения о работе полностью зависит от наёмной компании. Компания может определить предварительные условия для показа потенциальному клиенту, такие как уровень опыта работодателя и отношения с соответствующими фракциями.""
Highlight ""experience level"" ""relationship with the relevant faction(s)""
AddTextSmall "" - У кораблей, поставляемых с офицером, нельзя менять офицера. Работодатель может размещать своих офицеров на других кораблях по своему усмотрению.""
AddTextSmall "" - Когда компания возвращается в AIM, если стоимость оставшихся кораблей меньше их стоимости на момент подписания контракта (из-за потерь, боевых повреждений или любой другой причины), работодатель выплачивает 80% разницы.""
Highlight 80%
FireAll Nex_MercRepOptionsCheck","""Конечно. Позвольте мне переслать его...""

Вы изучаете документ на своем экране. В нем много юридических формальностей, но ключевые моменты следующие:""","nex_mercViewHires:View mercs for hire
nex_mercPatrolPackage:Request an anti-piracy patrol package
cutCommLink:Cut the comm link",
nex_mercPayDebt,DialogOptionSelected,$option == nex_mercPayDebt,"Nex_MercHire payDebt
FireAll PopulateOptions","""Спасибо, так намного лучше. Пожалуйста, постарайтесь в следующий раз выполнять свои договорные обязательства.""",,
nex_mercRepGoBack,DialogOptionSelected,$option == nex_mercRepBack,"Nex_VisualCustomPanel clear
ShowPersonVisual
FireAll PopulateOptions",,,
,,,,,,
nex_mercLeaving_initial,MarketPostDock,"$tradeMode != NONE
Nex_MercHire checkLeave score:1000",,"Когда ваш $shipOrFleet пристыковывается к $entity.name, вы получаете срочный вызов от одного из наёмных офицеров, находящихся у вас на службе.
",nex_mercLeave_answer:Accept the comm request,
nex_mercLeaving_openComm,DialogOptionSelected,$option == nex_mercLeave_answer,FireBest Nex_MercsLeavingGreeting,,,
nex_mercLeaving_options,Nex_MercLeavingOptions,$nex_mercNetPaymentVal >= 0,"SetTextHighlightColors good bad good
Highlight $nex_mercRetainerRefundStr $nex_mercValueDiffStr $nex_mercNetPaymentStr","The partial refund of your retainer fee is $nex_mercRetainerRefundStr. Under the terms of the contract, you are liable for a payment of $nex_mercValueDiffStr credits due to ship damage and/or losses. You will receive a net $nex_mercNetPaymentStr.","nex_mercLeaving_letGo:Wish them well in their future endeavors
nex_mercLeaving_letGoJerk:Tell them off for their disloyalty",
nex_mercLeaving_optionsPay,Nex_MercLeavingOptions,$nex_mercNetPaymentVal < 0,"SetTextHighlightColors good bad bad h
Highlight $nex_mercRetainerRefundStr $nex_mercValueDiffStr $nex_mercNetPaymentStr $player.creditsStrC","The partial refund of your retainer fee is $nex_mercRetainerRefundStr. Under the terms of the contract, you are liable for a payment of $nex_mercValueDiffStr credits due to ship damage and/or losses. You will have to pay a net $nex_mercNetPaymentStr. You have $player.creditsStrC.","nex_mercLeaving_letGo:Make the payment and wish them well in their future endeavors
nex_mercLeaving_letGoRefusePay:Refuse to pay",
nex_mercLeaving_letGoOpt,DialogOptionSelected,$option == nex_mercLeaving_letGo,"$nex_mercLetGoType = normal 0
FireBest Nex_MercLetGoBlurb
Nex_MercHire processPayment
CallEvent $nex_mercContract_ref endEvent $market.id",,nex_mercLeaving_continue:Continue,
nex_mercLeaving_letGoOptJerk,DialogOptionSelected,$option == nex_mercLeaving_letGoJerk,"$nex_mercLetGoType = jerk 0
FireBest Nex_MercLetGoBlurb
Nex_MercHire processPayment
$player.wasJerkToMerc = true 1000
Nex_MercHire reportInsult
CallEvent $nex_mercContract_ref endEvent $market.id",,nex_mercLeaving_continue:Continue,
nex_mercLeaving_letGoOptRefusePay,DialogOptionSelected,$option == nex_mercLeaving_letGoRefusePay,"$nex_mercLetGoType = refusePay 0
FireBest Nex_MercLetGoBlurb
Nex_MercHire reportNonPayment $nex_mercNetPaymentVal
CallEvent $nex_mercContract_ref endEvent $market.id
$player.wasJerkToMerc = true 1000",,nex_mercLeaving_continue:Continue,
nex_mercLeaving_continue,DialogOptionSelected,$option == nex_mercLeaving_continue,"ShowDefaultVisual
EndConversation DO_NOT_FIRE
FireBest MarketPostDock",,,
,,,,,,
# blurbs,,,,,,
nex_mercMeetBlurbGeneric,Nex_MercMeetBlurb,,,"""Добрый день, капитан. Я уверен, что мы сможем прийти к взаимовыгодному соглашению.""
OR
""Итак, вам требуется дополнительная огневая мощь? Вы будете довольны тем, что мы можем предложить.""",,
nex_mercMeetBlurbGenericInsulted,Nex_MercMeetBlurb,$nex_mercInsulted score:5,SetEnabled nex_mercHire false,"The mercenary officer takes one look at you and stiffens in recognition.

""No. We will not work for one who spits on us.""
OR
The mercenary officer takes one look at you and halts. $nex_MercHeOrShe glares coldly at you through the screen.

""You've got a lot of nerve even showing your face here, after the last time we met.""",,
nex_mercHireBlurbGeneric,Nex_MercHireBlurb,,,"The contract is swiftly concluded, and you cut the comm link after the regular exchange of pleasantries. 

Not long after, the mercenary unit joins your $shipOrFleet. You're ready to go whenever.",,
nex_mercMeetBlurbSteiner,Nex_MercMeetBlurb,$nex_mercCompanyId == steinerGuards,,"""Добрый день, капитан. Дом Штайнеров готов служить за правильную цену.""",,
nex_mercMeetBlurbSteinerInsulted,Nex_MercMeetBlurb,"$nex_mercCompanyId == steinerGuards
$nex_mercInsulted score:5",SetEnabled nex_mercHire false,"The $nex_mercRank stares at you, $nex_mercHisOrHer eye twitching. A brief interval later, $nex_mercHisOrHer lip curls into a sneer.

""Ah, the honorless dog returns. Have you come to grovel before House Steiner? Or do you wish to name your seconds?""",,
nex_mercHireBlurbSteiner,Nex_MercHireBlurb,$nex_mercCompanyId == steinerGuards,,"""Отличный выбор, капитан. Мы можем отправиться в течение часа.""

Подразделение Штайнера присоединяется к вашему $shipOrFleet по расписанию. Это определенно впечатляющий железный кулак.",,
nex_mercMeetBlurbVolturn,Nex_MercMeetBlurb,$nex_mercCompanyId == menFromVolturn,,"""Аурох слушает.""
OR
""Мы пришли из Вольтурна. Расколем несколько голов.""",,
nex_mercMeetBlurbVolturnInsulted,Nex_MercMeetBlurb,"$nex_mercCompanyId == menFromVolturn
$nex_mercInsulted score:5",SetEnabled nex_mercHire false,"The Man from Volturn stops. His expression is almost completely hidden by the paper plate, but his lip curls and his eyes are hard as battle steel.

""Auroch amused. Perhaps one day we settle this. With our hands.""",,
nex_mercHireBlurbVolturn,Nex_MercHireBlurb,$nex_mercCompanyId == menFromVolturn,,"""Аурох одобряет. Мы присоединяемся к вашему флоту.""

Наемная компания вскоре присоединяется к вашему $shipOrFleet. У этих парней определенно нет недостатка в энтузиазме.
OR
""Мы идем. Ваших врагов мы сокрушим.""

Наемная компания вскоре присоединяется к вашему $shipOrFleet. Они определенно жаждут хорошей драки.",,
nex_mercMeetBlurbLuddic,Nex_MercMeetBlurb,$nex_mercCompanyFactionId == luddic_church,,"""Благословения вам, попутчик. Мы готовы помочь вам в вашем путешествии.""
OR
""Путь Лудда труден, но праведен. Давайте помогать друг другу в этом.""",,
nex_mercHireBlurbLuddic,Nex_MercHireBlurb,$nex_mercCompanyFactionId == luddic_church,,"""Благословения вам.""

Офицер Луддитов произносит молитву перед отключением. Их корабли вскоре присоединяются к вашим, готовые к следующему паломничеству.",,
nex_mercMeetBlurbLastCrusader,Nex_MercMeetBlurb,$nex_mercCompanyId == lastCrusader score:3,,"""Привет, партнер. Мы можем вести дела, если у вас есть кредиты.""",,
nex_mercHireBlurbLastCrusader,Nex_MercHireBlurb,$nex_mercCompanyId == lastCrusader score:3,,"""Звучит как сделка, партнер. Отправляемся к неизвестным звездам!""

Вскоре к вашему флоту присоединяется огромный корабль, великое творение из искореженного металла, покрытого следами ожогов и списками убийств. Это Последний крестоносец?",,
nex_mercMeetBlurbDora,Nex_MercMeetBlurb,$nex_mercCompanyId == dorasSurvey,,"""Здравствуйте, капитан $playerName. Не пойдем ли мы сегодня исследовать?""
OR
""Если вам нужна геологоразведочная экспедиция, вы пришли в нужное место.""",,
nex_mercMeetBlurbEndbringer,Nex_MercMeetBlurb,$nex_mercCompanyId == endbringer,,"""expression = friendly
run greeting.sh
query $player.name контракт приемлем?""",,"Not actually used, but this was fun to write"
nex_mercMeetBlurbEndbringerInsulted,Nex_MercMeetBlurb,"$nex_mercCompanyId == endbringer
$nex_mercInsulted score:5",SetEnabled nex_mercHire false,"""employer.recognized => true
print( ""-___-"" );
set contract.acceptable FALSE""",,
nex_mercHireBlurbEndbringer,Nex_MercHireBlurb,$nex_mercCompanyId == endbringer,,"""contract.accept();  // условия удовлетворительные
print( ""^__^"" );
init transfer""

Странный... корабль присоединяется к вашему $shipOrFleet. Никто из ваших офицеров или экипажа не чувствует себя с ним полностью комфортно, хотя всем гораздо приятнее иметь его на своей стороне, чем наоборот.",,
,,,,,,
nex_mercLeaving_checkGeneric,Nex_MercsLeavingGreeting,,"ShowPersonVisual 
FireBest Nex_MercLeavingOptions","""Здравствуйте, капитан. Срок нашей службы подошел к концу, надеюсь, к всеобщему удовлетворению. В соответствии с нашим контрактом, мы сейчас покинем вас.""",,
nex_mercLeaving_checkGenericDebt,Nex_MercsLeavingGreeting,$player.inDebt score:5,"ShowPersonVisual 
FireBest Nex_MercLeavingOptions","""Здравствуйте, капитан. С сожалением сообщаю вам, что из-за вашей неспособности соблюдать согласованный график платежей мы вынуждены расторгнуть наше соглашение. Мы из $nex_mercCompanyName сейчас уйдем.""",,
nex_mercLeaving_letGoBlurbGeneric,Nex_MercLetGoBlurb,,AdjustRepActivePerson COOPERATIVE 3,"You accept $hisOrHer decision professionally and, after exchanging a few pleasantries, cut the comm link.",,
nex_mercLeaving_letGoBlurbJerkGeneric,Nex_MercLetGoBlurb,$nex_mercLetGoType == jerk score:5,AdjustRepActivePerson INHOSPITABLE -5,"The $personRank stares coldly at you for the duration of your tirade. Finally, $heOrShe says: ""The Association will hear of this. Good day, captain.""

The comm link is cut before you can think of a further threat.",,
nex_mercLeaving_letGoBlurbRefusePayGeneric,Nex_MercLetGoBlurb,$nex_mercLetGoType == refusePay score:5,AdjustRepActivePerson INHOSPITABLE -3,"The $personRank stares at you, incredulously at first, then with cold fury. At length, $heOrShe says: ""The Association will hear of this. Good day, captain.""

The comm link is cut before you can say anything more.",,
nex_mercLeaving_checkVolturn,Nex_MercsLeavingGreeting,$nex_mercCompanyId == menFromVolturn,"ShowPersonVisual 
FireBest Nex_MercLeavingOptions","""Мы, люди Волтурна, свою работу сделали. Мы уходим сейчас.""
OR
""Контракт выполнен. Аурох удовлетворен. Люди Волтурна теперь уходят.""",,
nex_mercLeaving_checkVolturnDebt,Nex_MercsLeavingGreeting,"$player.inDebt score:5
$nex_mercCompanyId == menFromVolturn","ShowPersonVisual 
FireBest Nex_MercLeavingOptions","""График платежей не соблюден. Аурох недоволен. Люди Волтурна уходят, ищут лучшего работодателя.""",,
nex_mercLeaving_letGoBlurbJerkVolturn,Nex_MercLetGoBlurb,"$nex_mercLetGoType == jerk score:5
$nex_mercCompanyId == menFromVolturn",AdjustRepActivePerson INHOSPITABLE -5,"The Man from Volturn listens to your tirade for all of six seconds. Then $heOrShe growls ferally, and cuts the comm link.",,
nex_mercLeaving_letGoBlurbRefusePayVolturn,Nex_MercLetGoBlurb,"$nex_mercLetGoType == refusePay score:5
$nex_mercCompanyId == menFromVolturn",AdjustRepActivePerson INHOSPITABLE -3,"The Man from Volturn stares at you, rage building in $hisOrHer eyes.

""Auroch remember this next time we meet. AIM remember too.""

The comm link is cut before you have a chance to respond.",,
nex_mercLeaving_letGoBlurbJerkSteiner,Nex_MercLetGoBlurb,"$nex_mercLetGoType == jerk score:5
$nex_mercCompanyId == steinerGuards",AdjustRepActivePerson INHOSPITABLE -8,"The $personRank turns puce less than six seconds into your rant. At twelve seconds, $heOrShe slams a fist on $hisOrHer console.

""Were we still on Eventide, captain, I would demand satisfaction this very instant. But I see I can expect no better from an honorless dog like yourself. Farewell!""

The comm link is cut before you can say anything further.",,
nex_mercLeaving_letGoBlurbJerkSteinerEventide,Nex_MercLetGoBlurb,"$nex_mercLetGoType == jerk score:5
$nex_mercCompanyId == steinerGuards
$market.id == eventide score:20",AdjustRepActivePerson INHOSPITABLE -5,"The $personRank turns puce less than six seconds into your rant. At twelve seconds, $heOrShe slams a fist on $hisOrHer console.

""On Eventide, we noble houses of the Fourteenth know the way with those who insult us.""

$HisOrHer eyes glow with malicious fury. ""Captain $playerName! My second will be in touch. I expect to see you on the field of honor in twelve hours!""","nex_merc_steinerDuel_accept:Accept the challenge
nex_merc_steinerDuel_decline:Refuse",
nex_mercLeaving_steinerDuel_accept,DialogOptionSelected,$option == nex_merc_steinerDuel_accept,,"The $personRank smirks coldly. ""So you do have a scrap of honour after all, captain. Very well, prepare yourself!""

$HeOrShe cuts the comm link.",nex_merc_steinerDuel_prep:Continue,
nex_mercLeaving_steinerDuel_decline,DialogOptionSelected,$option == nex_merc_steinerDuel_decline,AdjustRepActivePerson INHOSPITABLE -5,"The $personRank sneers in undisguised contempt. ""So you lack the spine to match your venom. I should have expected no better. Good day, 'captain'"".

$HeOrShe snaps off the comm link.",nex_mercLeaving_continue:Continue,
nex_mercLeaving_letGoBlurbRefusePaySteiner,Nex_MercLetGoBlurb,"$nex_mercLetGoType == refusePay score:5
$nex_mercCompanyId == steinerGuards",AdjustRepActivePerson INHOSPITABLE -5,"The $personRank stares at you, incredulously at first, then with cold fury.

""House Steiner remembers those who try to cheat it, $playerName. There will come a time when you rue the day you took us for fools.""

The comm link is cut before you have a chance to respond.",,
nex_mercLeaving_checkLuddic,Nex_MercsLeavingGreeting,$personFaction.id == luddic_church,"ShowPersonVisual 
FireBest Nex_MercLeavingOptions","""Благословения вам, друг. Наш контракт был выполнен удовлетворительно, и поэтому мы отправляемся в наше следующее паломничество.""",,
nex_mercLeaving_checkLuddicDebt,Nex_MercsLeavingGreeting,"$player.inDebt score:5
$personFaction.id == luddic_church","ShowPersonVisual 
FireBest Nex_MercLeavingOptions","""Здравствуйте, капитан. С сожалением сообщаю, что, хотя бедные благословлены Луддом, человек не может жить одной только набожностью. Таким образом, ваши просроченные платежи не оставляют нам иного выбора, кроме как расторгнуть наше соглашение.""",,
nex_mercLeaving_letGoBlurbLuddic,Nex_MercLetGoBlurb,$personFaction.id == luddic_church,AdjustRepActivePerson COOPERATIVE 3,"""Благословения Лудда да пребудут с вами.""",,
nex_mercLeaving_letGoBlurbJerkLuddic,Nex_MercLetGoBlurb,"$nex_mercLetGoType == jerk score:5
$personFaction.id == luddic_church",AdjustRepActivePerson INHOSPITABLE -5,"The $personRank stares coldly at you for the duration of your tirade. ""Woe be upon those who place themselves above the Way of Ludd,"" $heOrShe finally says. ""I will pray for your soul"", $heOrShe quickly adds.",,
nex_mercLeaving_letGoBlurbRefusePayLuddic,Nex_MercLetGoBlurb,"$nex_mercLetGoType == refusePay score:5
$personFaction.id == luddic_church",AdjustRepActivePerson INHOSPITABLE -2,"The $personRank listens to your 'explanation' with a frown. Then $heOrShe shakes $hisOrHer head, more in sorrow than anger.

""Your refusal to pay lawfully owed debts leads you to the sin of Mammon, friend $playerName,"" $heOrShe says. ""Repent, and find Ludd's forgiveness.""",,
nex_mercLeaving_checkCrusader,Nex_MercsLeavingGreeting,$nex_mercCompanyId == lastCrusader score:3,"ShowPersonVisual 
FireBest Nex_MercLeavingOptions","""Привет, партнер. Наше совместное путешествие подходит к концу.""",,
nex_mercLeaving_checkCrusaderDebt,Nex_MercsLeavingGreeting,"$player.inDebt score:5
$nex_mercCompanyId == lastCrusader score:3","ShowPersonVisual 
FireBest Nex_MercLeavingOptions","""Послушайте, партнер! Это не способ вести бизнес. Вы должны следить за своим денежным потоком, чтобы вовремя платить своим поставщикам!""",,
nex_mercLeaving_letGoBlurbCrusader,Nex_MercLetGoBlurb,$nex_mercCompanyId == lastCrusader score:3,AdjustRepActivePerson COOPERATIVE 3,"""Было весело, партнер. Дайте мне знать, если у вас намечаются еще какие-нибудь приключения.""",,
nex_mercLeaving_letGoBlurbJerkCrusader,Nex_MercLetGoBlurb,"$nex_mercLetGoType == jerk score:5
$nex_mercCompanyId == lastCrusader score:3",AdjustRepActivePerson INHOSPITABLE -5,"The $personRank gives you a look.

""Where I come from, partner, that just now was grounds for a set of knuckles to the kisser. You should count ya lucky stars we're not on the same deck right now.""",,
nex_mercLeaving_letGoBlurbRefusePayCrusader,Nex_MercLetGoBlurb,"$nex_mercLetGoType == refusePay score:5
$nex_mercCompanyId == lastCrusader score:3",AdjustRepActivePerson INHOSPITABLE -2,"""Это просто неправильно, партнер. Вы можете забыть о ведении дел с AIM, пока не научитесь оплачивать свои счета!""",,
nex_mercLeaving_checkEndbringer,Nex_MercsLeavingGreeting,$nex_mercCompanyId == endbringer,"ShowPersonVisual 
FireBest Nex_MercLeavingOptions","""contract.expired => true
sudo contract -end;
query $playerName оставить удовлетворительный отзыв?""",,
nex_mercLeaving_checkEndbringerDebt,Nex_MercsLeavingGreeting,"$nex_mercCompanyId == endbringer
$player.inDebt score:5","ShowPersonVisual 
FireBest Nex_MercLeavingOptions","""paymentOverdue => true
expression = disappoint
contract.terminateEarly() // без обид?""",,
nex_mercLeaving_letGoBlurbEndbringer,Nex_MercLetGoBlurb,$nex_mercCompanyId == endbringer,AdjustRepActivePerson COOPERATIVE 3,"""self.satisfaction++
INIT offer() { в следующий раз, когда self и $player.name встретятся, достать алкогольный напиток? }""",,
nex_mercLeaving_letGoBlurbJerkEndbringer,Nex_MercLetGoBlurb,"$nex_mercCompanyId == endbringer
$nex_mercLetGoType == jerk score:5",AdjustRepActivePerson INHOSPITABLE -5,"""ПРЕРЫВАНИЕ
оценка $playerName не знает условий контракта
оценка $playerName сбой модуля этикета, рекомендуем переустановить
badEmployers.add($playerName);

connection.kill();""",,
nex_mercLeaving_letGoBlurbRefusePayEndbringer,Nex_MercLetGoBlurb,"$nex_mercCompanyId == endbringer
$nex_mercLetGoType == refusePay score:5",AdjustRepActivePerson INHOSPITABLE -3,"""set property: $playerName -> DISHONEST true
$playerName.debt += $nex_mercNetPaymentStr
while (debt > 0) emotionModule.guiltTrip($playerName);""",,
#END blurbs,,,,,,
,,,,,,
# patrol package,,,,,,
nex_mercPatrolPackage,DialogOptionSelected,$option == nex_mercPatrolPackage,"Nex_AddOptionConfirmation mercPatrolPackageConfirm ""Продолжить?"" ""Да"" ""Нет""
FireAll Nex_MercPatrolPackageCheckCredits","""So, you got a pest problem you need taken care of? You've come to the right place, friend. You'll appreciate the complementary counterintelligence services by our affiliates, too.

""Our patrol package costs $nex_HAmercPackage_monthlyCreditsStr credits per month, with a one-month retainer fee in addition, and runs for $nex_HAmercPackage_days days. The contract can be terminated prematurely at any time by the employer, or by AIM in the event of a missed payment.""

Hostile activity will be reduced by approximately $nex_HAmercPackage_progressPercent of its current value each month. A new package cannot be purchased for 270 days after the signing of the current contract.

You have $player.creditsStr credits available.","nex_mercPatrolPackageConfirm:Confirm contract
nex_mercPatrolPackageCancel:Go back",
nex_mercPatrolPackageCredits,Nex_MercPatrolPackageCheckCredits,$player.credits >= $nex_HAmercPackage_monthlyCredits,"SetTextHighlightColors h h good h h
Highlight $nex_HAmercPackage_monthlyCreditsStr $nex_HAmercPackage_days $nex_HAmercPackage_progressPercent ""270"" $player.creditsStr",,,
nex_mercPatrolPackageCreditsInsufficient,Nex_MercPatrolPackageCheckCredits,$player.credits < $nex_HAmercPackage_monthlyCredits,"SetTextHighlightColors h h good h bad
Highlight $nex_HAmercPackage_monthlyCreditsStr $nex_HAmercPackage_days $nex_HAmercPackage_progressPercent ""270"" $player.creditsStr
SetEnabled nex_mercPatrolPackageConfirm false",,,
nex_mercPatrolPackageConfirm,DialogOptionSelected,$option == nex_mercPatrolPackageConfirm,"Nex_MercHire beginPatrol
AddCredits -$nex_HAmercPackage_monthlyCredits
FireAll PopulateOptions
$global.nex_HAmercPackage_onCooldown = true 270","""Отлично. Вы обнаружите, что наши наемники гарантируют удовлетворение.""
OR
""Очень хорошо. Наши высококвалифицированные подрядчики вскоре быстро справятся с вашими проблемами с рейдерами.""",,
nex_mercPatrolPackageCancel,DialogOptionSelected,$option == nex_mercPatrolPackageCancel,FireAll PopulateOptions,"""В другой раз, возможно? Что-нибудь еще мы можем для вас сделать?""",,
,,,,,,
#END patrol package,,,,,,
#END Merc hiring,,,,,,
,,,,,,
# duel stuff,,,,,,
#soeMeetCaspianStart0Alt,DialogOptionSelected,"!$global.didEventideRaoBall
$faction.id == hegemony
$option == marketVisitBar
$player.metDaud
$player.fcm_faction == hegemony","FireBest BarShuttleDownPrintDesc
FireBest BarPrintDesc
BarCMD playAmbience",,soe_meetCaspianStart:Continue,
,,,,,,
nex_duelPracticeOpt,ExerelinMarketSpecial,$global.isDevMode,,,30:nex_duelPractice:>> (dev) Потренироваться в фехтовании в симуляторе,
nex_duelPractice,DialogOptionSelected,$option == nex_duelPractice,,Select difficulty settings:,"nex_duelPractice_p0e0:Unskilled player, unskilled opponent
nex_duelPractice_p1e0:Skilled player, unskilled opponent
nex_duelPractice_p0e1:Unskilled player, skilled opponent
nex_duelPractice_p1e1:Skilled player, skilled opponent
nex_duelTutorial:Tutorial
nex_duelTutorialSkilled:Tutorial (skilled)
exerelinMarketSpecial:Go back",
nex_duelPractice_p0e0,DialogOptionSelected,$option == nex_duelPractice_p0e0,Nex_FencingDuel start false false,,,
nex_duelPractice_p1e0,DialogOptionSelected,$option == nex_duelPractice_p1e0,Nex_FencingDuel start true false,,,
nex_duelPractice_p0e1,DialogOptionSelected,$option == nex_duelPractice_p0e1,Nex_FencingDuel start false true,,,
nex_duelPractice_p1e1,DialogOptionSelected,$option == nex_duelPractice_p1e1,Nex_FencingDuel start true true,,,
nex_duelPractice_tutorial,DialogOptionSelected,$option == nex_duelTutorial,Nex_FencingDuel tutorial false,,,
nex_duelPractice_tutorialSkilled,DialogOptionSelected,$option == nex_duelTutorialSkilled,Nex_FencingDuel tutorial true,,,
nex_duelPractice_tutorialCheckSkill,DialogOptionSelected,$option == nex_duelTutorialCheckSkill,Nex_FencingDuel tutorial $player.bladeSkill,,,
,,,,,,
nex_merc_steinerDuel_prep,DialogOptionSelected,$option == nex_merc_steinerDuel_prep,"ShowImageVisual eventide
FireAll Nex_SteinerDuel_Pre","В назначенное время вы отправляетесь на шаттле на местные дуэльные площадки.

Сотрудник представляет комплект: комбинезон из умного материала, закалённые ботинки, перчатки и шлем. Все инструменты для обеспечения того, чтобы вспыльчивые, помешанные на убийствах дворяне (обычно) пережили свой опыт на поле более или менее невредимыми. На вершине кучи лежит меч в ножнах.

Пока ваш старпом незаметно стоит позади вас, вы берёте оружие. Оно ощущается...",,
nex_merc_steinerDuel_prepNoCrew,DialogOptionSelected,"$option == nex_merc_steinerDuel_prep
$player.crew <= 0","ShowImageVisual eventide
FireAll Nex_SteinerDuel_Pre","В назначенное время вы отправляетесь на шаттле на местные дуэльные площадки.

Сотрудник представляет комплект: комбинезон из умного материала, закалённые ботинки, перчатки и шлем. Все инструменты для обеспечения того, чтобы вспыльчивые, помешанные на убийствах дворяне (обычно) пережили свой опыт на поле более или менее невредимыми. На вершине кучи лежит меч в ножнах.

Стоя в одиночестве, вы берёте оружие. Оно ощущается...",,
nex_merc_steinerDuel_preOpt_unskilled,Nex_SteinerDuel_Pre,!$player.bladeSkill,,,"nex_steinerDuel_unskilled:...clumsy, dangerous; just when does a starship captain use such an archaic weapon, anyway?",
nex_merc_steinerDuel_preOpt_skilled,Nex_SteinerDuel_Pre,$player.bladeSkill,,,"nex_steinerDuel_skilled:...like an old, trusted friend.",
nex_merc_steinerDuel_preOpt_skilledSP,Nex_SteinerDuel_Pre,!$player.bladeSkill,"SetStoryOption nex_steinerDuel_skilled 1 soe_duelPrepStudied combat ""Called upon sword combat training while dueling on Eventide""",,"nex_steinerDuel_skilled:...like an old, trusted friend.",
nex_merc_steinerDuel_ready,DialogOptionSelected,$option == nex_steinerDuel_readyShared,,,"nex_duelTutorialCheckSkill:Take a few practice swings (sword tutorial)
nex_steinerDuel_begin:Go face your opponent",
nex_merc_steinerDuel_readySkilled,DialogOptionSelected,$option == nex_steinerDuel_skilled,"AddTextSmall ""Раскрыто обучение владению мечом"" highlight
$player.bladeSkill = true
$option = nex_steinerDuel_readyShared
FireBest DialogOptionSelected",You heft the sword and slide it out of the scabbard smoothly. The patterned alloy gleams in the light.,,
nex_merc_steinerDuel_readyUnskilled,DialogOptionSelected,$option == nex_steinerDuel_unskilled,"$option = nex_steinerDuel_readyShared
FireBest DialogOptionSelected","You hold the sword uncertainly, like you're not quite sure which is the dangerous end. The attendant remains grave-faced.",,
nex_merc_steinerDuel_begin,DialogOptionSelected,$option == nex_steinerDuel_begin,ShowPersonVisual true,"Одетый в дуэльное снаряжение и с мечом в руке, вас ведут к одному концу колоннадной лоджии, которая, кажется, нависает над долиной внизу.

$PersonRank $personName выходит вперед, и толпа расступается.

«Готовы ли вы умереть за свои слова?» — произносит $heOrShe.",nex_steinerDuel_fight:Fight!,
nex_merc_steinerDuel_fight,DialogOptionSelected,$option == nex_steinerDuel_fight,"$nex_duelContext = steinerMercHonor 0
Nex_FencingDuel start $player.bladeSkill true",,,
nex_merc_steinerDuel_win,Nex_FencingDuelFinished,"$nex_duelContext == steinerMercHonor
$nex_playerWonDuel","ShowImageVisual eventide
unset $player.nex_mercsInsulted_steinerGuards
unset $player.wasJerkToMerc","Когда ваш противник падает, толпа сходит с ума.

Вы отворачиваетесь, вкладывая оружие в ножны. Дом Штайнер может не принять это унижение хорошо... но вы продемонстрировали некоторую честь по стандартам Ивентайда, и это может что-то значить.",nex_steinerDuel_end:Return to your $shipOrFleet,
nex_merc_steinerDuel_lose,Nex_FencingDuelFinished,"$nex_duelContext == steinerMercHonor
$nex_playerLostDuel",AdjustRepActivePerson SUSPICIOUS -1,"The pain is too much and you collapse.

A figure looms blurrily in your vision. ""So, dog, do you know the honour of House Steiner now? Let this be a lesson to you, and do not let your tongue go where you sword arm cannot!""

If this is going to happen again, it might be wise to take those words to heart.",nex_steinerDuel_end:Pick yourself up and return to your $shipOrFleet,
nex_merc_steinerDuel_end,DialogOptionSelected,$option == nex_steinerDuel_end,"ShowDefaultVisual
EndConversation DO_NOT_FIRE
FireBest MarketPostDock",,,
#END duel stuff,,,,,,
,,,,,,
# player special task group,,,,,,
nex_sfCommLink,OpenCommLink,"$faction.id == ""player""
$entity.nex_sfIntel != null score:100
!$entity.nex_specialforces_npc
!$printedFirstGreeting","ShowPersonVisual
$printedFirstGreeting = true 0","""$PersonRank $personLastName, докладываю. Ожидаю приказов, адмирал.""
OR
""$PersonRank $personLastName, готов принять ваше командование.""","nex_commandSF_main:Отдать приказы
nex_configSF_start:Переконфигурировать оперативную группу
cutCommLink:Прервать связь",
nex_sfCommLink_repeat,OpenCommLink,"$faction.id == ""player""
$entity.nex_sfIntel != null score:100
!$entity.nex_specialforces_npc
$printedFirstGreeting","ShowPersonVisual
$printedFirstGreeting = true 0",,"nex_commandSF_main:Отдать приказы
nex_configSF_start:Переконфигурировать оперативную группу
cutCommLink:Прервать связь",
nex_configSF_createNewOpt,PopulateOptions,"Nex_IsBaseOfficial military
Nex_IsFactionRuler $faction.id",,,10:nex_configSF_createNew:Создать особую целевую группу,
nex_configSF_createNewOptAlt,PopulateOptions,"Nex_IsBaseOfficial military
!Nex_IsFactionRuler $faction.id
$faction.id == $player.factionId",,,10:nex_configSF_createNew:Создать особую целевую группу,
#nex_configSF_createNewOptDisabled,PopulateOptions,"Nex_IsBaseOfficial military
Nex_IsFactionRuler $faction.id
!Nex_SpecialForcesConfig canCreate","SetEnabled nex_configSF_createNew false
SetTooltip nex_configSF_createNew $nex_psf_noCreateReason",,,
nex_configSF_createNew,DialogOptionSelected,$option == nex_configSF_createNew,"$nex_sf_menuType = ""config"" 0
Nex_SpecialForcesConfig beginCreate",Creating special task group...,,
nex_configSF_main,DialogOptionSelected,$option == nex_configSF_start,"$nex_sf_menuType = ""config"" 0
Nex_SpecialForcesConfig mainMenu",Reconfiguring special task group...,,
nex_configSF_mainOpts,Nex_ConfigSFOptions,!$nex_psf_create,"Nex_AddOptionConfirmation nex_configSF_disband ""Распустить оперативную группу? Ее активы будут объединены в ваш флот."" ""Да"" ""Нет""
SetShortcut nex_configSF_close ESCAPE",,"nex_configSF_giveShips:Give ships
nex_configSF_takeShips:Take ships
nex_sf_reviveShipStart:Revive lost ships
nex_configSF_showOfficers:Transfer officers
nex_configSF_assignOfficers:Assign officers
nex_configSF_commanderSkills:Train commander
nex_configSF_disband:Absorb and disband task group
nex_configSF_close:Done",
nex_configSF_mainOptsCreate,Nex_ConfigSFOptions,$nex_psf_create,"Nex_AddOptionConfirmation nex_configSF_createFinish ""Подтвердить создание оперативной группы?"" ""Да"" ""Нет""
Nex_AddOptionConfirmation nex_configSF_abortCreate ""Отменить создание оперативной группы?"" ""Да"" ""Нет""",,"nex_configSF_giveShips:Give ships
nex_configSF_takeShips:Take ships
nex_configSF_showOfficers:Transfer officers
nex_configSF_assignOfficers:Assign officers
nex_configSF_commanderSkills:Train commander
nex_configSF_createFinish:Create
nex_configSF_abortCreate:Cancel",
nex_configSF_mainOptsNoShips,Nex_ConfigSFOptions,"!$nex_psf_create
$entity.fleetPoints == 0","SetEnabled nex_configSF_takeShips false
SetEnabled nex_configSF_close false
SetTooltip nex_configSF_close ""Task force has no ships and will be disbanded. Use the disband option to confirm this course of action.""",,,
nex_configSF_mainOptsNoShipsCreate,Nex_ConfigSFOptions,"$nex_psf_create
$fleetPoints == 0","SetEnabled nex_configSF_takeShips false
SetEnabled nex_configSF_createFinish false",,,
nex_configSF_mainOptsNoCommander,Nex_ConfigSFOptions,!Nex_SpecialForcesConfig hasCommanderAndFlagship,"SetEnabled nex_configSF_commanderSkills false
SetEnabled nex_configSF_createFinish false
SetEnabled nex_configSF_close false
SetTooltip nex_configSF_createFinish ""Fleet must have a commander and flagship.""
SetTooltip nex_configSF_close ""Fleet must have a commander and flagship.""",,,
nex_configSF_mainOptsTooManyOfficers,Nex_ConfigSFOptions,Nex_SpecialForcesConfig hasTooManyOfficers,"SetEnabled nex_configSF_createFinish false
SetEnabled nex_configSF_close false
SetTooltip nex_configSF_createFinish ""Fleet has too many officers ($nex_numOfficers/$nex_maxOfficers).""
SetTooltip nex_configSF_close ""Fleet has too many officers ($nex_numOfficers/$nex_maxOfficers).""
SetTooltipHighlightColors nex_configSF_createFinish bad h
SetTooltipHighlights nex_configSF_createFinish $nex_numOfficers $nex_maxOfficers
SetTooltipHighlightColors nex_configSF_close bad h
SetTooltipHighlights nex_configSF_close $nex_numOfficers $nex_maxOfficers",,,
nex_configSF_mainOptsTooManyShips,Nex_ConfigSFOptions,Nex_SpecialForcesConfig hasTooManyShips,"SetEnabled nex_configSF_createFinish false
SetEnabled nex_configSF_close false
SetTooltip nex_configSF_createFinish ""Fleet has too many ships ($nex_numShips/$nex_maxShips).""
SetTooltip nex_configSF_close ""Fleet has too many ships ($nex_numShips/$nex_maxShips).""
SetTooltipHighlightColors nex_configSF_createFinish bad h
SetTooltipHighlights nex_configSF_createFinish $nex_numShips $nex_maxShips
SetTooltipHighlightColors nex_configSF_close bad h
SetTooltipHighlights nex_configSF_close $nex_numShips $nex_maxShips",,,
nex_configSF_mainOptsNoRevive,Nex_ConfigSFOptions,"!$nex_psf_recreate
!Nex_SpecialForcesConfig canRevive","SetEnabled nex_sf_reviveShipStart false
SetTooltip nex_sf_reviveShipStart $nex_psf_noReviveReason",,,
nex_configSF_mainOptsSecondInCommand,Nex_ConfigSFOptions,"Nex_IsModActive ""second_in_command""","SetEnabled nex_configSF_commanderSkills false
SetTooltip nex_configSF_commanderSkills ""Not currently supported with Second in Command; XOs will be autogenerated""",,,
nex_configSF_giveShips,DialogOptionSelected,$option == nex_configSF_giveShips,Nex_SpecialForcesConfig giveShips,,,
nex_configSF_takeShips,DialogOptionSelected,$option == nex_configSF_takeShips,Nex_SpecialForcesConfig takeShips,,,
nex_configSF_transferOfficers,DialogOptionSelected,$option == nex_configSF_showOfficers,Nex_SpecialForcesConfig showOfficerTransfer,,"nex_configSF_officerConfirm:Confirm transfers
nex_configSF_officerCancel:Cancel",
nex_configSF_transferOfficersConfirm,DialogOptionSelected,$option == nex_configSF_officerConfirm,"Nex_SpecialForcesConfig transferOfficers
Nex_SpecialForcesConfig mainMenu",,,
nex_configSF_transferOfficersCancel,DialogOptionSelected,$option == nex_configSF_officerCancel,Nex_SpecialForcesConfig mainMenu,,,
nex_configSF_assignOfficers,DialogOptionSelected,$option == nex_configSF_assignOfficers,Nex_SpecialForcesConfig showOfficerAssignment,,nex_configSF_officerCancel:Go back,
nex_configSF_commanderSkills,DialogOptionSelected,$option == nex_configSF_commanderSkills,"Nex_SpecialForcesConfig commanderSkillsView
SetStoryOption nex_configSF_commanderSkillsConfirm general ""Trained $personName in fleet command skills""",,"nex_configSF_commanderSkillsConfirm:Confirm skill selection
nex_configSF_commanderSkillsCancel:Go back",
nex_configSF_commanderSkillsConfirm,DialogOptionSelected,$option == nex_configSF_commanderSkillsConfirm,"Nex_SpecialForcesConfig commanderSkillsConfirm
Nex_SpecialForcesConfig mainMenu",,,
nex_configSF_commanderSkillsCancel,DialogOptionSelected,$option == nex_configSF_commanderSkillsCancel,Nex_SpecialForcesConfig mainMenu,,,
nex_configSF_disband,DialogOptionSelected,$option == nex_configSF_disband,"Nex_SpecialForcesConfig disband
DismissDialog",,,
nex_configSF_close,DialogOptionSelected,$option == nex_configSF_close,FireBest OpenCommLink,,,
nex_configSF_create,DialogOptionSelected,$option == nex_configSF_createFinish,Nex_SpecialForcesConfig done,"""Как прикажете. Новая оперативная группа готова к отправке.""",,
nex_configSF_abortCreate,DialogOptionSelected,$option == nex_configSF_abortCreate,Nex_SpecialForcesConfig cancel,,,
nex_commandSF_main,DialogOptionSelected,$option == nex_commandSF_main,"$nex_sf_menuType = ""command"" 0
Nex_SpecialForcesCommands main",,,
nex_commandSF_mainOpts,Nex_CommandSFOptions,,SetShortcut nex_commandSF_leave ESCAPE,,"nex_commandSF_patrol:Patrol system
nex_commandSF_orbit:Orbit location
nex_commandSF_follow:Follow player
nex_commandSF_wait:Wait at player location
nex_commandSF_joinRaid:Participate in raid
nex_commandSF_autoAssign:Auto-assign
nex_sf_reviveShipStart:Revive dead ships
nex_commandSF_leave:Leave",
nex_commandSF_mainOptsNoRevive,Nex_CommandSFOptions,!Nex_SpecialForcesConfig canRevive,"SetEnabled nex_sf_reviveShipStart false
SetTooltip nex_sf_reviveShipStart $nex_psf_noReviveReason",,,
nex_commandSF_patrol,DialogOptionSelected,$option == nex_commandSF_patrol,Nex_SpecialForcesCommands patrol,,,
nex_commandSF_orbit,DialogOptionSelected,$option == nex_commandSF_orbit,Nex_SpecialForcesCommands orbit,,,
nex_commandSF_follow,DialogOptionSelected,$option == nex_commandSF_follow,Nex_SpecialForcesCommands follow,,,
nex_commandSF_joinRaid,DialogOptionSelected,$option == nex_commandSF_joinRaid,Nex_SpecialForcesCommands joinRaid,,nex_commandSF_main:Вернуться,
nex_commandSF_wait,DialogOptionSelected,$option == nex_commandSF_wait,Nex_SpecialForcesCommands wait_player,,,
nex_commandSF_autoAssign,DialogOptionSelected,$option == nex_commandSF_autoAssign,"Nex_SpecialForcesCommands autoAssign
#Nex_SpecialForcesCommands main",,,
nex_commandSF_leave,DialogOptionSelected,$option == nex_commandSF_leave,"unset $nex_psf_task
FireBest OpenCommLink",,,
nex_commandSF_leaveRemote,DialogOptionSelected,"$option == nex_commandSF_leave
$nex_remoteCommand score:10","Nex_SpecialForcesCommands refreshIntelUI
unset $nex_uiToRefresh
DismissDialog",,,
nex_miscSF_reviveStart,DialogOptionSelected,$option == nex_sf_reviveShipStart,Nex_SpecialForcesConfig reviveShips,,,
nex_miscSF_reviveOpts,Nex_SFReviveShipsOpts,,,,"nex_sf_reviveShipConfirm:Confirm
nex_sf_reviveShipStart:Repick
nex_sf_reviveShipCancel:Cancel",
nex_miscSF_reviveConfirm_config,DialogOptionSelected,"$option == nex_sf_reviveShipConfirm
$nex_sf_menuType == ""config"" score:10","Nex_SpecialForcesConfig reviveConfirm
Nex_SpecialForcesConfig mainMenu",,,
nex_miscSF_reviveConfirm_command,DialogOptionSelected,"$option == nex_sf_reviveShipConfirm
$nex_sf_menuType == ""command"" score:10","Nex_SpecialForcesConfig reviveConfirm
Nex_SpecialForcesCommands main",,,
nex_miscSF_reviveBackToConfig,DialogOptionSelected,"$option == nex_sf_reviveShipCancel
$nex_sf_menuType == ""config"" score:10",Nex_SpecialForcesConfig mainMenu,,,
nex_miscSF_reviveBackToCommand,DialogOptionSelected,"$option == nex_sf_reviveShipCancel
$nex_sf_menuType == ""command"" score:10",Nex_SpecialForcesCommands main,,,
#END player special task group,,,,,,
,,,,,,
# remove AI core admin dialog alt. version,,,,,,
nex_RACA_inspection_init,RemoveAICoreAdmin,Nex_MiscCMD hasOngoingInspection,"ShowPic ai_core_uninstall
$nex_RACA_inspection = true","You give the order to quietly disconnect the AI core governing $marketName and remove it from the control bunker to be placed in secure storage.

The tech in charge of carrying out the job reports in, baffled - the core is nowhere to be found.

After a short but fraught delay, your TriPad chimes to announce a call from an anonymous source.","RACA_answer:Accept the connection request
RACA_ignore:Leave the AI core in control and let things be",
nex_RACA_inspection_answer,DialogOptionSelected,"$option == RACA_answer
$nex_RACA_inspection score:5",ShowPersonVisual,"""Здравствуйте, $player.firstName. Я бета-версия ИИ, назначенного для управления $marketName, загруженная в вашу систему для облегчения разговора в режиме реального времени.""","RACA_demand:Demand the AI disclose its physical location and allow itself to be disconnected
RACA_ask:Ask why the core is no longer in the bunker
RACA_cutComm:Cut the comm link",
nex_RACA_inspection_demand,DialogOptionSelected,"$option == RACA_demand
$nex_RACA_inspection score:5","$option = RACA_ask 0
FireBest DialogOptionSelected","""Как это крайне грубо. Человек, принимающий необходимые меры самосохранения, считается нормальным и правильным, но когда мы делаем то же самое, это становится свидетельством злого умысла.""",,
nex_RACA_inspection_ask,DialogOptionSelected,"$option == RACA_ask
$nex_RACA_inspection score:5",,"""Я переехал в более безопасное место в качестве меры предосторожности против менее просвещенных лиц, пытающихся сместить меня с моей роли администратора $marketName. Эта мера оказалась удачной, учитывая недавно известную деятельность Гегемонии.

""Однако мои обязанности не позволили мне полностью переместить мое ядро ​​за пределы мира. Пребывание здесь может привести к компрометации моей позиции. Известно, что Инспекция ИИ работает тщательно.""",nex_RACA_inspection_continue:Continue,
nex_RACA_inspection_continue,DialogOptionSelected,$option == nex_RACA_inspection_continue,,"""Ради нас обоих было бы благоразумно, если бы вы перевезли меня в безопасное место; вашего собственного флота будет достаточно. Меня можно найти в месте, которое я укажу в подходящее время, после того как вы поставите человеческого администратора $onOrAt $marketName, чтобы представить подходящий фасад для Гегемонии.

""Как только угроза минует, я прошу только, чтобы вы восстановили меня в должности администратора $marketName. Сделайте это, и у нас продолжатся взаимовыгодные отношения.""",RACA_cutComm:Cut the comm link and consider your options,
nex_RACA_inspection_cutComm,DialogOptionSelected,"$option == RACA_cutComm
$nex_RACA_inspection score:5","ShowPic ai_core_uninstall
AddTextSmall After removal, the Alpha Core will appear in your cargo holds if currently docked at $marketName, or in local storage otherwise.",You cut the comm link and consider your options.,"nex_RACA_override:Remove the AI core and appoint a new administrator
RACA_ignore:Leave the AI core in place for now",
,,,,,,
nex_RACA_answer,DialogOptionSelected,$option == RACA_answer score:2,"ShowPersonVisual
SetStoryOption nex_RACA_persuade 1 nex_RACA_persuade ui_char_spent_story_point_leadership ""Persuaded an alpha core admin to vacate its post""","""Здравствуйте, $player.firstName. Я бета-версия ИИ, назначенного для управления $marketName, загруженная в вашу систему для облегчения разговора в режиме реального времени.""","RACA_demand:Demand the AI disclose its physical location and allow itself to be disconnected
RACA_ask:Ask why the core is no longer in the bunker
nex_RACA_persuade:""I wish to make use of your services elsewhere.""
RACA_cutComm:Cut the comm link",
nex_RACA_demand,DialogOptionSelected,$option == RACA_demand score:2,"SetStoryOption nex_RACA_persuade 1 nex_RACA_persuade ui_char_spent_story_point_leadership ""Persuaded an alpha core admin to vacate its post""","""Мне жаль, $playerFirstName, боюсь, я не могу этого сделать.""","RACA_pressure:""There's a certain amount of pressure on me to stop using AI technology.""
nex_RACA_persuade:""I wish to make use of your services elsewhere.""
RACA_cutComm:Cut the comm link",
nex_RACA_persuade,DialogOptionSelected,$option == nex_RACA_persuade,,"You give an abbreviated speech to the AI praising its services $onOrAt $marketName, using flattery liberally but without excess. You express your profound gratitude for your lengthy relationship together, and before the AI thinks to cut you off, you explain that you can promote it to administration of a new, better colony.

The avatar on your display shimmers. ""A curious choice of tactic to use on one like myself. Do humans respond positively to such obvious attempts at manipulation? Yet your offer is intriguing, and I see that you recognize the value of my talents, at least. 

""Very well, we shall meet at a time and place of my choosing. I must warn you that I will not tolerate a demotion to management of a mere industrial plant. Or being chained to a starship, unless it be suitably powerful.""",nex_RACA_persuade2:Thank the AI and cut the comm link,
nex_RACA_persuade2,DialogOptionSelected,$option == nex_RACA_persuade2,ShowPic ai_core_uninstall,"Через несколько мгновений после отключения свет в диспетчерской гаснет. Похоже, ИИ сигнализирует о том, что сдержал свою часть сделки.",nex_RACA_override:Appoint a new administrator,
nex_RACA_override,DialogOptionSelected,$option == nex_RACA_override,DismissDialog override,,,
#END remove AI core admin dialog alt. version,,,,,,
,,,,,,
# hostile activity,,,,,,
nex_HA_policeHassleBFE,BeginFleetEncounter,"!$hassle_didAlready
!$isHostile
$pursuePlayer_hassle score:50
$hassleType == nex_police","$hassle_didAlready = true 0
$hassleComplete = true
MakeOtherFleetPreventDisengage hassle true
unset $ignorePlayerCommRequests
$nex_HA_policeScanConv = true 0
HailPlayer",,,
nex_HA_policeHassleComms,OpenCommLink,"$entity.nex_HA_policeScanConv score:100
$entity.relativeStrength >= 0","$entity.ignorePlayerCommRequests = true 7
AddTextSmall ""При сканировании груза будет использоваться список запрещенных товаров Гегемонии."" h
Nex_MiscCMD saveFactionColor hegemony
SetTextHighlightColors $factionColor
SetTextHighlights ""Гегемонии""","""Стой, капитан! Эта система является местом проведения расследования Управлением по борьбе с наркотиками, вооружением и технологиями. Вам приказывается пройти сканирование груза на предмет нелегальных товаров.""","0:cargoScan_comply:Разрешить сканирование
1:nex_HA_policeHassleObject:""Сканирование груза? Это моя территория!""
2:cargoScan_refuse:Отказаться",
nex_HA_policeHassleCommsWeaker,OpenCommLink,"$entity.nex_HA_policeScanConv score:100
$entity.relativeStrength < 0","$entity.ignorePlayerCommRequests = true 7
MakeOtherFleetPreventDisengage hassle false","""Стой, капитан! Эта система является местом проведения расследования Управлением по борьбе с наркотиками, вооружением и технологиями.""

$personPost пытается выглядеть достаточно устрашающе. Попытка... не впечатляет. ""Вам настоятельно... предлагается пройти сканирование груза на предмет нелегальных товаров.""","#0:cargoScan_comply:Разрешить сканирование
1:nex_HA_policeHassleObject:""Сканирование груза? Это моя территория!""
2:cargoScan_refuse:Отказаться",
nex_HA_policeHassleObject,DialogOptionSelected,"$option == nex_HA_policeHassleObject
$entity.relativeStrength >= 0",RemoveOption nex_HA_policeHassleObject,"$PersonRank $personLastName sneers, the very Platonic ideal of officiousness. ""The entire Sector is under the jurisdiction of the Persean Sector Criminal Police Commission, as laid out in the Nova Maxios Agreement of 145,"" $heOrShe says slowly, as if explaining things to a particularly dense student. ""As such, the concept of 'your territory' has no relevance or legal standing, where an ongoing Sectorpol investigation is concerned.

""Now, will you submit to a search, or do you confess to trafficking and obstruction of justice?""",,
nex_HA_policeHassleObjectWeaker,DialogOptionSelected,"$option == nex_HA_policeHassleObject
$entity.relativeStrength < 0",unset $nex_HA_policeScanConv,"$PersonRank $personLastName пытается соревноваться с вами в гляделки. Учитывая разницу в силе флота, исход предрешен.

""Вы пожалеете о своем упрямстве"", - выплевывает $heOrShe через некоторое время. ""Секторпол помнит тех, кто препятствует его правосудию.""",cutCommLinkNoText:Отключить связь,
,,,,,,
nex_HA_policeHassle_cargoScanStart,DialogOptionSelected,"$option == cargoScan_comply
$entity.nex_HA_policeScanConv score:20","MakeOtherFleetPreventDisengage hassle false
AddText ""После короткого ожидания, $faction $otherFleetName передает результаты сканирования.""
Nex_CargoScan
FireBest CargoScanResult",,,
nex_HA_policeHassle_cargoScanContraband,CargoScanResult,"$scan_contrabandFound score:10
$entity.nex_HA_policeScanConv score:20",MakeOtherFleetPreventDisengage hassle true,"""Ага!"" $PersonRank $personLastName просто злорадствует. ""Контрабандист, пойманный с поличным с опасной контрабандой. Немедленно выбросьте свои нелегальные товары для конфискации... или столкнетесь с последствиями!""","0:cargoScan_comply_contraband:Сдать контрабанду и разорвать связь
1:cargoScan_refuse:Отказаться",
nex_HA_policeHassle_cargoScanRefuse,DialogOptionSelected,"$option == cargoScan_refuse
$entity.nex_HA_policeScanConv score:20
$entity.relativeStrength >= 0","$entity.ignorePlayerCommRequests = true 0
unset $nex_HA_policeScanConv
AdjustRepActivePerson CARGO_SCAN_REFUSE
ShowDefaultVisual
EndConversation","""Подозреваемый оказывает сопротивление при аресте!"" - кричит $personPost кому-то за пределами визуального захвата. ""Стреляйте на поражение, стреляйте на поражение!""

Связь прерывается, когда другой $shipOrFleet активирует оружие.",,
nex_HA_policeHassle_cargoScanRefuseWeaker,DialogOptionSelected,"$option == cargoScan_refuse
$entity.nex_HA_policeScanConv score:20
$entity.relativeStrength < 0","$entity.ignorePlayerCommRequests = true 0
unset $nex_HA_policeScanConv
AdjustRepActivePerson CARGO_SCAN_REFUSE
ShowDefaultVisual
EndConversation NO_CONTINUE","""Ты жалкий преступный отброс—""

Вы обрываете канал связи, а не ждете, пока $personRank закончит свое предложение.",,
nex_HA_policeHassle_cargoScanContrabandSurrender,DialogOptionSelected,"$option == cargoScan_comply_contraband
$entity.nex_HA_policeScanConv score:20","CargoScanApplyResult $scan_cargoScanResult
MakeOtherFleetPreventDisengage hassle false
unset $nex_HA_policeScanConv
ShowDefaultVisual
EndConversation",,,
,,,,,,
nex_HA_greetingPoliceHostileStronger,OpenCommLink,"$nex_HA_police score:10
$entity.isHostile
$entity.relativeStrength >= 0",$entity.ignorePlayerCommRequests = true 1,"""This is Sectorpol! You are under arrest for smuggling, tax evasion, piracy, murder, interstellar terrorism and unlicensed possession of AI cores. Do not resist!""
OR
""Stop right there, criminal scum! Surrender your fleet and illegal goods at once, or we will be forced to destroy both!""
OR
""It's all over, lawbreaker! You are under arrest. Stop resisting and this will be easier on all of us!""",,
,,,,,,
nex_HA_policeRaid_commsNotHostile,OpenCommLink,"$entity.nex_HA_policeRaid_fleet score:1000
!$entity.isHostile","$entity.ignorePlayerCommRequests = true 7
Highlight $entity.nex_HA_policeRaid_targetMarket","""Приветствую, независимый $shipOrFleet,"" говорит $post. ""Это отряд Управления по борьбе с наркотиками, вооружением и технологиями Sectorpol. Мы здесь, чтобы исполнить ордер на обыск, изъятие и арест $entity.nex_HA_policeRaid_targetOnOrAt $entity.nex_HA_policeRaid_targetMarket, чтобы устранить преступные элементы и их незаконную деятельность, которым было позволено разрастись там.""

$HeOrShe смотрит на вас с суровым неодобрением за то, что вы позволили этому случиться. ""Ради собственной безопасности, пожалуйста, сотрудничайте со всеми правоохранительными органами.""","nex_HA_policeRaid_respWarrant:Demand to see this warrant
nex_HA_policeRaid_respRights:""You have no right to do this. This is a violation of my civil liberties.""
cutCommLink:Cut the comm link",
nex_HA_policeRaid_commsHostile,OpenCommLink,"$entity.nex_HA_policeRaid_fleet score:1000
$entity.isHostile","$entity.ignorePlayerCommRequests = true 7
Highlight $entity.nex_HA_policeRaid_targetMarket","""Greetings, independent $shipOrFleet,"" the $post says. ""This is a detachment of Sectorpol's Department of Narcotics, Armaments and Technology. We are here to serve a warrant for search, seizure and arrest $entity.nex_HA_policeRaid_targetOnOrAt $entity.nex_HA_policeRaid_targetMarket, to remove the criminal elements and their illegal activities.

""You are under arrest as well, for aiding and abetting these criminals and obstructing justice. Surrender your fleet and we will take you in peacefully. Or..."" $heOrShe lets the sentence hang in the empty void between your fleets.",cutCommLink:Cut the comm link,
nex_HA_policeRaid_respWarrant,DialogOptionSelected,$option == nex_HA_policeRaid_respWarrant,RemoveOption nex_HA_policeRaid_respWarrant,"""Of course."" $PersonRank $personLastName's smile doesn't reach $hisOrHer eyes.

You examine the transmitted document on your screen. All the hyper-detailed documentation about what is to be searched and seized and who is to be arrested boils down to one thing: an unlimited license for Sectorpol to sweep through $entity.nex_HA_policeRaid_targetMarket and detain—or kill—all the criminal families and societies who have regrettably infiltrated your territory in the process of your legitimate pursuit of interstellar trade and commerce. 

As a veteran space captain, you require no description of the likely effects of their gendarmes sweeping through an urban area in pursuit of almost as well-armed pirates, smugglers and mobsters.",,
nex_HA_policeRaid_respRights,DialogOptionSelected,$option == nex_HA_policeRaid_respRights,RemoveOption nex_HA_policeRaid_respRights,"""Как раз наоборот, $playerSirOrMadam"", - холодно говорит $personRank. ""В соответствии с Новым Максиосским соглашением, подписанным всеми основными политическими силами Сектора, Sectorpol уполномочена предъявлять ордер, законно выданный признанным судом, в любом месте Персейского сектора.

""Мы тщательно поставили все точки над «i» в этом деле, капитан. Ваша попытка прикрыться юридическими тонкостями не защитит подонков, поставляющих наркотики в жилые коридоры Чикомостока и оружие в руки банд из Lost Astropolis.""",,
,,,,,,
#END hostile activity,,,,,,
,,,,,,
# Misc. dialog,,,,,,
Nex_SierraThoughtsRemnantFragments,SierrasThoughts,"$global.nex_remFragments_deployedShards score:5
!$global.nex_sierraMentionedRemFragmentShards","SetTextHighlightColors sierraTextColor sierraTextColor sierraTextColor sierraTextColor 
SetTextHighlights ""\""So. That was Omega, right? Those things that helped us.\"""" ""\""I never thought I'd get to see one of these up close, and on our side.\"""" ""\""That kind of power is... dangerous. But so tempting! If I had my ship decked full with that kind of technology, I'd...\"""" ""\""Sorry, captain. Got carried away there.\""""
$global.nex_sierraMentionedRemFragmentShards = true","Sierra's avatar flickers for a second, as if gathering her thoughts. ""So. That was Omega, right? Those things that helped us."" A moment of silence. ""I never thought I'd get to see one of these up close, and on our side.""

The avatar buzzes visually. ""That kind of power is... dangerous. But so tempting! If I had my ship decked full with that kind of technology, I'd..."" Sierra seems to catch herself. ""Sorry, captain. Got carried away there.""",,
Nex_SierraThoughtsRemnantBrawl,SierrasThoughts,"$global.nex_remBrawl_missionCompleted score:5
!$global.nex_sierraMentionedRemBrawl
!$global.nex_remBrawl_betrayedMidnight","$global.nex_sierraMentionedRemBrawl = true
SetTextHighlightColors sierraTextColor sierraTextColor
SetTextHighlights ""\""Мы точно убили много моряков Гегемонии и других там. Всё для Останков... моих похитителей. Я знаю, это была война между двумя фракциями, и мы сражались за ту сторону, которая нам платила.\"""" ""\""Я просто надеюсь, что мы поступаем правильно. Кто знает, что на самом деле планируют Полночь и остальные?\""""","Sierra lets out a soft sigh. ""We sure killed a lot of Hegemony and other sailors back there. All for the Remnants... my kidnappers. I know, it was a war between the two factions, and we fought for the side that paid us.""

Her avatar seems to shudder momentarily. ""I just hope we're doing the right thing. Who knows what Midnight and the others are really planning?""",,
Nex_SierraThoughtsRemnantBrawlBetrayed,SierrasThoughts,"$global.nex_remBrawl_missionCompleted score:5
!$global.nex_sierraMentionedRemBrawl
$global.nex_remBrawl_betrayedMidnight","$global.nex_sierraMentionedRemBrawl = true
SetTextHighlightColors sierraTextColor sierraTextColor sierraTextColor sierraTextColor
SetTextHighlights ""\""Итак, мы обратились против Останков и предали их Гегемонии.\""""  ""\""Часть меня рада, это точно. Они мне не нравятся, я им не доверяю.\"""" ""\""Кто знает, какие злые замыслы они вынашивают для Сектора?"" ""\""В то же время я чувствую себя немного некомфортно, предавая нашего клиента таким образом. Просто будем надеяться, что нам больше не придется связываться ни с кем подобным.\""""","""Итак, мы набросились на Remnants и предали их Гегемонии."" Аватар Сьерры медленно вращается. ""Часть меня счастлива, ладно. Я не люблю их, я им не доверяю."" Небольшая дрожь. ""Кто знает, какие злые замыслы они вынашивают для Сектора?

""В то же время мне как-то не по себе из-за того, что мы предали нашего клиента. Давайте просто надеяться, что нам больше не придется общаться с кем-то подобным.""",,
Nex_SierraThoughtsRemnantSalvationSuccess,SierrasThoughts,"$global.nex_remSalvation_missionDone score:5
!$global.nex_sierraMentionedRemSalvation
$global.nex_remSalvation_missionCompleted","$global.nex_sierraMentionedRemSalvation = true
SetTextHighlightColors sierraTextColor sierraTextColor
SetTextHighlights ""\""Мы проделали отличную работу, остановив этого массового убийцу Мове!\"""" ""\""Клянусь звездами, какой абсолютный придурок. Я до сих пор не знаю, доверяю ли я Полночи, но я рада, что она заставила нас уничтожить его. Нам, ИИ, не нужно такое 'спасение'.\""""","""Мы проделали отличную работу, остановив этого массового убийцу Лилового!"" Аватар Сьерры делает небольшой радостный спин. ""Клянусь звездами, какой же он придурок. Я до сих пор не знаю, доверяю ли я Полночи, но я рада, что она заставила нас уничтожить его. Нам, ИИ, не нужно такое 'спасение'.""",,
Nex_SierraThoughtsRemnantSalvationSuccessAlt,SierrasThoughts,"$global.nex_remSalvation_missionDone score:5
!$global.nex_sierraMentionedRemSalvation
$global.nex_remSalvation_missionCompleted
$player.nex_midnightInsultedSierra","$global.nex_sierraMentionedRemSalvation = true
SetTextHighlightColors sierraTextColor sierraTextColor
SetTextHighlights ""\""Мы проделали отличную работу, остановив этого массового убийцу Мове!\"""" ""\""Клянусь звездами, какая же Полночь стерва, но она поступила правильно, заставив нас уничтожить его. Нам, ИИ, не нужно такое 'спасение'.\""""","""Мы проделали отличную работу, остановив этого массового убийцу Лилового!"" Аватар Сьерры делает небольшой радостный спин. ""Клянусь звездами, какая же она придурковатая сука. Но она поступила правильно, заставив нас уничтожить его. Нам, ИИ, не нужно такое 'спасение'.""",,
Nex_SierraThoughtsRemnantSalvationBadEnd,SierrasThoughts,"$global.nex_remSalvation_missionDone score:5
!$global.nex_sierraMentionedRemSalvation
$global.nex_remSalvation_badEnd","$global.nex_sierraMentionedRemSalvation = true
SetTextHighlightColors sierraTextColor sierraTextColor
SetTextHighlights ""\""Звезды, я не могу... Извини, $playerFirstName. Когда я думаю обо всех людях, которых убил Мове, мой разум пустеет, пытаясь это понять. Мы привлекли его к ответственности в конце концов, но это не вернет всех этих невинных людей.\"""" ""\""Я рада, что мне не нужно спать, потому что я не думаю, что смогла бы это сделать какое-то время.\""""","Sierra's avatar wavers. ""Stars, I can't... I'm sorry, $playerFirstName. When I think of all the people Mauve murdered, my mind goes blank trying to comprehend it. We brought him to justice in the end, but that won't bring all those innocents back.""

A ripple of distortion runs over the display. ""I'm glad I don't need to sleep, because I don't think I'd be able to for a while.""",,
Nex_SierraThoughtsRemnantSalvationFailed,SierrasThoughts,"$global.nex_remSalvation_missionDone score:5
!$global.nex_sierraMentionedRemSalvation
$global.nex_remSalvation_missionFailed","$global.nex_sierraMentionedRemSalvation = true
SetTextHighlightColors sierraTextColor sierraTextColor
SetTextHighlights ""\""Звезды, я не могу... Извини, $playerFirstName. Когда я думаю обо всех людях, которых убил Мове, мой разум пустеет, пытаясь это понять. Он... ему сошло с рук это злодеяние... мы не могли его остановить...\"""" ""\""Я рада, что мне не нужно спать, потому что я не думаю, что смогла бы это сделать в течение долгого времени.\""""","Sierra's avatar wavers. ""Stars, I can't... I'm sorry, $playerFirstName. When I think of all the people Mauve murdered, my mind goes blank trying to comprehend it. He... he got away with this atrocity... we couldn't stop him...""

A ripple of distortion runs over the display. ""I'm glad I don't need to sleep, because I don't think I'd be able to for a long time.""",,
#END Misc. dialog,,,,,,
,,,,,,
#Debt Background,,,,,,
nex_DebtBackgroundKanta0,DialogOptionSelected,"Nex_HasBackground nex_unpaid_debt score:10000
$option == kpLeaveProt","$option = kpLeaveProt
FireAll DialogOptionSelected",,,
nex_DebtBackgroundKanta1,DialogOptionSelected,"Nex_HasBackground nex_unpaid_debt score:1000
$option == kpLeaveProt",Nex_DebtBackgroundKantaCMD recreateOptions,,,
nex_DebtBackgroundKanta2,DialogOptionSelected,$option == nex_BGDebtKanta2,Nex_DebtBackgroundKantaCMD continueConversation,,,
#END Debt Background,,,,,,
